created_at,status,trajectory,integrator,ns,solver_gamma,drift_gain,task_gain,activation_power,noise_profile,duration,tau,exit_code,runtime_wall_s,summary_path,log_path,mean_position_error_m,final_position_error_m,max_position_error_m,final_joint_drift_norm_rad,max_joint_drift_rad,mean_task_residual,final_task_residual,mean_solver_residual,final_solver_residual,min_boundary_slack,runtime_s,avg_step_time_s,joint_drift_table,source
2026-05-15T06:53:16,fully_completed,small_circle,euler,40,4096.0,60.0,340.0,0.75,clean,10.0,0.005,0,188.237,C:\Users\lyx\Desktop\sci\experiments\solver_comparison_integration\project_tvqp_euler_ns40_trajectory_live_opt\results\round1_clean_live_10s\small_circle__euler__ns40__g4096p0__d60p0__t340p0__p0p75__noiseclean\single\small_circle\method2_dlccznn\live\method2_dlccznn_live_with_fb_summary.json,C:\Users\lyx\Desktop\sci\experiments\solver_comparison_integration\project_tvqp_euler_ns40_trajectory_live_opt\results\round1_clean_live_10s\small_circle__euler__ns40__g4096p0__d60p0__t340p0__p0p75__noiseclean\case.log,0.00041456824226550587,0.000404209841790486,0.0005688611575477895,0.0011073654584453894,0.0010067224502563477,0.020771741184388712,0.000717954806408436,0.04797465028605967,0.02648152801588154,1.7400849080646872,183.9954645000107,0.09199773225000536,"[{""joint"": ""theta_1"", ""initial_rad"": 5.264197625365341e-06, ""final_rad"": 0.0003728998126462102, ""delta_rad"": 0.00036763561502084485}, {""joint"": ""theta_2"", ""initial_rad"": -1.5705363750457764, ""final_rad"": -1.56952965259552, ""delta_rad"": 0.0010067224502563477}, {""joint"": ""theta_3"", ""initial_rad"": 1.5707963705062866, ""final_rad"": 1.5709847211837769, ""delta_rad"": 0.00018835067749023438}, {""joint"": ""theta_4"", ""initial_rad"": 0.00039827972068451345, ""final_rad"": 0.0004959471989423037, ""delta_rad"": 9.766747825779021e-05}, {""joint"": ""theta_5"", ""initial_rad"": 1.5707706212997437, ""final_rad"": 1.5706146955490112, ""delta_rad"": -0.00015592575073242188}, {""joint"": ""theta_6"", ""initial_rad"": 1.2256862191861728e-13, ""final_rad"": -9.101905015995726e-05, ""delta_rad"": -9.101905028252588e-05}]",round1_clean_live_10s
2026-05-15T06:56:24,fully_completed,small_circle,euler,40,4096.0,80.0,340.0,0.75,clean,10.0,0.005,0,188.448,C:\Users\lyx\Desktop\sci\experiments\solver_comparison_integration\project_tvqp_euler_ns40_trajectory_live_opt\results\round1_clean_live_10s\small_circle__euler__ns40__g4096p0__d80p0__t340p0__p0p75__noiseclean\single\small_circle\method2_dlccznn\live\method2_dlccznn_live_with_fb_summary.json,C:\Users\lyx\Desktop\sci\experiments\solver_comparison_integration\project_tvqp_euler_ns40_trajectory_live_opt\results\round1_clean_live_10s\small_circle__euler__ns40__g4096p0__d80p0__t340p0__p0p75__noiseclean\case.log,0.0004210007388465007,0.00041551330741153053,0.0008893696139959046,0.0011789415157325387,0.0010341405868530273,0.030252924301793334,0.004019881814847108,0.06341291681136932,0.025210376706993016,1.4926655707254526,184.35576960002072,0.09217788480001037,"[{""joint"": ""theta_1"", ""initial_rad"": 5.26419717061799e-06, ""final_rad"": 0.0003836245450656861, ""delta_rad"": 0.0003783603478950681}, {""joint"": ""theta_2"", ""initial_rad"": -1.5705363750457764, ""final_rad"": -1.5695022344589233, ""delta_rad"": 0.0010341405868530273}, {""joint"": ""theta_3"", ""initial_rad"": 1.5707963705062866, ""final_rad"": 1.5710408687591553, ""delta_rad"": 0.00024449825286865234}, {""joint"": ""theta_4"", ""initial_rad"": 0.00039827972068451345, ""final_rad"": 0.00029715034179389477, ""delta_rad"": -0.00010112937889061868}, {""joint"": ""theta_5"", ""initial_rad"": 1.5707706212997437, ""final_rad"": 1.5706126689910889, ""delta_rad"": -0.00015795230865478516}, {""joint"": ""theta_6"", ""initial_rad"": 1.567634910770721e-13, ""final_rad"": -0.0002869569871108979, ""delta_rad"": -0.0002869569872676614}]",round1_clean_live_10s
2026-05-15T06:59:32,fully_completed,small_circle,euler,40,4096.0,60.0,380.0,0.75,clean,10.0,0.005,0,187.581,C:\Users\lyx\Desktop\sci\experiments\solver_comparison_integration\project_tvqp_euler_ns40_trajectory_live_opt\results\round1_clean_live_10s\small_circle__euler__ns40__g4096p0__d60p0__t380p0__p0p75__noiseclean\single\small_circle\method2_dlccznn\live\method2_dlccznn_live_with_fb_summary.json,C:\Users\lyx\Desktop\sci\experiments\solver_comparison_integration\project_tvqp_euler_ns40_trajectory_live_opt\results\round1_clean_live_10s\small_circle__euler__ns40__g4096p0__d60p0__t380p0__p0p75__noiseclean\case.log,0.00040639061735401363,0.0003986602900025478,0.0006467673171679037,0.0010926845588152172,0.0009942054748535156,0.02109880333078631,0.0006975713957160936,0.04894817902880952,0.02615002254372402,1.6599011796578285,183.50799959999858,0.09175399979999929,"[{""joint"": ""theta_1"", ""initial_rad"": 5.26419717061799e-06, ""final_rad"": 0.00037171063013374805, ""delta_rad"": 0.00036644643296313006}, {""joint"": ""theta_2"", ""initial_rad"": -1.5705363750457764, ""final_rad"": -1.5695421695709229, ""delta_rad"": 0.0009942054748535156}, {""joint"": ""theta_3"", ""initial_rad"": 1.5707963705062866, ""final_rad"": 1.570976972579956, ""delta_rad"": 0.0001806020736694336}, {""joint"": ""theta_4"", ""initial_rad"": 0.00039827972068451345, ""final_rad"": 0.0005040726391598582, ""delta_rad"": 0.00010579291847534478}, {""joint"": ""theta_5"", ""initial_rad"": 1.5707706212997437, ""final_rad"": 1.5706148147583008, ""delta_rad"": -0.0001558065414428711}, {""joint"": ""theta_6"", ""initial_rad"": 4.2010839251815923e-13, ""final_rad"": -5.6099033827194944e-05, ""delta_rad"": -5.6099034247303337e-05}]",round1_clean_live_10s
2026-05-15T07:02:40,fully_completed,small_circle,euler,40,4608.0,60.0,340.0,0.75,clean,10.0,0.005,0,187.180,C:\Users\lyx\Desktop\sci\experiments\solver_comparison_integration\project_tvqp_euler_ns40_trajectory_live_opt\results\round1_clean_live_10s\small_circle__euler__ns40__g4608p0__d60p0__t340p0__p0p75__noiseclean\single\small_circle\method2_dlccznn\live\method2_dlccznn_live_with_fb_summary.json,C:\Users\lyx\Desktop\sci\experiments\solver_comparison_integration\project_tvqp_euler_ns40_trajectory_live_opt\results\round1_clean_live_10s\small_circle__euler__ns40__g4608p0__d60p0__t340p0__p0p75__noiseclean\case.log,0.0004167431953329407,0.00041451124054696923,0.0006896884094740889,0.0011392033741891474,0.0010406970977783203,0.022034227214765535,0.003740189684134732,0.05264962652699486,0.014922286700745193,1.4800930073394272,183.31860269999015,0.09165930134999507,"[{""joint"": ""theta_1"", ""initial_rad"": 5.26419717061799e-06, ""final_rad"": 0.0003764882276300341, ""delta_rad"": 0.0003712240304594161}, {""joint"": ""theta_2"", ""initial_rad"": -1.5705363750457764, ""final_rad"": -1.569495677947998, ""delta_rad"": 0.0010406970977783203}, {""joint"": ""theta_3"", ""initial_rad"": 1.5707963705062866, ""final_rad"": 1.5709786415100098, ""delta_rad"": 0.00018227100372314453}, {""joint"": ""theta_4"", ""initial_rad"": 0.00039827972068451345, ""final_rad"": 0.0005083709256723523, ""delta_rad"": 0.00011009120498783886}, {""joint"": ""theta_5"", ""initial_rad"": 1.5707706212997437, ""final_rad"": 1.5706137418746948, ""delta_rad"": -0.00015687942504882812}, {""joint"": ""theta_6"", ""initial_rad"": 1.2034817586936697e-13, ""final_rad"": 8.350240386789665e-05, ""delta_rad"": 8.350240374754847e-05}]",round1_clean_live_10s
2026-05-15T07:05:47,fully_completed,small_circle,euler,40,4096.0,60.0,340.0,0.72,clean,10.0,0.005,0,187.163,C:\Users\lyx\Desktop\sci\experiments\solver_comparison_integration\project_tvqp_euler_ns40_trajectory_live_opt\results\round1_clean_live_10s\small_circle__euler__ns40__g4096p0__d60p0__t340p0__p0p72__noiseclean\single\small_circle\method2_dlccznn\live\method2_dlccznn_live_with_fb_summary.json,C:\Users\lyx\Desktop\sci\experiments\solver_comparison_integration\project_tvqp_euler_ns40_trajectory_live_opt\results\round1_clean_live_10s\small_circle__euler__ns40__g4096p0__d60p0__t340p0__p0p72__noiseclean\case.log,0.00041425357623240143,0.00040608111766920807,0.0005893760364070652,0.00114749609107654,0.0010137557983398438,0.021550230833472385,0.007184796472842629,0.0567563131009604,0.027928896271958263,1.6334284076708778,183.25904400000582,0.0916295220000029,"[{""joint"": ""theta_1"", ""initial_rad"": 5.26419717061799e-06, ""final_rad"": 0.0003721259126905352, ""delta_rad"": 0.0003668617155199172}, {""joint"": ""theta_2"", ""initial_rad"": -1.5705363750457764, ""final_rad"": -1.5695226192474365, ""delta_rad"": 0.0010137557983398438}, {""joint"": ""theta_3"", ""initial_rad"": 1.5707963705062866, ""final_rad"": 1.5709396600723267, ""delta_rad"": 0.00014328956604003906}, {""joint"": ""theta_4"", ""initial_rad"": 0.00039827972068451345, ""final_rad"": 0.0006703254184685647, ""delta_rad"": 0.0002720456977840513}, {""joint"": ""theta_5"", ""initial_rad"": 1.5707706212997437, ""final_rad"": 1.570618748664856, ""delta_rad"": -0.0001518726348876953}, {""joint"": ""theta_6"", ""initial_rad"": -1.2212453270876722e-13, ""final_rad"": -0.00019197104847989976, ""delta_rad"": -0.00019197104835777523}]",round1_clean_live_10s
2026-05-15T07:08:54,fully_completed,line,euler,40,4096.0,60.0,340.0,0.75,clean,10.0,0.005,0,187.675,C:\Users\lyx\Desktop\sci\experiments\solver_comparison_integration\project_tvqp_euler_ns40_trajectory_live_opt\results\round1_clean_live_10s\line__euler__ns40__g4096p0__d60p0__t340p0__p0p75__noiseclean\single\line\method2_dlccznn\live\method2_dlccznn_live_with_fb_summary.json,C:\Users\lyx\Desktop\sci\experiments\solver_comparison_integration\project_tvqp_euler_ns40_trajectory_live_opt\results\round1_clean_live_10s\line__euler__ns40__g4096p0__d60p0__t340p0__p0p75__noiseclean\case.log,0.0003875354773534638,0.0004070916728129551,0.0005399850208158445,0.0010596923309709962,0.0009421110153198242,0.020340700376986157,0.006567362092372143,0.048824972889818574,0.013522582900385835,1.821488461467861,183.70107629999984,0.09185053814999992,"[{""joint"": ""theta_1"", ""initial_rad"": 5.26419717061799e-06, ""final_rad"": 0.00034161581424996257, ""delta_rad"": 0.0003363516170793446}, {""joint"": ""theta_2"", ""initial_rad"": -1.5705363750457764, ""final_rad"": -1.5695942640304565, ""delta_rad"": 0.0009421110153198242}, {""joint"": ""theta_3"", ""initial_rad"": 1.5707963705062866, ""final_rad"": 1.5710667371749878, ""delta_rad"": 0.0002703666687011719}, {""joint"": ""theta_4"", ""initial_rad"": 0.00039827972068451345, ""final_rad"": 0.0005523061845451593, ""delta_rad"": 0.0001540264638606459}, {""joint"": ""theta_5"", ""initial_rad"": 1.5707706212997437, ""final_rad"": 1.5706396102905273, ""delta_rad"": -0.0001310110092163086}, {""joint"": ""theta_6"", ""initial_rad"": 3.0686564400639327e-13, ""final_rad"": 9.086302452487871e-05, ""delta_rad"": 9.086302421801307e-05}]",round1_clean_live_10s
2026-05-15T07:12:02,fully_completed,line,euler,40,4096.0,80.0,340.0,0.75,clean,10.0,0.005,0,187.142,C:\Users\lyx\Desktop\sci\experiments\solver_comparison_integration\project_tvqp_euler_ns40_trajectory_live_opt\results\round1_clean_live_10s\line__euler__ns40__g4096p0__d80p0__t340p0__p0p75__noiseclean\single\line\method2_dlccznn\live\method2_dlccznn_live_with_fb_summary.json,C:\Users\lyx\Desktop\sci\experiments\solver_comparison_integration\project_tvqp_euler_ns40_trajectory_live_opt\results\round1_clean_live_10s\line__euler__ns40__g4096p0__d80p0__t340p0__p0p75__noiseclean\case.log,0.00039254088105894426,0.00039034921496222794,0.000568655891687348,0.0010564449390599252,0.0008944272994995117,0.028308362124720553,0.008636804021260797,0.06302457856524225,0.013636137831391984,1.6435368599572011,183.15950419998262,0.09157975209999131,"[{""joint"": ""theta_1"", ""initial_rad"": 5.26419717061799e-06, ""final_rad"": 0.0003381927381269634, ""delta_rad"": 0.0003329285409563454}, {""joint"": ""theta_2"", ""initial_rad"": -1.5705363750457764, ""final_rad"": -1.5696419477462769, ""delta_rad"": 0.0008944272994995117}, {""joint"": ""theta_3"", ""initial_rad"": 1.5707963705062866, ""final_rad"": 1.5710780620574951, ""delta_rad"": 0.0002816915512084961}, {""joint"": ""theta_4"", ""initial_rad"": 0.00039827972068451345, ""final_rad"": 0.00046354508958756924, ""delta_rad"": 6.526536890305579e-05}, {""joint"": ""theta_5"", ""initial_rad"": 1.5707706212997437, ""final_rad"": 1.5705740451812744, ""delta_rad"": -0.00019657611846923828}, {""joint"": ""theta_6"", ""initial_rad"": -1.3278267374516872e-13, ""final_rad"": 0.00028806671616621315, ""delta_rad"": 0.00028806671629899583}]",round1_clean_live_10s
2026-05-15T07:15:09,fully_completed,line,euler,40,4096.0,60.0,380.0,0.75,clean,10.0,0.005,0,187.609,C:\Users\lyx\Desktop\sci\experiments\solver_comparison_integration\project_tvqp_euler_ns40_trajectory_live_opt\results\round1_clean_live_10s\line__euler__ns40__g4096p0__d60p0__t380p0__p0p75__noiseclean\single\line\method2_dlccznn\live\method2_dlccznn_live_with_fb_summary.json,C:\Users\lyx\Desktop\sci\experiments\solver_comparison_integration\project_tvqp_euler_ns40_trajectory_live_opt\results\round1_clean_live_10s\line__euler__ns40__g4096p0__d60p0__t380p0__p0p75__noiseclean\case.log,0.0003804289510089089,0.00040031420380821664,0.0005073626230664681,0.0010532327149017362,0.0009402036666870117,0.02045189049174597,0.006252622857414846,0.04818235982747862,0.013416540415028324,1.7347649082304015,183.53024309998727,0.09176512154999364,"[{""joint"": ""theta_1"", ""initial_rad"": 5.26419717061799e-06, ""final_rad"": 0.00034620455699041486, ""delta_rad"": 0.00034094035981979687}, {""joint"": ""theta_2"", ""initial_rad"": -1.5705363750457764, ""final_rad"": -1.5695961713790894, ""delta_rad"": 0.0009402036666870117}, {""joint"": ""theta_3"", ""initial_rad"": 1.5707963705062866, ""final_rad"": 1.5710453987121582, ""delta_rad"": 0.00024902820587158203}, {""joint"": ""theta_4"", ""initial_rad"": 0.00039827972068451345, ""final_rad"": 0.0005421698442660272, ""delta_rad"": 0.00014389012358151376}, {""joint"": ""theta_5"", ""initial_rad"": 1.5707706212997437, ""final_rad"": 1.5706360340118408, ""delta_rad"": -0.00013458728790283203}, {""joint"": ""theta_6"", ""initial_rad"": -4.2099657093785936e-13, ""final_rad"": 9.0789508249145e-05, ""delta_rad"": 9.078950867014157e-05}]",round1_clean_live_10s
2026-05-15T07:18:17,fully_completed,line,euler,40,4608.0,60.0,340.0,0.75,clean,10.0,0.005,0,187.625,C:\Users\lyx\Desktop\sci\experiments\solver_comparison_integration\project_tvqp_euler_ns40_trajectory_live_opt\results\round1_clean_live_10s\line__euler__ns40__g4608p0__d60p0__t340p0__p0p75__noiseclean\single\line\method2_dlccznn\live\method2_dlccznn_live_with_fb_summary.json,C:\Users\lyx\Desktop\sci\experiments\solver_comparison_integration\project_tvqp_euler_ns40_trajectory_live_opt\results\round1_clean_live_10s\line__euler__ns40__g4608p0__d60p0__t340p0__p0p75__noiseclean\case.log,0.00038644215347486766,0.00040706427476871836,0.0004944904392266804,0.0010465826902377802,0.0009224414825439453,0.021155668506492902,0.008620774501679822,0.05331174861845786,0.01755338742413368,1.7636048230292625,183.58360179999727,0.09179180089999864,"[{""joint"": ""theta_1"", ""initial_rad"": 5.26419717061799e-06, ""final_rad"": 0.00033324913238175213, ""delta_rad"": 0.00032798493521113414}, {""joint"": ""theta_2"", ""initial_rad"": -1.5705363750457764, ""final_rad"": -1.5696139335632324, ""delta_rad"": 0.0009224414825439453}, {""joint"": ""theta_3"", ""initial_rad"": 1.5707963705062866, ""final_rad"": 1.571088194847107, ""delta_rad"": 0.0002918243408203125}, {""joint"": ""theta_4"", ""initial_rad"": 0.00039827972068451345, ""final_rad"": 0.0005661803879775107, ""delta_rad"": 0.00016790066729299724}, {""joint"": ""theta_5"", ""initial_rad"": 1.5707706212997437, ""final_rad"": 1.5706462860107422, ""delta_rad"": -0.00012433528900146484}, {""joint"": ""theta_6"", ""initial_rad"": -1.3233858453531866e-13, ""final_rad"": 8.973057992989197e-05, ""delta_rad"": 8.973058006223056e-05}]",round1_clean_live_10s
2026-05-15T07:21:24,fully_completed,line,euler,40,4096.0,60.0,340.0,0.72,clean,10.0,0.005,0,190.444,C:\Users\lyx\Desktop\sci\experiments\solver_comparison_integration\project_tvqp_euler_ns40_trajectory_live_opt\results\round1_clean_live_10s\line__euler__ns40__g4096p0__d60p0__t340p0__p0p72__noiseclean\single\line\method2_dlccznn\live\method2_dlccznn_live_with_fb_summary.json,C:\Users\lyx\Desktop\sci\experiments\solver_comparison_integration\project_tvqp_euler_ns40_trajectory_live_opt\results\round1_clean_live_10s\line__euler__ns40__g4096p0__d60p0__t340p0__p0p72__noiseclean\case.log,0.00038591022539632904,0.0003987571390164179,0.0005683709473977697,0.00047591753871824234,0.00028383731842041016,0.020159887125460827,0.009541131446455183,0.05600025416527187,0.019094799380029573,1.6848726962670821,181.33798509999178,0.09066899254999589,"[{""joint"": ""theta_1"", ""initial_rad"": 0.0, ""final_rad"": 1.3993866559758317e-05, ""delta_rad"": 1.3993866559758317e-05}, {""joint"": ""theta_2"", ""initial_rad"": -1.5707963705062866, ""final_rad"": -1.570786476135254, ""delta_rad"": 9.894371032714844e-06}, {""joint"": ""theta_3"", ""initial_rad"": 1.5707963705062866, ""final_rad"": 1.5709614753723145, ""delta_rad"": 0.00016510486602783203}, {""joint"": ""theta_4"", ""initial_rad"": 0.0, ""final_rad"": 0.00024148900411091745, ""delta_rad"": 0.00024148900411091745}, {""joint"": ""theta_5"", ""initial_rad"": 1.5707963705062866, ""final_rad"": 1.571080207824707, ""delta_rad"": 0.00028383731842041016}, {""joint"": ""theta_6"", ""initial_rad"": 0.0, ""final_rad"": -0.00024507875787094235, ""delta_rad"": -0.00024507875787094235}]",round1_clean_live_10s
2026-05-15T07:24:35,fully_completed,circle,euler,40,4096.0,60.0,340.0,0.75,clean,10.0,0.005,0,188.179,C:\Users\lyx\Desktop\sci\experiments\solver_comparison_integration\project_tvqp_euler_ns40_trajectory_live_opt\results\round1_clean_live_10s\circle__euler__ns40__g4096p0__d60p0__t340p0__p0p75__noiseclean\single\circle\method2_dlccznn\live\method2_dlccznn_live_with_fb_summary.json,C:\Users\lyx\Desktop\sci\experiments\solver_comparison_integration\project_tvqp_euler_ns40_trajectory_live_opt\results\round1_clean_live_10s\circle__euler__ns40__g4096p0__d60p0__t340p0__p0p75__noiseclean\case.log,0.0004377547295949385,0.00040683265359301016,0.0008010607868893509,0.0011154348505648187,0.0010149478912353516,0.03691877247586838,0.0015085267161773317,0.07445680669290215,0.008872042892213675,1.4998454934615901,183.42955590001657,0.09171477795000828,"[{""joint"": ""theta_1"", ""initial_rad"": 5.264196715870639e-06, ""final_rad"": 0.0003762223059311509, ""delta_rad"": 0.0003709581092152803}, {""joint"": ""theta_2"", ""initial_rad"": -1.5705363750457764, ""final_rad"": -1.569521427154541, ""delta_rad"": 0.0010149478912353516}, {""joint"": ""theta_3"", ""initial_rad"": 1.5707963705062866, ""final_rad"": 1.5709812641143799, ""delta_rad"": 0.00018489360809326172}, {""joint"": ""theta_4"", ""initial_rad"": 0.00039827972068451345, ""final_rad"": 0.0005047513404861093, ""delta_rad"": 0.00010647161980159581}, {""joint"": ""theta_5"", ""initial_rad"": 1.5707706212997437, ""final_rad"": 1.5706124305725098, ""delta_rad"": -0.00015819072723388672}, {""joint"": ""theta_6"", ""initial_rad"": 3.5926817076870066e-13, ""final_rad"": -7.69389807828702e-05, ""delta_rad"": -7.693898114213837e-05}]",round1_clean_live_10s
2026-05-15T07:27:43,fully_completed,circle,euler,40,4096.0,80.0,340.0,0.75,clean,10.0,0.005,0,193.534,C:\Users\lyx\Desktop\sci\experiments\solver_comparison_integration\project_tvqp_euler_ns40_trajectory_live_opt\results\round1_clean_live_10s\circle__euler__ns40__g4096p0__d80p0__t340p0__p0p75__noiseclean\single\circle\method2_dlccznn\live\method2_dlccznn_live_with_fb_summary.json,C:\Users\lyx\Desktop\sci\experiments\solver_comparison_integration\project_tvqp_euler_ns40_trajectory_live_opt\results\round1_clean_live_10s\circle__euler__ns40__g4096p0__d80p0__t340p0__p0p75__noiseclean\case.log,0.00045874665899309555,0.00039325636702902385,0.0012106838796606765,0.0006617434114369485,0.000389003602322191,0.05235167691235473,0.004572998940872673,0.09638707986314508,0.019170980151311377,1.285529833695648,184.93310959998053,0.09246655479999026,"[{""joint"": ""theta_1"", ""initial_rad"": 0.0, ""final_rad"": 0.00015476059343200177, ""delta_rad"": 0.00015476059343200177}, {""joint"": ""theta_2"", ""initial_rad"": -1.5707963705062866, ""final_rad"": -1.5705426931381226, ""delta_rad"": 0.0002536773681640625}, {""joint"": ""theta_3"", ""initial_rad"": 1.5707963705062866, ""final_rad"": 1.5705820322036743, ""delta_rad"": -0.0002143383026123047}, {""joint"": ""theta_4"", ""initial_rad"": 0.0, ""final_rad"": 0.000389003602322191, ""delta_rad"": 0.000389003602322191}, {""joint"": ""theta_5"", ""initial_rad"": 1.5707963705062866, ""final_rad"": 1.5710618495941162, ""delta_rad"": 0.00026547908782958984}, {""joint"": ""theta_6"", ""initial_rad"": 0.0, ""final_rad"": -0.00028610738809220493, ""delta_rad"": -0.00028610738809220493}]",round1_clean_live_10s
2026-05-15T07:30:56,fully_completed,circle,euler,40,4096.0,60.0,380.0,0.75,clean,10.0,0.005,0,189.033,C:\Users\lyx\Desktop\sci\experiments\solver_comparison_integration\project_tvqp_euler_ns40_trajectory_live_opt\results\round1_clean_live_10s\circle__euler__ns40__g4096p0__d60p0__t380p0__p0p75__noiseclean\single\circle\method2_dlccznn\live\method2_dlccznn_live_with_fb_summary.json,C:\Users\lyx\Desktop\sci\experiments\solver_comparison_integration\project_tvqp_euler_ns40_trajectory_live_opt\results\round1_clean_live_10s\circle__euler__ns40__g4096p0__d60p0__t380p0__p0p75__noiseclean\case.log,0.0004284071034329585,0.00039746066050204946,0.0007542292133813095,0.0010974276518708088,0.0009989738464355469,0.03709818123524984,0.0011360137040710983,0.07375058786535726,0.02642537040042898,1.476941270336132,184.58362520000082,0.09229181260000041,"[{""joint"": ""theta_1"", ""initial_rad"": 5.264196715870639e-06, ""final_rad"": 0.00037298136157914996, ""delta_rad"": 0.0003677171648632793}, {""joint"": ""theta_2"", ""initial_rad"": -1.5705363750457764, ""final_rad"": -1.5695374011993408, ""delta_rad"": 0.0009989738464355469}, {""joint"": ""theta_3"", ""initial_rad"": 1.5707963705062866, ""final_rad"": 1.5709705352783203, ""delta_rad"": 0.0001741647720336914}, {""joint"": ""theta_4"", ""initial_rad"": 0.00039827972068451345, ""final_rad"": 0.00048688167589716613, ""delta_rad"": 8.860195521265268e-05}, {""joint"": ""theta_5"", ""initial_rad"": 1.5707706212997437, ""final_rad"": 1.570613145828247, ""delta_rad"": -0.00015747547149658203}, {""joint"": ""theta_6"", ""initial_rad"": 4.1877612488860905e-13, ""final_rad"": 9.055712871486321e-05, ""delta_rad"": 9.055712829608709e-05}]",round1_clean_live_10s
2026-05-15T07:34:06,fully_completed,circle,euler,40,4608.0,60.0,340.0,0.75,clean,10.0,0.005,0,188.756,C:\Users\lyx\Desktop\sci\experiments\solver_comparison_integration\project_tvqp_euler_ns40_trajectory_live_opt\results\round1_clean_live_10s\circle__euler__ns40__g4608p0__d60p0__t340p0__p0p75__noiseclean\single\circle\method2_dlccznn\live\method2_dlccznn_live_with_fb_summary.json,C:\Users\lyx\Desktop\sci\experiments\solver_comparison_integration\project_tvqp_euler_ns40_trajectory_live_opt\results\round1_clean_live_10s\circle__euler__ns40__g4608p0__d60p0__t340p0__p0p75__noiseclean\case.log,0.0004379292603069349,0.0004106363809294346,0.0007740523284019729,0.001129061412249447,0.0010266304016113281,0.03671018522914228,0.001860793328829494,0.0771609642716908,0.030401015586446173,1.5440020600355528,184.68314760000794,0.09234157380000398,"[{""joint"": ""theta_1"", ""initial_rad"": 5.26419717061799e-06, ""final_rad"": 0.00038047367706894875, ""delta_rad"": 0.00037520947989833076}, {""joint"": ""theta_2"", ""initial_rad"": -1.5705363750457764, ""final_rad"": -1.569509744644165, ""delta_rad"": 0.0010266304016113281}, {""joint"": ""theta_3"", ""initial_rad"": 1.5707963705062866, ""final_rad"": 1.5709762573242188, ""delta_rad"": 0.0001798868179321289}, {""joint"": ""theta_4"", ""initial_rad"": 0.00039827972068451345, ""final_rad"": 0.0005215216660872102, ""delta_rad"": 0.00012324194540269673}, {""joint"": ""theta_5"", ""initial_rad"": 1.5707706212997437, ""final_rad"": 1.5706106424331665, ""delta_rad"": -0.00015997886657714844}, {""joint"": ""theta_6"", ""initial_rad"": -1.5587531265737198e-13, ""final_rad"": -8.29846685519442e-05, ""delta_rad"": -8.298466839606888e-05}]",round1_clean_live_10s
2026-05-15T07:37:14,fully_completed,circle,euler,40,4096.0,60.0,340.0,0.72,clean,10.0,0.005,0,191.299,C:\Users\lyx\Desktop\sci\experiments\solver_comparison_integration\project_tvqp_euler_ns40_trajectory_live_opt\results\round1_clean_live_10s\circle__euler__ns40__g4096p0__d60p0__t340p0__p0p72__noiseclean\single\circle\method2_dlccznn\live\method2_dlccznn_live_with_fb_summary.json,C:\Users\lyx\Desktop\sci\experiments\solver_comparison_integration\project_tvqp_euler_ns40_trajectory_live_opt\results\round1_clean_live_10s\circle__euler__ns40__g4096p0__d60p0__t340p0__p0p72__noiseclean\case.log,0.000437729867256302,0.0004139174893356169,0.0008212369289939902,0.00043927833112265466,0.00028908252716064453,0.03769539416980856,0.011066039933896715,0.08368066077153948,0.04586256698208501,1.205483087834093,183.19520309998188,0.09159760154999094,"[{""joint"": ""theta_1"", ""initial_rad"": 0.0, ""final_rad"": -5.9952057199552655e-05, ""delta_rad"": -5.9952057199552655e-05}, {""joint"": ""theta_2"", ""initial_rad"": -1.5707963705062866, ""final_rad"": -1.5707030296325684, ""delta_rad"": 9.334087371826172e-05}, {""joint"": ""theta_3"", ""initial_rad"": 1.5707963705062866, ""final_rad"": 1.5709682703018188, ""delta_rad"": 0.00017189979553222656}, {""joint"": ""theta_4"", ""initial_rad"": 0.0, ""final_rad"": -8.298366446979344e-05, ""delta_rad"": -8.298366446979344e-05}, {""joint"": ""theta_5"", ""initial_rad"": 1.5707963705062866, ""final_rad"": 1.570507287979126, ""delta_rad"": -0.00028908252716064453}, {""joint"": ""theta_6"", ""initial_rad"": 0.0, ""final_rad"": -0.00024628062965348363, ""delta_rad"": -0.00024628062965348363}]",round1_clean_live_10s
2026-05-15T07:40:26,fully_completed,ellipse,euler,40,4096.0,60.0,340.0,0.75,clean,10.0,0.005,0,186.848,C:\Users\lyx\Desktop\sci\experiments\solver_comparison_integration\project_tvqp_euler_ns40_trajectory_live_opt\results\round1_clean_live_10s\ellipse__euler__ns40__g4096p0__d60p0__t340p0__p0p75__noiseclean\single\ellipse\method2_dlccznn\live\method2_dlccznn_live_with_fb_summary.json,C:\Users\lyx\Desktop\sci\experiments\solver_comparison_integration\project_tvqp_euler_ns40_trajectory_live_opt\results\round1_clean_live_10s\ellipse__euler__ns40__g4096p0__d60p0__t340p0__p0p75__noiseclean\case.log,0.000447022344044002,0.00040601351678116245,0.0007861436533923757,0.0011161284478970782,0.0010170936584472656,0.04438444838578219,0.0016959801842145504,0.08406268177356113,0.00908080753538415,1.4526649233496385,182.87077750000753,0.09143538875000377,"[{""joint"": ""theta_1"", ""initial_rad"": 5.26419717061799e-06, ""final_rad"": 0.0003767042653635144, ""delta_rad"": 0.00037144006819289643}, {""joint"": ""theta_2"", ""initial_rad"": -1.5705363750457764, ""final_rad"": -1.569519281387329, ""delta_rad"": 0.0010170936584472656}, {""joint"": ""theta_3"", ""initial_rad"": 1.5707963705062866, ""final_rad"": 1.5709773302078247, ""delta_rad"": 0.00018095970153808594}, {""joint"": ""theta_4"", ""initial_rad"": 0.00039827972068451345, ""final_rad"": 0.0004973281174898148, ""delta_rad"": 9.904839680530131e-05}, {""joint"": ""theta_5"", ""initial_rad"": 1.5707706212997437, ""final_rad"": 1.5706114768981934, ""delta_rad"": -0.00015914440155029297}, {""joint"": ""theta_6"", ""initial_rad"": 3.601563491884008e-13, ""final_rad"": -7.356316200457513e-05, ""delta_rad"": -7.356316236473148e-05}]",round1_clean_live_10s
2026-05-15T07:43:32,fully_completed,ellipse,euler,40,4096.0,80.0,340.0,0.75,clean,10.0,0.005,0,186.984,C:\Users\lyx\Desktop\sci\experiments\solver_comparison_integration\project_tvqp_euler_ns40_trajectory_live_opt\results\round1_clean_live_10s\ellipse__euler__ns40__g4096p0__d80p0__t340p0__p0p75__noiseclean\single\ellipse\method2_dlccznn\live\method2_dlccznn_live_with_fb_summary.json,C:\Users\lyx\Desktop\sci\experiments\solver_comparison_integration\project_tvqp_euler_ns40_trajectory_live_opt\results\round1_clean_live_10s\ellipse__euler__ns40__g4096p0__d80p0__t340p0__p0p75__noiseclean\case.log,0.0004752007077348295,0.00039675002742550666,0.0010117946670815847,0.0011613769681597644,0.001001119613647461,0.06273361003644495,0.007865595488138751,0.11283690800253664,0.02264253235690365,1.3186166582085697,183.14625730001717,0.09157312865000858,"[{""joint"": ""theta_1"", ""initial_rad"": 5.26419717061799e-06, ""final_rad"": 0.0003744435671251267, ""delta_rad"": 0.00036917936995450873}, {""joint"": ""theta_2"", ""initial_rad"": -1.5705363750457764, ""final_rad"": -1.569535255432129, ""delta_rad"": 0.001001119613647461}, {""joint"": ""theta_3"", ""initial_rad"": 1.5707963705062866, ""final_rad"": 1.5709115266799927, ""delta_rad"": 0.00011515617370605469}, {""joint"": ""theta_4"", ""initial_rad"": 0.00039827972068451345, ""final_rad"": 0.0006944140768609941, ""delta_rad"": 0.00029613435617648065}, {""joint"": ""theta_5"", ""initial_rad"": 1.5707706212997437, ""final_rad"": 1.5706069469451904, ""delta_rad"": -0.00016367435455322266}, {""joint"": ""theta_6"", ""initial_rad"": 8.704148513061227e-14, ""final_rad"": 0.0002872573386412114, ""delta_rad"": 0.0002872573385541699}]",round1_clean_live_10s
2026-05-15T07:46:39,fully_completed,ellipse,euler,40,4096.0,60.0,380.0,0.75,clean,10.0,0.005,0,191.784,C:\Users\lyx\Desktop\sci\experiments\solver_comparison_integration\project_tvqp_euler_ns40_trajectory_live_opt\results\round1_clean_live_10s\ellipse__euler__ns40__g4096p0__d60p0__t380p0__p0p75__noiseclean\single\ellipse\method2_dlccznn\live\method2_dlccznn_live_with_fb_summary.json,C:\Users\lyx\Desktop\sci\experiments\solver_comparison_integration\project_tvqp_euler_ns40_trajectory_live_opt\results\round1_clean_live_10s\ellipse__euler__ns40__g4096p0__d60p0__t380p0__p0p75__noiseclean\case.log,0.00043431518713549347,0.00039954093494310697,0.0010838672189919022,0.0002506150671188041,0.00017821788787841797,0.045219379338152496,0.003878194613809616,0.0863669009943774,0.017528643511130187,1.315289965561956,183.69928219998837,0.09184964109999419,"[{""joint"": ""theta_1"", ""initial_rad"": 0.0, ""final_rad"": 2.9614775485242717e-05, ""delta_rad"": 2.9614775485242717e-05}, {""joint"": ""theta_2"", ""initial_rad"": -1.5707963705062866, ""final_rad"": -1.5706181526184082, ""delta_rad"": 0.00017821788787841797}, {""joint"": ""theta_3"", ""initial_rad"": 1.5707963705062866, ""final_rad"": 1.5707660913467407, ""delta_rad"": -3.0279159545898438e-05}, {""joint"": ""theta_4"", ""initial_rad"": 0.0, ""final_rad"": 0.0001435326848877594, ""delta_rad"": 0.0001435326848877594}, {""joint"": ""theta_5"", ""initial_rad"": 1.5707963705062866, ""final_rad"": 1.5708200931549072, ""delta_rad"": 2.372264862060547e-05}, {""joint"": ""theta_6"", ""initial_rad"": 0.0, ""final_rad"": -8.993352093966678e-05, ""delta_rad"": -8.993352093966678e-05}]",round1_clean_live_10s
2026-05-15T07:49:51,fully_completed,ellipse,euler,40,4608.0,60.0,340.0,0.75,clean,10.0,0.005,0,191.740,C:\Users\lyx\Desktop\sci\experiments\solver_comparison_integration\project_tvqp_euler_ns40_trajectory_live_opt\results\round1_clean_live_10s\ellipse__euler__ns40__g4608p0__d60p0__t340p0__p0p75__noiseclean\single\ellipse\method2_dlccznn\live\method2_dlccznn_live_with_fb_summary.json,C:\Users\lyx\Desktop\sci\experiments\solver_comparison_integration\project_tvqp_euler_ns40_trajectory_live_opt\results\round1_clean_live_10s\ellipse__euler__ns40__g4608p0__d60p0__t340p0__p0p75__noiseclean\case.log,0.0004442700538556838,0.00038214571793046445,0.0009412835256302671,0.00023934222332278163,0.00016510486602783203,0.044137059131109706,0.007130327864851792,0.08864167969136896,0.02693132253285371,1.451016598639658,183.88889370000106,0.09194444685000053,"[{""joint"": ""theta_1"", ""initial_rad"": 0.0, ""final_rad"": 2.5578487111488357e-05, ""delta_rad"": 2.5578487111488357e-05}, {""joint"": ""theta_2"", ""initial_rad"": -1.5707963705062866, ""final_rad"": -1.5706312656402588, ""delta_rad"": 0.00016510486602783203}, {""joint"": ""theta_3"", ""initial_rad"": 1.5707963705062866, ""final_rad"": 1.5707167387008667, ""delta_rad"": -7.963180541992188e-05}, {""joint"": ""theta_4"", ""initial_rad"": 0.0, ""final_rad"": 0.00012091053940821439, ""delta_rad"": 0.00012091053940821439}, {""joint"": ""theta_5"", ""initial_rad"": 1.5707963705062866, ""final_rad"": 1.5707811117172241, ""delta_rad"": -1.52587890625e-05}, {""joint"": ""theta_6"", ""initial_rad"": 0.0, ""final_rad"": 9.042903548106551e-05, ""delta_rad"": 9.042903548106551e-05}]",round1_clean_live_10s
2026-05-15T07:53:03,fully_completed,ellipse,euler,40,4096.0,60.0,340.0,0.72,clean,10.0,0.005,0,188.845,C:\Users\lyx\Desktop\sci\experiments\solver_comparison_integration\project_tvqp_euler_ns40_trajectory_live_opt\results\round1_clean_live_10s\ellipse__euler__ns40__g4096p0__d60p0__t340p0__p0p72__noiseclean\single\ellipse\method2_dlccznn\live\method2_dlccznn_live_with_fb_summary.json,C:\Users\lyx\Desktop\sci\experiments\solver_comparison_integration\project_tvqp_euler_ns40_trajectory_live_opt\results\round1_clean_live_10s\ellipse__euler__ns40__g4096p0__d60p0__t340p0__p0p72__noiseclean\case.log,0.00044652465032934084,0.00041081559140021496,0.0008754570454472805,0.0011699683046906965,0.0010317564010620117,0.0453683881589752,0.008053048770430145,0.09586309423738028,0.028759215290005198,1.4623145816852465,184.1363609000109,0.09206818045000546,"[{""joint"": ""theta_1"", ""initial_rad"": 5.26419717061799e-06, ""final_rad"": 0.0003801312413997948, ""delta_rad"": 0.0003748670442291768}, {""joint"": ""theta_2"", ""initial_rad"": -1.5705363750457764, ""final_rad"": -1.5695046186447144, ""delta_rad"": 0.0010317564010620117}, {""joint"": ""theta_3"", ""initial_rad"": 1.5707963705062866, ""final_rad"": 1.5709292888641357, ""delta_rad"": 0.0001329183578491211}, {""joint"": ""theta_4"", ""initial_rad"": 0.00039827972068451345, ""final_rad"": 0.0006845570169389248, ""delta_rad"": 0.00028627729625441134}, {""joint"": ""theta_5"", ""initial_rad"": 1.5707706212997437, ""final_rad"": 1.5706110000610352, ""delta_rad"": -0.0001596212387084961}, {""joint"": ""theta_6"", ""initial_rad"": -1.318944953254686e-13, ""final_rad"": -0.0001966681011253968, ""delta_rad"": -0.0001966681009935023}]",round1_clean_live_10s
2026-05-15T07:56:12,fully_completed,figure8,euler,40,4096.0,60.0,340.0,0.75,clean,10.0,0.005,0,188.560,C:\Users\lyx\Desktop\sci\experiments\solver_comparison_integration\project_tvqp_euler_ns40_trajectory_live_opt\results\round1_clean_live_10s\figure8__euler__ns40__g4096p0__d60p0__t340p0__p0p75__noiseclean\single\figure8\method2_dlccznn\live\method2_dlccznn_live_with_fb_summary.json,C:\Users\lyx\Desktop\sci\experiments\solver_comparison_integration\project_tvqp_euler_ns40_trajectory_live_opt\results\round1_clean_live_10s\figure8__euler__ns40__g4096p0__d60p0__t340p0__p0p75__noiseclean\case.log,0.0004342809447570795,0.00040570855147792334,0.0009384079010507978,0.0011108430975669767,0.001010894775390625,0.03868298501967699,0.001153665748118405,0.07621141777101063,0.008613737621578361,1.4094663298941503,184.6084578000009,0.09230422890000045,"[{""joint"": ""theta_1"", ""initial_rad"": 5.26419717061799e-06, ""final_rad"": 0.0003746577422134578, ""delta_rad"": 0.00036939354504283983}, {""joint"": ""theta_2"", ""initial_rad"": -1.5705363750457764, ""final_rad"": -1.5695254802703857, ""delta_rad"": 0.001010894775390625}, {""joint"": ""theta_3"", ""initial_rad"": 1.5707963705062866, ""final_rad"": 1.57098388671875, ""delta_rad"": 0.0001875162124633789}, {""joint"": ""theta_4"", ""initial_rad"": 0.00039827972068451345, ""final_rad"": 0.0004991396563127637, ""delta_rad"": 0.00010085993562825024}, {""joint"": ""theta_5"", ""initial_rad"": 1.5707706212997437, ""final_rad"": 1.5706135034561157, ""delta_rad"": -0.0001571178436279297}, {""joint"": ""theta_6"", ""initial_rad"": 3.1530333899354446e-13, ""final_rad"": 7.477617327822372e-05, ""delta_rad"": 7.477617296292038e-05}]",round1_clean_live_10s
2026-05-15T07:59:20,fully_completed,figure8,euler,40,4096.0,80.0,340.0,0.75,clean,10.0,0.005,0,188.610,C:\Users\lyx\Desktop\sci\experiments\solver_comparison_integration\project_tvqp_euler_ns40_trajectory_live_opt\results\round1_clean_live_10s\figure8__euler__ns40__g4096p0__d80p0__t340p0__p0p75__noiseclean\single\figure8\method2_dlccznn\live\method2_dlccznn_live_with_fb_summary.json,C:\Users\lyx\Desktop\sci\experiments\solver_comparison_integration\project_tvqp_euler_ns40_trajectory_live_opt\results\round1_clean_live_10s\figure8__euler__ns40__g4096p0__d80p0__t340p0__p0p75__noiseclean\case.log,0.0004548426860537537,0.00039444146250001657,0.0011263539866590963,0.001145503964868469,0.0009821653366088867,0.052529514247417634,0.00551816387072588,0.09352604548768081,0.017362640931879,1.061294985281254,184.60366159997648,0.09230183079998824,"[{""joint"": ""theta_1"", ""initial_rad"": 5.26419717061799e-06, ""final_rad"": 0.0003662180679384619, ""delta_rad"": 0.0003609538707678439}, {""joint"": ""theta_2"", ""initial_rad"": -1.5705363750457764, ""final_rad"": -1.5695542097091675, ""delta_rad"": 0.0009821653366088867}, {""joint"": ""theta_3"", ""initial_rad"": 1.5707963705062866, ""final_rad"": 1.5709258317947388, ""delta_rad"": 0.00012946128845214844}, {""joint"": ""theta_4"", ""initial_rad"": 0.00039827972068451345, ""final_rad"": 0.0007023306097835302, ""delta_rad"": 0.0003040508890990168}, {""joint"": ""theta_5"", ""initial_rad"": 1.5707706212997437, ""final_rad"": 1.5706117153167725, ""delta_rad"": -0.0001589059829711914}, {""joint"": ""theta_6"", ""initial_rad"": -8.881784197001252e-14, ""final_rad"": 0.0002877231454476714, ""delta_rad"": 0.00028772314553648926}]",round1_clean_live_10s
2026-05-15T08:02:29,fully_completed,figure8,euler,40,4096.0,60.0,380.0,0.75,clean,10.0,0.005,0,188.708,C:\Users\lyx\Desktop\sci\experiments\solver_comparison_integration\project_tvqp_euler_ns40_trajectory_live_opt\results\round1_clean_live_10s\figure8__euler__ns40__g4096p0__d60p0__t380p0__p0p75__noiseclean\single\figure8\method2_dlccznn\live\method2_dlccznn_live_with_fb_summary.json,C:\Users\lyx\Desktop\sci\experiments\solver_comparison_integration\project_tvqp_euler_ns40_trajectory_live_opt\results\round1_clean_live_10s\figure8__euler__ns40__g4096p0__d60p0__t380p0__p0p75__noiseclean\case.log,0.0004229344810945517,0.0003985791750619637,0.0009096210699025507,0.0010954682027324999,0.0009965896606445312,0.03832596263463015,0.0010301387961518188,0.07616471465904107,0.008498352611566295,1.4674659025647367,184.70192990000942,0.09235096495000471,"[{""joint"": ""theta_1"", ""initial_rad"": 5.26419717061799e-06, ""final_rad"": 0.000372622802387923, ""delta_rad"": 0.000367358605217305}, {""joint"": ""theta_2"", ""initial_rad"": -1.5705363750457764, ""final_rad"": -1.5695397853851318, ""delta_rad"": 0.0009965896606445312}, {""joint"": ""theta_3"", ""initial_rad"": 1.5707963705062866, ""final_rad"": 1.570974588394165, ""delta_rad"": 0.00017821788787841797}, {""joint"": ""theta_4"", ""initial_rad"": 0.00039827972068451345, ""final_rad"": 0.0004988500149920583, ""delta_rad"": 0.00010057029430754483}, {""joint"": ""theta_5"", ""initial_rad"": 1.5707706212997437, ""final_rad"": 1.5706140995025635, ""delta_rad"": -0.00015652179718017578}, {""joint"": ""theta_6"", ""initial_rad"": -4.1966430330830917e-13, ""final_rad"": -7.437885506078601e-05, ""delta_rad"": -7.43788546411217e-05}]",round1_clean_live_10s
2026-05-15T08:05:38,fully_completed,figure8,euler,40,4608.0,60.0,340.0,0.75,clean,10.0,0.005,0,188.441,C:\Users\lyx\Desktop\sci\experiments\solver_comparison_integration\project_tvqp_euler_ns40_trajectory_live_opt\results\round1_clean_live_10s\figure8__euler__ns40__g4608p0__d60p0__t340p0__p0p75__noiseclean\single\figure8\method2_dlccznn\live\method2_dlccznn_live_with_fb_summary.json,C:\Users\lyx\Desktop\sci\experiments\solver_comparison_integration\project_tvqp_euler_ns40_trajectory_live_opt\results\round1_clean_live_10s\figure8__euler__ns40__g4608p0__d60p0__t340p0__p0p75__noiseclean\case.log,0.0004325774081205819,0.0004148795556856024,0.0008840284998515423,0.0011431057497203478,0.0010453462600708008,0.038097544790229296,0.0040065721995895965,0.07780016293042571,0.01499813668279592,1.4317411795047654,184.47604629999842,0.09223802314999921,"[{""joint"": ""theta_1"", ""initial_rad"": 5.26419717061799e-06, ""final_rad"": 0.00037774507654830813, ""delta_rad"": 0.00037248087937769014}, {""joint"": ""theta_2"", ""initial_rad"": -1.5705363750457764, ""final_rad"": -1.5694910287857056, ""delta_rad"": 0.0010453462600708008}, {""joint"": ""theta_3"", ""initial_rad"": 1.5707963705062866, ""final_rad"": 1.5709744691848755, ""delta_rad"": 0.0001780986785888672}, {""joint"": ""theta_4"", ""initial_rad"": 0.00039827972068451345, ""final_rad"": 0.0005064873257651925, ""delta_rad"": 0.00010820760508067906}, {""joint"": ""theta_5"", ""initial_rad"": 1.5707706212997437, ""final_rad"": 1.5706123113632202, ""delta_rad"": -0.0001583099365234375}, {""joint"": ""theta_6"", ""initial_rad"": 8.837375276016246e-14, ""final_rad"": 8.191388769773766e-05, ""delta_rad"": 8.191388760936391e-05}]",round1_clean_live_10s
2026-05-15T08:08:46,fully_completed,figure8,euler,40,4096.0,60.0,340.0,0.72,clean,10.0,0.005,0,191.699,C:\Users\lyx\Desktop\sci\experiments\solver_comparison_integration\project_tvqp_euler_ns40_trajectory_live_opt\results\round1_clean_live_10s\figure8__euler__ns40__g4096p0__d60p0__t340p0__p0p72__noiseclean\single\figure8\method2_dlccznn\live\method2_dlccznn_live_with_fb_summary.json,C:\Users\lyx\Desktop\sci\experiments\solver_comparison_integration\project_tvqp_euler_ns40_trajectory_live_opt\results\round1_clean_live_10s\figure8__euler__ns40__g4096p0__d60p0__t340p0__p0p72__noiseclean\case.log,0.00043589601947260806,0.000372848816781781,0.001068659376365845,0.0006142410755894142,0.0003686474810820073,0.04026074448620146,0.003075242905053183,0.08620642044302411,0.018367332986915397,1.3525864897695619,183.4381886999763,0.09171909434998815,"[{""joint"": ""theta_1"", ""initial_rad"": 0.0, ""final_rad"": -0.00015261489897966385, ""delta_rad"": -0.00015261489897966385}, {""joint"": ""theta_2"", ""initial_rad"": -1.5707963705062866, ""final_rad"": -1.5706064701080322, ""delta_rad"": 0.00018990039825439453}, {""joint"": ""theta_3"", ""initial_rad"": 1.5707963705062866, ""final_rad"": 1.570599913597107, ""delta_rad"": -0.0001964569091796875}, {""joint"": ""theta_4"", ""initial_rad"": 0.0, ""final_rad"": 0.0003686474810820073, ""delta_rad"": 0.0003686474810820073}, {""joint"": ""theta_5"", ""initial_rad"": 1.5707963705062866, ""final_rad"": 1.5705093145370483, ""delta_rad"": -0.00028705596923828125}, {""joint"": ""theta_6"", ""initial_rad"": 0.0, ""final_rad"": 0.00024706521071493626, ""delta_rad"": 0.00024706521071493626}]",round1_clean_live_10s
2026-05-15T08:12:57,fully_completed,small_circle,euler,40,4096.0,60.0,420.0,0.75,clean,10.0,0.005,0,188.742,C:\Users\lyx\Desktop\sci\experiments\solver_comparison_integration\project_tvqp_euler_ns40_trajectory_live_opt\results\round2_clean_live_10s\small_circle__euler__ns40__g4096p0__d60p0__t420p0__p0p75__noiseclean\single\small_circle\method2_dlccznn\live\method2_dlccznn_live_with_fb_summary.json,C:\Users\lyx\Desktop\sci\experiments\solver_comparison_integration\project_tvqp_euler_ns40_trajectory_live_opt\results\round2_clean_live_10s\small_circle__euler__ns40__g4096p0__d60p0__t420p0__p0p75__noiseclean\case.log,0.00039966745185288224,0.0004002226695999647,0.0005822819024132183,0.00024388286766481124,0.00015006352623458952,0.020896148492704457,0.005498121721347243,0.047141345278187745,0.02715167645475527,1.7001520487656965,184.20715230001952,0.09210357615000976,"[{""joint"": ""theta_1"", ""initial_rad"": 0.0, ""final_rad"": -3.9895076042739674e-06, ""delta_rad"": -3.9895076042739674e-06}, {""joint"": ""theta_2"", ""initial_rad"": -1.5707963705062866, ""final_rad"": -1.5706688165664673, ""delta_rad"": 0.00012755393981933594}, {""joint"": ""theta_3"", ""initial_rad"": 1.5707963705062866, ""final_rad"": 1.5708218812942505, ""delta_rad"": 2.5510787963867188e-05}, {""joint"": ""theta_4"", ""initial_rad"": 0.0, ""final_rad"": 0.00015006352623458952, ""delta_rad"": 0.00015006352623458952}, {""joint"": ""theta_5"", ""initial_rad"": 1.5707963705062866, ""final_rad"": 1.5706850290298462, ""delta_rad"": -0.00011134147644042969}, {""joint"": ""theta_6"", ""initial_rad"": 0.0, ""final_rad"": 8.732778951525688e-05, ""delta_rad"": 8.732778951525688e-05}]",round2_clean_live_10s
2026-05-15T08:16:05,fully_completed,small_circle,euler,40,4608.0,60.0,380.0,0.75,clean,10.0,0.005,0,188.608,C:\Users\lyx\Desktop\sci\experiments\solver_comparison_integration\project_tvqp_euler_ns40_trajectory_live_opt\results\round2_clean_live_10s\small_circle__euler__ns40__g4608p0__d60p0__t380p0__p0p75__noiseclean\single\small_circle\method2_dlccznn\live\method2_dlccznn_live_with_fb_summary.json,C:\Users\lyx\Desktop\sci\experiments\solver_comparison_integration\project_tvqp_euler_ns40_trajectory_live_opt\results\round2_clean_live_10s\small_circle__euler__ns40__g4608p0__d60p0__t380p0__p0p75__noiseclean\case.log,0.00040665587105113266,0.0003894167906418238,0.0006322730253791974,0.0010888961386335348,0.0009913444519042969,0.022145554185980396,0.004599242695047268,0.051433616292444355,0.02418743047679031,1.741317063526664,184.22614590000012,0.09211307295000006,"[{""joint"": ""theta_1"", ""initial_rad"": 5.26419717061799e-06, ""final_rad"": 0.0003764738794416189, ""delta_rad"": 0.00037120968227100093}, {""joint"": ""theta_2"", ""initial_rad"": -1.5705363750457764, ""final_rad"": -1.569545030593872, ""delta_rad"": 0.0009913444519042969}, {""joint"": ""theta_3"", ""initial_rad"": 1.5707963705062866, ""final_rad"": 1.5709446668624878, ""delta_rad"": 0.00014829635620117188}, {""joint"": ""theta_4"", ""initial_rad"": 0.00039827972068451345, ""final_rad"": 0.0004998940858058631, ""delta_rad"": 0.00010161436512134969}, {""joint"": ""theta_5"", ""initial_rad"": 1.5707706212997437, ""final_rad"": 1.5706137418746948, ""delta_rad"": -0.00015687942504882812}, {""joint"": ""theta_6"", ""initial_rad"": -1.2878587085651816e-13, ""final_rad"": 9.05864653759636e-05, ""delta_rad"": 9.058646550474947e-05}]",round2_clean_live_10s
2026-05-15T08:19:14,fully_completed,small_circle,euler,40,4608.0,60.0,340.0,0.72,clean,10.0,0.005,0,188.494,C:\Users\lyx\Desktop\sci\experiments\solver_comparison_integration\project_tvqp_euler_ns40_trajectory_live_opt\results\round2_clean_live_10s\small_circle__euler__ns40__g4608p0__d60p0__t340p0__p0p72__noiseclean\single\small_circle\method2_dlccznn\live\method2_dlccznn_live_with_fb_summary.json,C:\Users\lyx\Desktop\sci\experiments\solver_comparison_integration\project_tvqp_euler_ns40_trajectory_live_opt\results\round2_clean_live_10s\small_circle__euler__ns40__g4608p0__d60p0__t340p0__p0p72__noiseclean\case.log,0.0004154465558630337,0.00043001730896195973,0.000641269128204771,0.0012024427741433147,0.0010526180267333984,0.022723344304223275,0.01105057595091911,0.0621250819109014,0.05356490570608388,1.587582898946821,184.21457729997928,0.09210728864998964,"[{""joint"": ""theta_1"", ""initial_rad"": 5.26419717061799e-06, ""final_rad"": 0.0003699540684465319, ""delta_rad"": 0.0003646898712759139}, {""joint"": ""theta_2"", ""initial_rad"": -1.5705363750457764, ""final_rad"": -1.569483757019043, ""delta_rad"": 0.0010526180267333984}, {""joint"": ""theta_3"", ""initial_rad"": 1.5707963705062866, ""final_rad"": 1.5709699392318726, ""delta_rad"": 0.0001735687255859375}, {""joint"": ""theta_4"", ""initial_rad"": 0.00039827972068451345, ""final_rad"": 0.0007199523388408124, ""delta_rad"": 0.000321672618156299}, {""joint"": ""theta_5"", ""initial_rad"": 1.5707706212997437, ""final_rad"": 1.5706194639205933, ""delta_rad"": -0.00015115737915039062}, {""joint"": ""theta_6"", ""initial_rad"": -1.3233858453531866e-13, ""final_rad"": 0.0002200392773374915, ""delta_rad"": 0.0002200392774698301}]",round2_clean_live_10s
2026-05-15T08:22:22,fully_completed,small_circle,euler,40,5120.0,60.0,340.0,0.75,clean,10.0,0.005,0,188.322,C:\Users\lyx\Desktop\sci\experiments\solver_comparison_integration\project_tvqp_euler_ns40_trajectory_live_opt\results\round2_clean_live_10s\small_circle__euler__ns40__g5120p0__d60p0__t340p0__p0p75__noiseclean\single\small_circle\method2_dlccznn\live\method2_dlccznn_live_with_fb_summary.json,C:\Users\lyx\Desktop\sci\experiments\solver_comparison_integration\project_tvqp_euler_ns40_trajectory_live_opt\results\round2_clean_live_10s\small_circle__euler__ns40__g5120p0__d60p0__t340p0__p0p75__noiseclean\case.log,0.0004169302042184678,0.00040709206483860124,0.0005969817348525405,0.00111402686025357,0.0010123252868652344,0.02430570050678916,0.001237748609178641,0.05852459579970458,0.03985540833991632,1.6983626216710432,183.96923240000615,0.09198461620000307,"[{""joint"": ""theta_1"", ""initial_rad"": 5.26419717061799e-06, ""final_rad"": 0.0003783924912568182, ""delta_rad"": 0.0003731282940862002}, {""joint"": ""theta_2"", ""initial_rad"": -1.5705363750457764, ""final_rad"": -1.5695240497589111, ""delta_rad"": 0.0010123252868652344}, {""joint"": ""theta_3"", ""initial_rad"": 1.5707963705062866, ""final_rad"": 1.5709830522537231, ""delta_rad"": 0.00018668174743652344}, {""joint"": ""theta_4"", ""initial_rad"": 0.00039827972068451345, ""final_rad"": 0.0005122865550220013, ""delta_rad"": 0.00011400683433748782}, {""joint"": ""theta_5"", ""initial_rad"": 1.5707706212997437, ""final_rad"": 1.5706132650375366, ""delta_rad"": -0.00015735626220703125}, {""joint"": ""theta_6"", ""initial_rad"": -3.157474282033945e-13, ""final_rad"": 6.648314592894167e-05, ""delta_rad"": 6.64831462446891e-05}]",round2_clean_live_10s
2026-05-15T08:25:31,fully_completed,line,euler,40,4096.0,60.0,420.0,0.75,clean,10.0,0.005,0,192.796,C:\Users\lyx\Desktop\sci\experiments\solver_comparison_integration\project_tvqp_euler_ns40_trajectory_live_opt\results\round2_clean_live_10s\line__euler__ns40__g4096p0__d60p0__t420p0__p0p75__noiseclean\single\line\method2_dlccznn\live\method2_dlccznn_live_with_fb_summary.json,C:\Users\lyx\Desktop\sci\experiments\solver_comparison_integration\project_tvqp_euler_ns40_trajectory_live_opt\results\round2_clean_live_10s\line__euler__ns40__g4096p0__d60p0__t420p0__p0p75__noiseclean\case.log,0.00037487299563980834,0.0003855377746648795,0.0005182973862380846,0.00027880261994919667,0.00022919854382053018,0.020306240779453855,0.010757502144042258,0.048437652801699545,0.03643831097796165,1.7974595065010293,184.42877620001673,0.09221438810000836,"[{""joint"": ""theta_1"", ""initial_rad"": 0.0, ""final_rad"": -1.940440051839687e-05, ""delta_rad"": -1.940440051839687e-05}, {""joint"": ""theta_2"", ""initial_rad"": -1.5707963705062866, ""final_rad"": -1.5707579851150513, ""delta_rad"": 3.838539123535156e-05}, {""joint"": ""theta_3"", ""initial_rad"": 1.5707963705062866, ""final_rad"": 1.5708765983581543, ""delta_rad"": 8.022785186767578e-05}, {""joint"": ""theta_4"", ""initial_rad"": 0.0, ""final_rad"": 0.00022919854382053018, ""delta_rad"": 0.00022919854382053018}, {""joint"": ""theta_5"", ""initial_rad"": 1.5707963705062866, ""final_rad"": 1.5708937644958496, ""delta_rad"": 9.739398956298828e-05}, {""joint"": ""theta_6"", ""initial_rad"": 0.0, ""final_rad"": -8.617924322606996e-05, ""delta_rad"": -8.617924322606996e-05}]",round2_clean_live_10s
2026-05-15T08:28:44,fully_completed,line,euler,40,4096.0,60.0,380.0,0.72,clean,10.0,0.005,0,188.257,C:\Users\lyx\Desktop\sci\experiments\solver_comparison_integration\project_tvqp_euler_ns40_trajectory_live_opt\results\round2_clean_live_10s\line__euler__ns40__g4096p0__d60p0__t380p0__p0p72__noiseclean\single\line\method2_dlccznn\live\method2_dlccznn_live_with_fb_summary.json,C:\Users\lyx\Desktop\sci\experiments\solver_comparison_integration\project_tvqp_euler_ns40_trajectory_live_opt\results\round2_clean_live_10s\line__euler__ns40__g4096p0__d60p0__t380p0__p0p72__noiseclean\case.log,0.00037986147520009715,0.0004096462804760104,0.0005743893164329867,0.0010853107442070143,0.0009458065032958984,0.020386160351833063,0.011035540776984563,0.056931796817816675,0.05011782904626863,1.6580224925637466,184.05316420001327,0.09202658210000664,"[{""joint"": ""theta_1"", ""initial_rad"": 5.264196715870639e-06, ""final_rad"": 0.0003418294945731759, ""delta_rad"": 0.00033656529785730527}, {""joint"": ""theta_2"", ""initial_rad"": -1.5705363750457764, ""final_rad"": -1.5695905685424805, ""delta_rad"": 0.0009458065032958984}, {""joint"": ""theta_3"", ""initial_rad"": 1.5707963705062866, ""final_rad"": 1.5710800886154175, ""delta_rad"": 0.0002837181091308594}, {""joint"": ""theta_4"", ""initial_rad"": 0.00039827972068451345, ""final_rad"": 0.0005252141272649169, ""delta_rad"": 0.00012693440658040345}, {""joint"": ""theta_5"", ""initial_rad"": 1.5707706212997437, ""final_rad"": 1.570656657218933, ""delta_rad"": -0.00011396408081054688}, {""joint"": ""theta_6"", ""initial_rad"": 1.2789769243681803e-13, ""final_rad"": 0.00024592102272436023, ""delta_rad"": 0.00024592102259646254}]",round2_clean_live_10s
2026-05-15T08:31:52,fully_completed,line,euler,40,4608.0,60.0,380.0,0.75,clean,10.0,0.005,0,188.927,C:\Users\lyx\Desktop\sci\experiments\solver_comparison_integration\project_tvqp_euler_ns40_trajectory_live_opt\results\round2_clean_live_10s\line__euler__ns40__g4608p0__d60p0__t380p0__p0p75__noiseclean\single\line\method2_dlccznn\live\method2_dlccznn_live_with_fb_summary.json,C:\Users\lyx\Desktop\sci\experiments\solver_comparison_integration\project_tvqp_euler_ns40_trajectory_live_opt\results\round2_clean_live_10s\line__euler__ns40__g4608p0__d60p0__t380p0__p0p75__noiseclean\case.log,0.00037931673398555976,0.00037926012092547083,0.0005395186001623586,0.0009859331985187004,0.0008622407913208008,0.021622230082637275,0.011548637773252492,0.05352345192027576,0.0439844645130041,1.7947842387091968,183.69603500000085,0.09184801750000042,"[{""joint"": ""theta_1"", ""initial_rad"": 5.26419717061799e-06, ""final_rad"": 0.0003397124237380922, ""delta_rad"": 0.0003344482265674742}, {""joint"": ""theta_2"", ""initial_rad"": -1.5705363750457764, ""final_rad"": -1.5696741342544556, ""delta_rad"": 0.0008622407913208008}, {""joint"": ""theta_3"", ""initial_rad"": 1.5707963705062866, ""final_rad"": 1.5710569620132446, ""delta_rad"": 0.0002605915069580078}, {""joint"": ""theta_4"", ""initial_rad"": 0.00039827972068451345, ""final_rad"": 0.0005522756255231798, ""delta_rad"": 0.00015399590483866632}, {""joint"": ""theta_5"", ""initial_rad"": 1.5707706212997437, ""final_rad"": 1.570639729499817, ""delta_rad"": -0.0001308917999267578}, {""joint"": ""theta_6"", ""initial_rad"": -3.539391002504999e-13, ""final_rad"": 8.940994302975014e-05, ""delta_rad"": 8.940994338368924e-05}]",round2_clean_live_10s
2026-05-15T08:35:01,fully_completed,line,euler,40,4096.0,100.0,340.0,0.72,clean,10.0,0.005,0,192.729,C:\Users\lyx\Desktop\sci\experiments\solver_comparison_integration\project_tvqp_euler_ns40_trajectory_live_opt\results\round2_clean_live_10s\line__euler__ns40__g4096p0__d100p0__t340p0__p0p72__noiseclean\single\line\method2_dlccznn\live\method2_dlccznn_live_with_fb_summary.json,C:\Users\lyx\Desktop\sci\experiments\solver_comparison_integration\project_tvqp_euler_ns40_trajectory_live_opt\results\round2_clean_live_10s\line__euler__ns40__g4096p0__d100p0__t340p0__p0p72__noiseclean\case.log,0.00040718990812065823,0.000581772210041976,0.0009634022465528621,0.003266261632854281,0.0018385648727416992,0.0410005979692786,0.2110924222931833,0.09226180450333976,0.6828117493730501,0.5098232405418077,184.17957949999254,0.09208978974999626,"[{""joint"": ""theta_1"", ""initial_rad"": 0.0, ""final_rad"": -0.001051815110258758, ""delta_rad"": -0.001051815110258758}, {""joint"": ""theta_2"", ""initial_rad"": -1.5707963705062866, ""final_rad"": -1.5715296268463135, ""delta_rad"": -0.0007332563400268555}, {""joint"": ""theta_3"", ""initial_rad"": 1.5707963705062866, ""final_rad"": 1.5719730854034424, ""delta_rad"": 0.0011767148971557617}, {""joint"": ""theta_4"", ""initial_rad"": 0.0, ""final_rad"": 0.0013852753909304738, ""delta_rad"": 0.0013852753909304738}, {""joint"": ""theta_5"", ""initial_rad"": 1.5707963705062866, ""final_rad"": 1.568957805633545, ""delta_rad"": -0.0018385648727416992}, {""joint"": ""theta_6"", ""initial_rad"": 0.0, ""final_rad"": -0.0015298753278329968, ""delta_rad"": -0.0015298753278329968}]",round2_clean_live_10s
2026-05-15T08:38:14,fully_completed,circle,euler,40,4096.0,60.0,420.0,0.75,clean,10.0,0.005,0,188.586,C:\Users\lyx\Desktop\sci\experiments\solver_comparison_integration\project_tvqp_euler_ns40_trajectory_live_opt\results\round2_clean_live_10s\circle__euler__ns40__g4096p0__d60p0__t420p0__p0p75__noiseclean\single\circle\method2_dlccznn\live\method2_dlccznn_live_with_fb_summary.json,C:\Users\lyx\Desktop\sci\experiments\solver_comparison_integration\project_tvqp_euler_ns40_trajectory_live_opt\results\round2_clean_live_10s\circle__euler__ns40__g4096p0__d60p0__t420p0__p0p75__noiseclean\case.log,0.00042052449067043714,0.00039305082848229117,0.0008241909904722691,0.0010855710975076344,0.000988006591796875,0.03755502351270342,0.0011798115071136389,0.07530925107952183,0.008742711471391074,1.5015742663436444,184.2850028000248,0.0921425014000124,"[{""joint"": ""theta_1"", ""initial_rad"": 5.264198989607394e-06, ""final_rad"": 0.00037214288022369146, ""delta_rad"": 0.00036687868123408407}, {""joint"": ""theta_2"", ""initial_rad"": -1.5705363750457764, ""final_rad"": -1.5695483684539795, ""delta_rad"": 0.000988006591796875}, {""joint"": ""theta_3"", ""initial_rad"": 1.5707963705062866, ""final_rad"": 1.5709657669067383, ""delta_rad"": 0.00016939640045166016}, {""joint"": ""theta_4"", ""initial_rad"": 0.00039827972068451345, ""final_rad"": 0.0004921441432088614, ""delta_rad"": 9.38644225243479e-05}, {""joint"": ""theta_5"", ""initial_rad"": 1.5707706212997437, ""final_rad"": 1.5706136226654053, ""delta_rad"": -0.0001569986343383789}, {""joint"": ""theta_6"", ""initial_rad"": 2.240430063693566e-12, ""final_rad"": -7.452096178894863e-05, ""delta_rad"": -7.452096402937869e-05}]",round2_clean_live_10s
2026-05-15T08:41:22,fully_completed,circle,euler,40,4096.0,60.0,380.0,0.72,clean,10.0,0.005,0,188.413,C:\Users\lyx\Desktop\sci\experiments\solver_comparison_integration\project_tvqp_euler_ns40_trajectory_live_opt\results\round2_clean_live_10s\circle__euler__ns40__g4096p0__d60p0__t380p0__p0p72__noiseclean\single\circle\method2_dlccznn\live\method2_dlccznn_live_with_fb_summary.json,C:\Users\lyx\Desktop\sci\experiments\solver_comparison_integration\project_tvqp_euler_ns40_trajectory_live_opt\results\round2_clean_live_10s\circle__euler__ns40__g4096p0__d60p0__t380p0__p0p72__noiseclean\case.log,0.0004291722646997134,0.0004160596703079176,0.0008399706468981637,0.0011833625584492498,0.0010650157928466797,0.03828532264293208,0.0014803548452898007,0.08314246809397186,0.011477057693131804,1.479408279756947,184.2264295000059,0.09211321475000295,"[{""joint"": ""theta_1"", ""initial_rad"": 5.26419717061799e-06, ""final_rad"": 0.0003913452383130789, ""delta_rad"": 0.0003860810411424609}, {""joint"": ""theta_2"", ""initial_rad"": -1.5705363750457764, ""final_rad"": -1.5694713592529297, ""delta_rad"": 0.0010650157928466797}, {""joint"": ""theta_3"", ""initial_rad"": 1.5707963705062866, ""final_rad"": 1.570993423461914, ""delta_rad"": 0.0001970529556274414}, {""joint"": ""theta_4"", ""initial_rad"": 0.00039827972068451345, ""final_rad"": 0.00033676400198601186, ""delta_rad"": -6.151571869850159e-05}, {""joint"": ""theta_5"", ""initial_rad"": 1.5707706212997437, ""final_rad"": 1.570614218711853, ""delta_rad"": -0.000156402587890625}, {""joint"": ""theta_6"", ""initial_rad"": 8.837375276016246e-14, ""final_rad"": -0.00022350372455548495, ""delta_rad"": -0.0002235037246438587}]",round2_clean_live_10s
2026-05-15T08:44:31,fully_completed,circle,euler,40,4096.0,80.0,380.0,0.75,clean,10.0,0.005,0,188.919,C:\Users\lyx\Desktop\sci\experiments\solver_comparison_integration\project_tvqp_euler_ns40_trajectory_live_opt\results\round2_clean_live_10s\circle__euler__ns40__g4096p0__d80p0__t380p0__p0p75__noiseclean\single\circle\method2_dlccznn\live\method2_dlccznn_live_with_fb_summary.json,C:\Users\lyx\Desktop\sci\experiments\solver_comparison_integration\project_tvqp_euler_ns40_trajectory_live_opt\results\round2_clean_live_10s\circle__euler__ns40__g4096p0__d80p0__t380p0__p0p75__noiseclean\case.log,0.00044398134949669095,0.00039039181657272586,0.0008175554953293877,0.0011476978303809077,0.0010004043579101562,0.052606178532617565,0.002957938982272191,0.09729003191811722,0.02366941938331741,1.134184832574605,184.15319610000006,0.09207659805000003,"[{""joint"": ""theta_1"", ""initial_rad"": 5.26419717061799e-06, ""final_rad"": 0.00039230380207300186, ""delta_rad"": 0.00038703960490238387}, {""joint"": ""theta_2"", ""initial_rad"": -1.5705363750457764, ""final_rad"": -1.5695359706878662, ""delta_rad"": 0.0010004043579101562}, {""joint"": ""theta_3"", ""initial_rad"": 1.5707963705062866, ""final_rad"": 1.5709943771362305, ""delta_rad"": 0.00019800662994384766}, {""joint"": ""theta_4"", ""initial_rad"": 0.00039827972068451345, ""final_rad"": 0.0002452684857416898, ""delta_rad"": -0.00015301123494282365}, {""joint"": ""theta_5"", ""initial_rad"": 1.5707706212997437, ""final_rad"": 1.5706058740615845, ""delta_rad"": -0.0001647472381591797}, {""joint"": ""theta_6"", ""initial_rad"": 3.0242475190789264e-13, ""final_rad"": -0.00027720219804905355, ""delta_rad"": -0.0002772021983514783}]",round2_clean_live_10s
2026-05-15T08:47:39,fully_completed,circle,euler,40,4608.0,60.0,380.0,0.75,clean,10.0,0.005,0,188.649,C:\Users\lyx\Desktop\sci\experiments\solver_comparison_integration\project_tvqp_euler_ns40_trajectory_live_opt\results\round2_clean_live_10s\circle__euler__ns40__g4608p0__d60p0__t380p0__p0p75__noiseclean\single\circle\method2_dlccznn\live\method2_dlccznn_live_with_fb_summary.json,C:\Users\lyx\Desktop\sci\experiments\solver_comparison_integration\project_tvqp_euler_ns40_trajectory_live_opt\results\round2_clean_live_10s\circle__euler__ns40__g4608p0__d60p0__t380p0__p0p75__noiseclean\case.log,0.00042732851052037677,0.0004000830583528202,0.0008857569455873012,0.001107799085272076,0.0010039806365966797,0.03742235188434898,0.0015570454215345934,0.07947249758210001,0.010809585486357593,1.4712747404332531,184.05174100000295,0.09202587050000148,"[{""joint"": ""theta_1"", ""initial_rad"": 5.26419717061799e-06, ""final_rad"": 0.0003758096427191049, ""delta_rad"": 0.0003705454455484869}, {""joint"": ""theta_2"", ""initial_rad"": -1.5705363750457764, ""final_rad"": -1.5695323944091797, ""delta_rad"": 0.0010039806365966797}, {""joint"": ""theta_3"", ""initial_rad"": 1.5707963705062866, ""final_rad"": 1.5709686279296875, ""delta_rad"": 0.0001722574234008789}, {""joint"": ""theta_4"", ""initial_rad"": 0.00039827972068451345, ""final_rad"": 0.0005061895353719592, ""delta_rad"": 0.00010790981468744576}, {""joint"": ""theta_5"", ""initial_rad"": 1.5707706212997437, ""final_rad"": 1.5706117153167725, ""delta_rad"": -0.0001589059829711914}, {""joint"": ""theta_6"", ""initial_rad"": 4.107825191113079e-13, ""final_rad"": -0.0001239738194271922, ""delta_rad"": -0.00012397381983797473}]",round2_clean_live_10s
2026-05-15T08:50:48,fully_completed,ellipse,euler,40,4096.0,60.0,420.0,0.75,clean,10.0,0.005,0,188.109,C:\Users\lyx\Desktop\sci\experiments\solver_comparison_integration\project_tvqp_euler_ns40_trajectory_live_opt\results\round2_clean_live_10s\ellipse__euler__ns40__g4096p0__d60p0__t420p0__p0p75__noiseclean\single\ellipse\method2_dlccznn\live\method2_dlccznn_live_with_fb_summary.json,C:\Users\lyx\Desktop\sci\experiments\solver_comparison_integration\project_tvqp_euler_ns40_trajectory_live_opt\results\round2_clean_live_10s\ellipse__euler__ns40__g4096p0__d60p0__t420p0__p0p75__noiseclean\case.log,0.0004246138118977114,0.0003930907004233385,0.0007993218576161791,0.0010870652957564746,0.0009897947311401367,0.04457213547380467,0.0014038960168603514,0.08399773688810697,0.009090810285161616,1.4253944903579767,183.81159140000818,0.0919057957000041,"[{""joint"": ""theta_1"", ""initial_rad"": 5.26419717061799e-06, ""final_rad"": 0.0003724079579114914, ""delta_rad"": 0.0003671437607408734}, {""joint"": ""theta_2"", ""initial_rad"": -1.5705363750457764, ""final_rad"": -1.5695465803146362, ""delta_rad"": 0.0009897947311401367}, {""joint"": ""theta_3"", ""initial_rad"": 1.5707963705062866, ""final_rad"": 1.570962905883789, ""delta_rad"": 0.0001665353775024414}, {""joint"": ""theta_4"", ""initial_rad"": 0.00039827972068451345, ""final_rad"": 0.0004950672737322748, ""delta_rad"": 9.678755304776132e-05}, {""joint"": ""theta_5"", ""initial_rad"": 1.5707706212997437, ""final_rad"": 1.5706130266189575, ""delta_rad"": -0.0001575946807861328}, {""joint"": ""theta_6"", ""initial_rad"": 1.2789769243681803e-13, ""final_rad"": -7.269704656209797e-05, ""delta_rad"": -7.269704668999566e-05}]",round2_clean_live_10s
2026-05-15T08:53:56,fully_completed,ellipse,euler,40,4096.0,60.0,380.0,0.72,clean,10.0,0.005,0,188.586,C:\Users\lyx\Desktop\sci\experiments\solver_comparison_integration\project_tvqp_euler_ns40_trajectory_live_opt\results\round2_clean_live_10s\ellipse__euler__ns40__g4096p0__d60p0__t380p0__p0p72__noiseclean\single\ellipse\method2_dlccznn\live\method2_dlccznn_live_with_fb_summary.json,C:\Users\lyx\Desktop\sci\experiments\solver_comparison_integration\project_tvqp_euler_ns40_trajectory_live_opt\results\round2_clean_live_10s\ellipse__euler__ns40__g4096p0__d60p0__t380p0__p0p72__noiseclean\case.log,0.0004359397157197505,0.0003980943498810106,0.0010035452245192194,0.0011495135394094104,0.0010172128677368164,0.0458931291710651,0.00824613090022163,0.09562002810363228,0.02911020469955958,1.361111342940335,184.21266150000156,0.09210633075000078,"[{""joint"": ""theta_1"", ""initial_rad"": 5.26419717061799e-06, ""final_rad"": 0.00037693296326324344, ""delta_rad"": 0.00037166876609262545}, {""joint"": ""theta_2"", ""initial_rad"": -1.5705363750457764, ""final_rad"": -1.5695191621780396, ""delta_rad"": 0.0010172128677368164}, {""joint"": ""theta_3"", ""initial_rad"": 1.5707963705062866, ""final_rad"": 1.570905327796936, ""delta_rad"": 0.00010895729064941406}, {""joint"": ""theta_4"", ""initial_rad"": 0.00039827972068451345, ""final_rad"": 0.0006642159423790872, ""delta_rad"": 0.00026593622169457376}, {""joint"": ""theta_5"", ""initial_rad"": 1.5707706212997437, ""final_rad"": 1.5706132650375366, ""delta_rad"": -0.00015735626220703125}, {""joint"": ""theta_6"", ""initial_rad"": 8.615330671091215e-14, ""final_rad"": -0.00020289634994696826, ""delta_rad"": -0.00020289635003312156}]",round2_clean_live_10s
2026-05-15T08:57:05,fully_completed,ellipse,euler,40,4608.0,60.0,380.0,0.75,clean,10.0,0.005,0,188.521,C:\Users\lyx\Desktop\sci\experiments\solver_comparison_integration\project_tvqp_euler_ns40_trajectory_live_opt\results\round2_clean_live_10s\ellipse__euler__ns40__g4608p0__d60p0__t380p0__p0p75__noiseclean\single\ellipse\method2_dlccznn\live\method2_dlccznn_live_with_fb_summary.json,C:\Users\lyx\Desktop\sci\experiments\solver_comparison_integration\project_tvqp_euler_ns40_trajectory_live_opt\results\round2_clean_live_10s\ellipse__euler__ns40__g4608p0__d60p0__t380p0__p0p75__noiseclean\case.log,0.0004349817840376729,0.00040067272430090075,0.000984393156306127,0.0011109575376798018,0.0010077953338623047,0.04497698747917627,0.0020761780111052757,0.09044152473428563,0.011196222614813813,1.445273484535492,184.3549165999866,0.0921774582999933,"[{""joint"": ""theta_1"", ""initial_rad"": 5.26419717061799e-06, ""final_rad"": 0.0003759229730349034, ""delta_rad"": 0.0003706587758642854}, {""joint"": ""theta_2"", ""initial_rad"": -1.5705363750457764, ""final_rad"": -1.569528579711914, ""delta_rad"": 0.0010077953338623047}, {""joint"": ""theta_3"", ""initial_rad"": 1.5707963705062866, ""final_rad"": 1.570967435836792, ""delta_rad"": 0.0001710653305053711}, {""joint"": ""theta_4"", ""initial_rad"": 0.00039827972068451345, ""final_rad"": 0.0005010331515222788, ""delta_rad"": 0.00010275343083776534}, {""joint"": ""theta_5"", ""initial_rad"": 1.5707706212997437, ""final_rad"": 1.5706106424331665, ""delta_rad"": -0.00015997886657714844}, {""joint"": ""theta_6"", ""initial_rad"": 3.19300141882195e-13, ""final_rad"": -0.0001255883544217795, ""delta_rad"": -0.00012558835474107966}]",round2_clean_live_10s
2026-05-15T09:00:13,fully_completed,ellipse,euler,40,5120.0,60.0,340.0,0.75,clean,10.0,0.005,0,189.042,C:\Users\lyx\Desktop\sci\experiments\solver_comparison_integration\project_tvqp_euler_ns40_trajectory_live_opt\results\round2_clean_live_10s\ellipse__euler__ns40__g5120p0__d60p0__t340p0__p0p75__noiseclean\single\ellipse\method2_dlccznn\live\method2_dlccznn_live_with_fb_summary.json,C:\Users\lyx\Desktop\sci\experiments\solver_comparison_integration\project_tvqp_euler_ns40_trajectory_live_opt\results\round2_clean_live_10s\ellipse__euler__ns40__g5120p0__d60p0__t340p0__p0p75__noiseclean\case.log,0.0004447774786831122,0.0004096768796651194,0.0007594905980350216,0.0011347144108939183,0.0010309219360351562,0.0448223527223237,0.002661186720239134,0.09165787071296651,0.03744009291990605,1.5106459437392452,184.26669699998456,0.09213334849999227,"[{""joint"": ""theta_1"", ""initial_rad"": 5.26419717061799e-06, ""final_rad"": 0.00038469446008093655, ""delta_rad"": 0.00037943026291031856}, {""joint"": ""theta_2"", ""initial_rad"": -1.5705363750457764, ""final_rad"": -1.5695054531097412, ""delta_rad"": 0.0010309219360351562}, {""joint"": ""theta_3"", ""initial_rad"": 1.5707963705062866, ""final_rad"": 1.5709669589996338, ""delta_rad"": 0.00017058849334716797}, {""joint"": ""theta_4"", ""initial_rad"": 0.00039827972068451345, ""final_rad"": 0.0005175233236514032, ""delta_rad"": 0.00011924360296688974}, {""joint"": ""theta_5"", ""initial_rad"": 1.5707706212997437, ""final_rad"": 1.5706071853637695, ""delta_rad"": -0.0001634359359741211}, {""joint"": ""theta_6"", ""initial_rad"": 1.2567724638756772e-13, ""final_rad"": 0.00010382030450273305, ""delta_rad"": 0.0001038203043770558}]",round2_clean_live_10s
2026-05-15T09:03:22,fully_completed,figure8,euler,40,4096.0,60.0,420.0,0.75,clean,10.0,0.005,0,188.416,C:\Users\lyx\Desktop\sci\experiments\solver_comparison_integration\project_tvqp_euler_ns40_trajectory_live_opt\results\round2_clean_live_10s\figure8__euler__ns40__g4096p0__d60p0__t420p0__p0p75__noiseclean\single\figure8\method2_dlccznn\live\method2_dlccznn_live_with_fb_summary.json,C:\Users\lyx\Desktop\sci\experiments\solver_comparison_integration\project_tvqp_euler_ns40_trajectory_live_opt\results\round2_clean_live_10s\figure8__euler__ns40__g4096p0__d60p0__t420p0__p0p75__noiseclean\case.log,0.00041433849834790883,0.00039432343903396524,0.0008820422250119757,0.0010875951912691873,0.0009865760803222656,0.03832443618675947,0.0008572506436716567,0.07457966487285357,0.02623811285623693,1.2830397447004882,184.06456890000845,0.09203228445000422,"[{""joint"": ""theta_1"", ""initial_rad"": 5.26419717061799e-06, ""final_rad"": 0.00037341364077292383, ""delta_rad"": 0.00036814944360230584}, {""joint"": ""theta_2"", ""initial_rad"": -1.5705363750457764, ""final_rad"": -1.569549798965454, ""delta_rad"": 0.0009865760803222656}, {""joint"": ""theta_3"", ""initial_rad"": 1.5707963705062866, ""final_rad"": 1.5709680318832397, ""delta_rad"": 0.000171661376953125}, {""joint"": ""theta_4"", ""initial_rad"": 0.00039827972068451345, ""final_rad"": 0.0005084260483272374, ""delta_rad"": 0.00011014632764272392}, {""joint"": ""theta_5"", ""initial_rad"": 1.5707706212997437, ""final_rad"": 1.5706144571304321, ""delta_rad"": -0.00015616416931152344}, {""joint"": ""theta_6"", ""initial_rad"": -1.6919798895287386e-13, ""final_rad"": -8.949768380261958e-05, ""delta_rad"": -8.949768363342159e-05}]",round2_clean_live_10s
2026-05-15T09:06:31,fully_completed,figure8,euler,40,4096.0,60.0,380.0,0.72,clean,10.0,0.005,0,188.825,C:\Users\lyx\Desktop\sci\experiments\solver_comparison_integration\project_tvqp_euler_ns40_trajectory_live_opt\results\round2_clean_live_10s\figure8__euler__ns40__g4096p0__d60p0__t380p0__p0p72__noiseclean\single\figure8\method2_dlccznn\live\method2_dlccznn_live_with_fb_summary.json,C:\Users\lyx\Desktop\sci\experiments\solver_comparison_integration\project_tvqp_euler_ns40_trajectory_live_opt\results\round2_clean_live_10s\figure8__euler__ns40__g4096p0__d60p0__t380p0__p0p72__noiseclean\case.log,0.00042404019245416424,0.00039759299666195495,0.0010532433530865215,0.001135918889555905,0.0010023117065429688,0.04023196455743423,0.007144080624401689,0.08844996776856094,0.02785867244506939,1.126140425993656,184.3812418000016,0.0921906209000008,"[{""joint"": ""theta_1"", ""initial_rad"": 5.26419717061799e-06, ""final_rad"": 0.0003720858658198267, ""delta_rad"": 0.00036682166864920873}, {""joint"": ""theta_2"", ""initial_rad"": -1.5705363750457764, ""final_rad"": -1.5695340633392334, ""delta_rad"": 0.0010023117065429688}, {""joint"": ""theta_3"", ""initial_rad"": 1.5707963705062866, ""final_rad"": 1.5709218978881836, ""delta_rad"": 0.00012552738189697266}, {""joint"": ""theta_4"", ""initial_rad"": 0.00039827972068451345, ""final_rad"": 0.0006677818018943071, ""delta_rad"": 0.0002695020812097937}, {""joint"": ""theta_5"", ""initial_rad"": 1.5707706212997437, ""final_rad"": 1.570617437362671, ""delta_rad"": -0.0001531839370727539}, {""joint"": ""theta_6"", ""initial_rad"": 1.545430450278218e-13, ""final_rad"": 0.00019816916028503329, ""delta_rad"": 0.00019816916013049024}]",round2_clean_live_10s
2026-05-15T09:09:40,fully_completed,figure8,euler,40,4608.0,60.0,380.0,0.75,clean,10.0,0.005,0,193.376,C:\Users\lyx\Desktop\sci\experiments\solver_comparison_integration\project_tvqp_euler_ns40_trajectory_live_opt\results\round2_clean_live_10s\figure8__euler__ns40__g4608p0__d60p0__t380p0__p0p75__noiseclean\single\figure8\method2_dlccznn\live\method2_dlccznn_live_with_fb_summary.json,C:\Users\lyx\Desktop\sci\experiments\solver_comparison_integration\project_tvqp_euler_ns40_trajectory_live_opt\results\round2_clean_live_10s\figure8__euler__ns40__g4608p0__d60p0__t380p0__p0p75__noiseclean\case.log,0.00042036032504916,0.00039058700567219624,0.0009346152306082983,0.0002120918063825086,0.00014460086822509766,0.038480933716944846,0.005755276344227247,0.07785418637493077,0.024663322339039555,1.2335705346060188,184.34946820000187,0.09217473410000093,"[{""joint"": ""theta_1"", ""initial_rad"": 0.0, ""final_rad"": 1.950707519426942e-05, ""delta_rad"": 1.950707519426942e-05}, {""joint"": ""theta_2"", ""initial_rad"": -1.5707963705062866, ""final_rad"": -1.5706517696380615, ""delta_rad"": 0.00014460086822509766}, {""joint"": ""theta_3"", ""initial_rad"": 1.5707963705062866, ""final_rad"": 1.5707765817642212, ""delta_rad"": -1.9788742065429688e-05}, {""joint"": ""theta_4"", ""initial_rad"": 0.0, ""final_rad"": 0.00012261635856702924, ""delta_rad"": 0.00012261635856702924}, {""joint"": ""theta_5"", ""initial_rad"": 1.5707963705062866, ""final_rad"": 1.570786476135254, ""delta_rad"": -9.894371032714844e-06}, {""joint"": ""theta_6"", ""initial_rad"": 0.0, ""final_rad"": 9.038104326464236e-05, ""delta_rad"": 9.038104326464236e-05}]",round2_clean_live_10s
2026-05-15T09:12:53,fully_completed,figure8,euler,40,5120.0,60.0,340.0,0.75,clean,10.0,0.005,0,192.146,C:\Users\lyx\Desktop\sci\experiments\solver_comparison_integration\project_tvqp_euler_ns40_trajectory_live_opt\results\round2_clean_live_10s\figure8__euler__ns40__g5120p0__d60p0__t340p0__p0p75__noiseclean\single\figure8\method2_dlccznn\live\method2_dlccznn_live_with_fb_summary.json,C:\Users\lyx\Desktop\sci\experiments\solver_comparison_integration\project_tvqp_euler_ns40_trajectory_live_opt\results\round2_clean_live_10s\figure8__euler__ns40__g5120p0__d60p0__t340p0__p0p75__noiseclean\case.log,0.00043328410338892143,0.0004331649178198431,0.0010658621475142945,0.00026877547077856,0.00019431114196777344,0.03990349694896412,0.010723299537184648,0.08661333600771708,0.046275321682550205,1.3702503167935771,184.08838719999767,0.09204419359999884,"[{""joint"": ""theta_1"", ""initial_rad"": 0.0, ""final_rad"": 1.612026426300872e-05, ""delta_rad"": 1.612026426300872e-05}, {""joint"": ""theta_2"", ""initial_rad"": -1.5707963705062866, ""final_rad"": -1.5706020593643188, ""delta_rad"": 0.00019431114196777344}, {""joint"": ""theta_3"", ""initial_rad"": 1.5707963705062866, ""final_rad"": 1.570873498916626, ""delta_rad"": 7.712841033935547e-05}, {""joint"": ""theta_4"", ""initial_rad"": 0.0, ""final_rad"": 0.00014059881505090743, ""delta_rad"": 0.00014059881505090743}, {""joint"": ""theta_5"", ""initial_rad"": 1.5707963705062866, ""final_rad"": 1.570777177810669, ""delta_rad"": -1.919269561767578e-05}, {""joint"": ""theta_6"", ""initial_rad"": 0.0, ""final_rad"": 9.021304140333086e-05, ""delta_rad"": 9.021304140333086e-05}]",round2_clean_live_10s
