case_id,task_gain,position_weight,drift_weight,regularization_gain,solver_max_iters,use_jacobi_preconditioner,status,mean_position_error_m,final_position_error_m,final_joint_drift_norm_rad,mean_inner_residual_norm,mean_inner_iterations,wall_clock_run_s,result_dir,composite_score
tg180_pw8e03_dw0p002_rg1em08_it6_jac1,180.0,8000.0,0.002,1e-08,6,True,ok,0.00020433687622877682,6.176158339720278e-07,4.887914078320115e-07,3.0267413483805963e-06,4.93775,1.7788264000009804,C:\Users\lyx\Desktop\sci\code\project_method3a_pcg_solver\results\tuning_20260421\method3a_pcg\offline_broad_runs\tg180_pw8e03_dw0p002_rg1em08_it6_jac1\offline,1.05533457736123
tg180_pw8e03_dw0p001_rg1em08_it6_jac1,180.0,8000.0,0.001,1e-08,6,True,ok,0.000204336795489447,6.176097830427668e-07,4.887946566087454e-07,4.015510458289937e-06,4.86475,1.7584468999993987,C:\Users\lyx\Desktop\sci\code\project_method3a_pcg_solver\results\tuning_20260421\method3a_pcg\offline_broad_runs\tg180_pw8e03_dw0p001_rg1em08_it6_jac1\offline,1.092112457547661
tg198_pw8e03_dw0p002_rg1em09_it6_jac1,198.0,8000.0,0.002,1e-09,6,True,ok,0.00020433679572416996,6.083044274055287e-07,6.483899329914193e-07,3.0070479384869595e-06,4.94725,1.7148358999984339,C:\Users\lyx\Desktop\sci\code\project_method3a_pcg_solver\results\tuning_20260421\method3a_pcg\offline_broad_runs\tg198_pw8e03_dw0p002_rg1em09_it6_jac1\offline,1.1529403937741112
tg198_pw1e04_dw0p001_rg1em10_it6_jac1,198.0,10000.0,0.001,1e-10,6,True,ok,0.0002043367113678259,6.071098052807605e-07,5.961648777066338e-07,5.232068458953729e-06,4.85275,1.7690886000018509,C:\Users\lyx\Desktop\sci\code\project_method3a_pcg_solver\results\tuning_20260421\method3a_pcg\offline_broad_runs\tg198_pw1e04_dw0p001_rg1em10_it6_jac1\offline,1.2039337950570468
tg180_pw1e04_dw0p0005_rg1em08_it6_jac1,180.0,10000.0,0.0005,1e-08,6,True,ok,0.00020433675899978046,6.178156664005538e-07,4.895276810983547e-07,8.127936725222214e-06,4.82175,1.734166099999129,C:\Users\lyx\Desktop\sci\code\project_method3a_pcg_solver\results\tuning_20260421\method3a_pcg\offline_broad_runs\tg180_pw1e04_dw0p0005_rg1em08_it6_jac1\offline,1.252126685643911
tg198_pw1p5e04_dw0p0005_rg1em10_it6_jac1,198.0,15000.0,0.0005,1e-10,6,True,ok,0.000204336677178844,6.098980127305806e-07,4.7307758347502457e-07,1.3096100780308818e-05,4.77625,1.6853031999999075,C:\Users\lyx\Desktop\sci\code\project_method3a_pcg_solver\results\tuning_20260421\method3a_pcg\offline_broad_runs\tg198_pw1p5e04_dw0p0005_rg1em10_it6_jac1\offline,1.4319117233342658
tg180_pw1e04_dw0p002_rg1em08_it6_jac1,180.0,10000.0,0.002,1e-08,6,True,ok,0.0002043368401540056,6.17635981150896e-07,1.1819269336215532e-06,3.8985206885053506e-06,4.914,1.7692572999985714,C:\Users\lyx\Desktop\sci\code\project_method3a_pcg_solver\results\tuning_20260421\method3a_pcg\offline_broad_runs\tg180_pw1e04_dw0p002_rg1em08_it6_jac1\offline,1.5283319077952982
tg198_pw1e04_dw0p002_rg1em10_it6_jac1,198.0,10000.0,0.002,1e-10,6,True,ok,0.000204336763072214,6.080286087525476e-07,1.3129554114854313e-06,3.6931377290540685e-06,4.9145,1.6994328000000678,C:\Users\lyx\Desktop\sci\code\project_method3a_pcg_solver\results\tuning_20260421\method3a_pcg\offline_broad_runs\tg198_pw1e04_dw0p002_rg1em10_it6_jac1\offline,1.6002478142940129
tg180_pw1p5e04_dw0p002_rg1em09_it6_jac1,180.0,15000.0,0.002,1e-09,6,True,ok,0.0002043367999487484,6.176382081807116e-07,1.591979302032071e-06,5.662277131167698e-06,4.88025,1.7862270000005083,C:\Users\lyx\Desktop\sci\code\project_method3a_pcg_solver\results\tuning_20260421\method3a_pcg\offline_broad_runs\tg180_pw1p5e04_dw0p002_rg1em09_it6_jac1\offline,1.8563818108504315
tg198_pw1p5e04_dw0p002_rg1em08_it6_jac1,198.0,15000.0,0.002,1e-08,6,True,ok,0.0002043367267321544,6.080387376096339e-07,1.7164369288356976e-06,5.717988676864021e-06,4.8685,1.7446272999986832,C:\Users\lyx\Desktop\sci\code\project_method3a_pcg_solver\results\tuning_20260421\method3a_pcg\offline_broad_runs\tg198_pw1p5e04_dw0p002_rg1em08_it6_jac1\offline,1.9340207441907842
tg180_pw8e03_dw0p002_rg1em10_it6_jac1,180.0,8000.0,0.002,1e-10,6,True,ok,0.00020433687621807786,6.176236414984321e-07,2.0775222768749862e-06,2.9596332630431407e-06,4.9465,1.8084620999979961,C:\Users\lyx\Desktop\sci\code\project_method3a_pcg_solver\results\tuning_20260421\method3a_pcg\offline_broad_runs\tg180_pw8e03_dw0p002_rg1em10_it6_jac1\offline,2.0604223943190116
tg198_pw8e03_dw0p001_rg1em10_it6_jac1,198.0,8000.0,0.001,1e-10,6,True,ok,0.00020433672263163235,6.079842793838157e-07,2.1514271602325445e-06,3.989394145638252e-06,4.85525,1.7229322999992291,C:\Users\lyx\Desktop\sci\code\project_method3a_pcg_solver\results\tuning_20260421\method3a_pcg\offline_broad_runs\tg198_pw8e03_dw0p001_rg1em10_it6_jac1\offline,2.1420309650198583
tg198_pw1e04_dw0p002_rg1em08_it5_jac1,198.0,10000.0,0.002,1e-08,5,True,ok,0.0002043367630497624,6.081617748889482e-07,2.2518437519427576e-06,3.2054172652155433e-06,4.51075,1.7338670999997703,C:\Users\lyx\Desktop\sci\code\project_method3a_pcg_solver\results\tuning_20260421\method3a_pcg\offline_broad_runs\tg198_pw1e04_dw0p002_rg1em08_it5_jac1\offline,2.166545724166278
tg180_pw1e04_dw0p001_rg1em10_it6_jac1,180.0,10000.0,0.001,1e-10,6,True,ok,0.00020433678303821983,6.176230995359551e-07,2.175754002724846e-06,5.164725843697617e-06,4.8655,1.7170814999990398,C:\Users\lyx\Desktop\sci\code\project_method3a_pcg_solver\results\tuning_20260421\method3a_pcg\offline_broad_runs\tg180_pw1e04_dw0p001_rg1em10_it6_jac1\offline,2.20678070344971
tg180_pw1e04_dw0p0005_rg1em09_it6_jac1,180.0,10000.0,0.0005,1e-09,6,True,ok,0.00020433676099632905,6.176200625823243e-07,2.046453612607223e-06,8.496524240914745e-06,4.80175,1.7548749999987194,C:\Users\lyx\Desktop\sci\code\project_method3a_pcg_solver\results\tuning_20260421\method3a_pcg\offline_broad_runs\tg180_pw1e04_dw0p0005_rg1em09_it6_jac1\offline,2.253269891603937
tg180_pw1e04_dw0p0005_rg1em10_it5_jac1,180.0,10000.0,0.0005,1e-10,5,True,ok,0.00020433676021439342,6.17616887304397e-07,2.1684806572167097e-06,6.816596481871799e-06,4.40575,1.7229746999983035,C:\Users\lyx\Desktop\sci\code\project_method3a_pcg_solver\results\tuning_20260421\method3a_pcg\offline_broad_runs\tg180_pw1e04_dw0p0005_rg1em10_it5_jac1\offline,2.2551617493025375
tg180_pw8e03_dw0p0005_rg1em09_it6_jac1,180.0,8000.0,0.0005,1e-09,6,True,ok,0.0002043367661220325,6.176226556332655e-07,2.180862786677244e-06,6.42492762670736e-06,4.8015,1.727779400000145,C:\Users\lyx\Desktop\sci\code\project_method3a_pcg_solver\results\tuning_20260421\method3a_pcg\offline_broad_runs\tg180_pw8e03_dw0p0005_rg1em09_it6_jac1\offline,2.257620473036316
tg180_pw1e04_dw0p002_rg1em09_it5_jac1,180.0,10000.0,0.002,1e-09,5,True,ok,0.00020433684022711535,6.176171811054288e-07,2.417901509124424e-06,3.292324490768608e-06,4.5035,1.727872200001002,C:\Users\lyx\Desktop\sci\code\project_method3a_pcg_solver\results\tuning_20260421\method3a_pcg\offline_broad_runs\tg180_pw1e04_dw0p002_rg1em09_it5_jac1\offline,2.2781812707951765
tg198_pw1e04_dw0p0005_rg1em08_it6_jac1,198.0,10000.0,0.0005,1e-08,6,True,ok,0.00020433668970352203,6.086478791929907e-07,2.175708451407813e-06,7.831994075874337e-06,4.81625,1.784613799998624,C:\Users\lyx\Desktop\sci\code\project_method3a_pcg_solver\results\tuning_20260421\method3a_pcg\offline_broad_runs\tg198_pw1e04_dw0p0005_rg1em08_it6_jac1\offline,2.30669470724513
tg180_pw1e04_dw0p0005_rg1em10_it6_jac1,180.0,10000.0,0.0005,1e-10,6,True,ok,0.00020433675958389546,6.176187974403655e-07,2.139099588885755e-06,8.561111612625183e-06,4.81875,1.7693235000006098,C:\Users\lyx\Desktop\sci\code\project_method3a_pcg_solver\results\tuning_20260421\method3a_pcg\offline_broad_runs\tg180_pw1e04_dw0p0005_rg1em10_it6_jac1\offline,2.3149672148791445
tg198_pw1p5e04_dw0p001_rg1em08_it6_jac1,198.0,15000.0,0.001,1e-08,6,True,ok,0.0002043366986441983,6.076300142578483e-07,2.1759170498053624e-06,8.125844086610272e-06,4.81025,1.8017934000017704,C:\Users\lyx\Desktop\sci\code\project_method3a_pcg_solver\results\tuning_20260421\method3a_pcg\offline_broad_runs\tg198_pw1p5e04_dw0p001_rg1em08_it6_jac1\offline,2.317813666918342
tg198_pw1e04_dw0p0005_rg1em10_it6_jac1,198.0,10000.0,0.0005,1e-10,6,True,ok,0.00020433669075364548,6.080051614827872e-07,2.1759473685941225e-06,8.415136821613487e-06,4.80025,1.700824299998203,C:\Users\lyx\Desktop\sci\code\project_method3a_pcg_solver\results\tuning_20260421\method3a_pcg\offline_broad_runs\tg198_pw1e04_dw0p0005_rg1em10_it6_jac1\offline,2.3290010925682285
tg180_pw1p5e04_dw0p001_rg1em10_it6_jac1,180.0,15000.0,0.001,1e-10,6,True,ok,0.00020433676802819972,6.176208455253039e-07,2.180962299984202e-06,8.359333058853404e-06,4.838,1.7734290000007604,C:\Users\lyx\Desktop\sci\code\project_method3a_pcg_solver\results\tuning_20260421\method3a_pcg\offline_broad_runs\tg180_pw1p5e04_dw0p001_rg1em10_it6_jac1\offline,2.334118510018117
tg180_pw1p5e04_dw0p0005_rg1em10_it5_jac1,180.0,15000.0,0.0005,1e-10,5,True,ok,0.00020433675016239247,6.176097359867579e-07,2.177814391359162e-06,9.629145859468626e-06,4.403,1.7061973999989277,C:\Users\lyx\Desktop\sci\code\project_method3a_pcg_solver\results\tuning_20260421\method3a_pcg\offline_broad_runs\tg180_pw1p5e04_dw0p0005_rg1em10_it5_jac1\offline,2.3708167287187867
tg180_pw1p5e04_dw0p0005_rg1em09_it5_jac1,180.0,15000.0,0.0005,1e-09,5,True,ok,0.00020433674786593344,6.176136075449756e-07,2.177637955515044e-06,1.0470800276270297e-05,4.409,1.7047411999992619,C:\Users\lyx\Desktop\sci\code\project_method3a_pcg_solver\results\tuning_20260421\method3a_pcg\offline_broad_runs\tg180_pw1p5e04_dw0p0005_rg1em09_it5_jac1\offline,2.4037159126697776
tg198_pw1p5e04_dw0p0005_rg1em08_it5_jac1,198.0,15000.0,0.0005,1e-08,5,True,ok,0.00020433668293805951,6.081544119758359e-07,2.1749010935787587e-06,1.0668094076673203e-05,4.401,1.7282513999998628,C:\Users\lyx\Desktop\sci\code\project_method3a_pcg_solver\results\tuning_20260421\method3a_pcg\offline_broad_runs\tg198_pw1p5e04_dw0p0005_rg1em08_it5_jac1\offline,2.4063627306665096
tg198_pw1p5e04_dw0p002_rg1em09_it6_jac1,198.0,15000.0,0.002,1e-09,6,True,ok,0.00020433672664403688,6.079165446478656e-07,2.558506597752073e-06,5.849371648800875e-06,4.861,1.7381852999969851,C:\Users\lyx\Desktop\sci\code\project_method3a_pcg_solver\results\tuning_20260421\method3a_pcg\offline_broad_runs\tg198_pw1p5e04_dw0p002_rg1em09_it6_jac1\offline,2.472916981629772
tg180_pw1p5e04_dw0p002_rg1em09_it5_jac1,180.0,15000.0,0.002,1e-09,5,True,ok,0.00020433680007889393,6.176417803376483e-07,2.691446253297483e-06,4.748949247227854e-06,4.4795,1.556040399998892,C:\Users\lyx\Desktop\sci\code\project_method3a_pcg_solver\results\tuning_20260421\method3a_pcg\offline_broad_runs\tg180_pw1p5e04_dw0p002_rg1em09_it5_jac1\offline,2.5079256808179666
tg180_pw1e04_dw0p002_rg1em10_it6_jac1,180.0,10000.0,0.002,1e-10,6,True,ok,0.00020433684012449347,6.176287000253199e-07,2.849955779142128e-06,3.866201155915474e-06,4.908,1.7511569000016607,C:\Users\lyx\Desktop\sci\code\project_method3a_pcg_solver\results\tuning_20260421\method3a_pcg\offline_broad_runs\tg180_pw1e04_dw0p002_rg1em10_it6_jac1\offline,2.5846905668868843
tg180_pw8e03_dw0p0005_rg1em10_it5_jac1,180.0,8000.0,0.0005,1e-10,5,True,ok,0.0002043367650869347,6.17654890425543e-07,2.7924257306791227e-06,5.2188214157017475e-06,4.41975,1.0532520999986446,C:\Users\lyx\Desktop\sci\code\project_method3a_pcg_solver\results\tuning_20260421\method3a_pcg\offline_broad_runs\tg180_pw8e03_dw0p0005_rg1em10_it5_jac1\offline,2.5888161932425398
tg198_pw1e04_dw0p002_rg1em10_it5_jac1,198.0,10000.0,0.002,1e-10,5,True,ok,0.00020433676305979298,6.07935546363413e-07,3.0093376808270498e-06,3.2415585229978236e-06,4.515,1.7239899000014702,C:\Users\lyx\Desktop\sci\code\project_method3a_pcg_solver\results\tuning_20260421\method3a_pcg\offline_broad_runs\tg198_pw1e04_dw0p002_rg1em10_it5_jac1\offline,2.6483497328344354
tg180_pw8e03_dw0p002_rg1em09_it5_jac1,180.0,8000.0,0.002,1e-09,5,True,ok,0.00020433687631219886,6.176315119381001e-07,3.0502356489365886e-06,2.6143845877124924e-06,4.535,1.7560315999980958,C:\Users\lyx\Desktop\sci\code\project_method3a_pcg_solver\results\tuning_20260421\method3a_pcg\offline_broad_runs\tg180_pw8e03_dw0p002_rg1em09_it5_jac1\offline,2.653497530730145
tg198_pw8e03_dw0p002_rg1em10_it6_jac1,198.0,8000.0,0.002,1e-10,6,True,ok,0.00020433679554326175,6.08060633752267e-07,3.122169163365769e-06,2.9441934815192804e-06,4.92625,1.756830300000729,C:\Users\lyx\Desktop\sci\code\project_method3a_pcg_solver\results\tuning_20260421\method3a_pcg\offline_broad_runs\tg198_pw8e03_dw0p002_rg1em10_it6_jac1\offline,2.7186167484338943
tg198_pw8e03_dw0p002_rg1em08_it5_jac1,198.0,8000.0,0.002,1e-08,5,True,ok,0.00020433679560402713,6.079962579804092e-07,3.384749454131094e-06,2.584273835329384e-06,4.54875,1.7305406000014045,C:\Users\lyx\Desktop\sci\code\project_method3a_pcg_solver\results\tuning_20260421\method3a_pcg\offline_broad_runs\tg198_pw8e03_dw0p002_rg1em08_it5_jac1\offline,2.8616178175080114
tg198_pw8e03_dw0p002_rg1em09_it5_jac1,198.0,8000.0,0.002,1e-09,5,True,ok,0.00020433679550732338,6.079090603091902e-07,3.682141513998773e-06,2.616714205511552e-06,4.5365,1.6683025999991514,C:\Users\lyx\Desktop\sci\code\project_method3a_pcg_solver\results\tuning_20260421\method3a_pcg\offline_broad_runs\tg198_pw8e03_dw0p002_rg1em09_it5_jac1\offline,3.0511390840405705
tg198_pw1e04_dw0p002_rg1em09_it5_jac1,198.0,10000.0,0.002,1e-09,5,True,ok,0.00020433676308901505,6.080996447307316e-07,4.0389413557955695e-06,3.196794236998405e-06,4.51475,1.761709600003087,C:\Users\lyx\Desktop\sci\code\project_method3a_pcg_solver\results\tuning_20260421\method3a_pcg\offline_broad_runs\tg198_pw1e04_dw0p002_rg1em09_it5_jac1\offline,3.299568421328469
tg180_pw8e03_dw0p002_rg1em09_it6_jac1,180.0,8000.0,0.002,1e-09,6,True,ok,0.0002043368762090159,6.176392899319355e-07,4.598704750193827e-06,3.1222248535649356e-06,4.94375,1.726574600001186,C:\Users\lyx\Desktop\sci\code\project_method3a_pcg_solver\results\tuning_20260421\method3a_pcg\offline_broad_runs\tg180_pw8e03_dw0p002_rg1em09_it6_jac1\offline,3.6655030776692996
tg198_pw1e04_dw0p0005_rg1em08_it5_jac1,198.0,10000.0,0.0005,1e-08,5,True,ok,0.0002043366910259541,6.082278127483093e-07,4.720736406763936e-06,6.501989110126196e-06,4.42375,1.7298335999985284,C:\Users\lyx\Desktop\sci\code\project_method3a_pcg_solver\results\tuning_20260421\method3a_pcg\offline_broad_runs\tg198_pw1e04_dw0p0005_rg1em08_it5_jac1\offline,3.858733231935438
tg180_pw1e04_dw0p0005_rg1em08_it5_jac1,180.0,10000.0,0.0005,1e-08,5,True,ok,0.00020433675973982889,6.176865237480928e-07,4.723997899609551e-06,6.971451802386522e-06,4.398,1.7124565999984043,C:\Users\lyx\Desktop\sci\code\project_method3a_pcg_solver\results\tuning_20260421\method3a_pcg\offline_broad_runs\tg180_pw1e04_dw0p0005_rg1em08_it5_jac1\offline,3.8816064084428725
tg180_pw8e03_dw0p0005_rg1em09_it5_jac1,180.0,8000.0,0.0005,1e-09,5,True,ok,0.0002043367655868395,6.175848165553251e-07,5.270634912954026e-06,5.179772392945211e-06,4.4205,1.7982646000018576,C:\Users\lyx\Desktop\sci\code\project_method3a_pcg_solver\results\tuning_20260421\method3a_pcg\offline_broad_runs\tg180_pw8e03_dw0p0005_rg1em09_it5_jac1\offline,4.1588323800741245
tg198_pw8e03_dw0p002_rg1em10_it5_jac1,198.0,8000.0,0.002,1e-10,5,True,ok,0.00020433679562235324,6.082774380459134e-07,5.532451124494988e-06,2.6422524065043603e-06,4.53175,1.6855427000009513,C:\Users\lyx\Desktop\sci\code\project_method3a_pcg_solver\results\tuning_20260421\method3a_pcg\offline_broad_runs\tg198_pw8e03_dw0p002_rg1em10_it5_jac1\offline,4.2255043077669106
tg180_pw8e03_dw0p002_rg1em10_it5_jac1,180.0,8000.0,0.002,1e-10,5,True,ok,0.00020433687629091535,6.176296270312808e-07,5.6261519516849205e-06,2.6074289855392087e-06,4.54575,1.7766374000020733,C:\Users\lyx\Desktop\sci\code\project_method3a_pcg_solver\results\tuning_20260421\method3a_pcg\offline_broad_runs\tg180_pw8e03_dw0p002_rg1em10_it5_jac1\offline,4.286999785456101
tg198_pw1p5e04_dw0p002_rg1em10_it5_jac1,198.0,15000.0,0.002,1e-10,5,True,ok,0.00020433672685047,6.08075264950136e-07,5.545468625306126e-06,4.51888317901457e-06,4.48275,1.768293299999641,C:\Users\lyx\Desktop\sci\code\project_method3a_pcg_solver\results\tuning_20260421\method3a_pcg\offline_broad_runs\tg198_pw1p5e04_dw0p002_rg1em10_it5_jac1\offline,4.305734367822546
tg198_pw1p5e04_dw0p002_rg1em09_it5_jac1,198.0,15000.0,0.002,1e-09,5,True,ok,0.00020433672675437804,6.077468056221079e-07,5.855524865520846e-06,4.697702720232302e-06,4.46825,1.7553848999996262,C:\Users\lyx\Desktop\sci\code\project_method3a_pcg_solver\results\tuning_20260421\method3a_pcg\offline_broad_runs\tg198_pw1p5e04_dw0p002_rg1em09_it5_jac1\offline,4.508865636700454
tg198_pw8e03_dw0p002_rg1em08_it6_jac1,198.0,8000.0,0.002,1e-08,6,True,ok,0.0002043367955796202,6.081279505467458e-07,5.962388651202032e-06,2.916784964402267e-06,4.933,1.7815919000022404,C:\Users\lyx\Desktop\sci\code\project_method3a_pcg_solver\results\tuning_20260421\method3a_pcg\offline_broad_runs\tg198_pw8e03_dw0p002_rg1em08_it6_jac1\offline,4.518849948863906
tg198_pw1e04_dw0p002_rg1em08_it6_jac1,198.0,10000.0,0.002,1e-08,6,True,ok,0.00020433676313167377,6.080381372517055e-07,5.990377592417056e-06,3.861453063718066e-06,4.919,1.7734301000018604,C:\Users\lyx\Desktop\sci\code\project_method3a_pcg_solver\results\tuning_20260421\method3a_pcg\offline_broad_runs\tg198_pw1e04_dw0p002_rg1em08_it6_jac1\offline,4.57310085311586
tg198_pw1e04_dw0p002_rg1em09_it6_jac1,198.0,10000.0,0.002,1e-09,6,True,ok,0.0002043367630285806,6.07807741890596e-07,5.989812039635607e-06,3.87916698884143e-06,4.915,1.7928359999968961,C:\Users\lyx\Desktop\sci\code\project_method3a_pcg_solver\results\tuning_20260421\method3a_pcg\offline_broad_runs\tg198_pw1e04_dw0p002_rg1em09_it6_jac1\offline,4.573257772290701
tg180_pw8e03_dw0p002_rg1em08_it5_jac1,180.0,8000.0,0.002,1e-08,5,True,ok,0.0002043368762962514,6.176353024246195e-07,6.383616734783281e-06,2.5613530016103366e-06,4.542,1.7870518999989145,C:\Users\lyx\Desktop\sci\code\project_method3a_pcg_solver\results\tuning_20260421\method3a_pcg\offline_broad_runs\tg180_pw8e03_dw0p002_rg1em08_it5_jac1\offline,4.765451842161146
tg180_pw1e04_dw0p002_rg1em08_it5_jac1,180.0,10000.0,0.002,1e-08,5,True,ok,0.0002043368402402181,6.176246349437872e-07,7.092972998333701e-06,3.225488169819121e-06,4.51375,1.7444813000001886,C:\Users\lyx\Desktop\sci\code\project_method3a_pcg_solver\results\tuning_20260421\method3a_pcg\offline_broad_runs\tg180_pw1e04_dw0p002_rg1em08_it5_jac1\offline,5.240505971311568
tg198_pw8e03_dw0p001_rg1em08_it6_jac1,198.0,8000.0,0.001,1e-08,6,True,ok,0.00020433672287745316,6.08053950979745e-07,9.040593102689462e-06,4.089370722889656e-06,4.8655,1.6531919000008202,C:\Users\lyx\Desktop\sci\code\project_method3a_pcg_solver\results\tuning_20260421\method3a_pcg\offline_broad_runs\tg198_pw8e03_dw0p001_rg1em08_it6_jac1\offline,6.514946812812051
tg198_pw1e04_dw0p001_rg1em09_it6_jac1,198.0,10000.0,0.001,1e-09,6,True,ok,0.00020433671170754539,6.080689331227067e-07,9.10365747379816e-06,5.491643933609225e-06,4.862,1.6928124000005482,C:\Users\lyx\Desktop\sci\code\project_method3a_pcg_solver\results\tuning_20260421\method3a_pcg\offline_broad_runs\tg198_pw1e04_dw0p001_rg1em09_it6_jac1\offline,6.609603563314599
tg180_pw1e04_dw0p002_rg1em10_it5_jac1,180.0,10000.0,0.002,1e-10,5,True,ok,0.00020433684028349464,6.176393668662965e-07,9.352904375685154e-06,3.201041475629948e-06,4.51275,1.749199599998974,C:\Users\lyx\Desktop\sci\code\project_method3a_pcg_solver\results\tuning_20260421\method3a_pcg\offline_broad_runs\tg180_pw1e04_dw0p002_rg1em10_it5_jac1\offline,6.672656594321052
tg198_pw1p5e04_dw0p002_rg1em08_it5_jac1,198.0,15000.0,0.002,1e-08,5,True,ok,0.00020433672686510598,6.076872199323393e-07,9.475042020064945e-06,4.5082724253895334e-06,4.49825,1.7732942000002367,C:\Users\lyx\Desktop\sci\code\project_method3a_pcg_solver\results\tuning_20260421\method3a_pcg\offline_broad_runs\tg198_pw1p5e04_dw0p002_rg1em08_it5_jac1\offline,6.797500814750507
tg180_pw1p5e04_dw0p002_rg1em08_it5_jac1,180.0,15000.0,0.002,1e-08,5,True,ok,0.000204336800102229,6.176301339531697e-07,9.834756983746402e-06,4.433957498984812e-06,4.5035,1.6335791000019526,C:\Users\lyx\Desktop\sci\code\project_method3a_pcg_solver\results\tuning_20260421\method3a_pcg\offline_broad_runs\tg180_pw1p5e04_dw0p002_rg1em08_it5_jac1\offline,7.026122165777443
tg198_pw8e03_dw0p001_rg1em09_it5_jac1,198.0,8000.0,0.001,1e-09,5,True,ok,0.00020433672277948335,6.087056249777556e-07,1.0189954366811512e-05,3.369559455605395e-06,4.44825,1.7194209000008414,C:\Users\lyx\Desktop\sci\code\project_method3a_pcg_solver\results\tuning_20260421\method3a_pcg\offline_broad_runs\tg198_pw8e03_dw0p001_rg1em09_it5_jac1\offline,7.205487362072422
tg180_pw8e03_dw0p001_rg1em08_it5_jac1,180.0,8000.0,0.001,1e-08,5,True,ok,0.0002043367956167512,6.176201167627796e-07,1.1388982639384709e-05,3.42109882250229e-06,4.441,1.8283807999978308,C:\Users\lyx\Desktop\sci\code\project_method3a_pcg_solver\results\tuning_20260421\method3a_pcg\offline_broad_runs\tg180_pw8e03_dw0p001_rg1em08_it5_jac1\offline,7.970617209227078
tg198_pw1p5e04_dw0p0005_rg1em10_it5_jac1,198.0,15000.0,0.0005,1e-10,5,True,ok,0.00020433668119515812,6.113670887194301e-07,1.1667551393278452e-05,1.0471704407642969e-05,4.38825,1.7169538999987708,C:\Users\lyx\Desktop\sci\code\project_method3a_pcg_solver\results\tuning_20260421\method3a_pcg\offline_broad_runs\tg198_pw1p5e04_dw0p0005_rg1em10_it5_jac1\offline,8.419157259717316
tg198_pw1e04_dw0p001_rg1em08_it5_jac1,198.0,10000.0,0.001,1e-08,5,True,ok,0.00020433671173243962,6.075817516278049e-07,1.2406827988615944e-05,4.2292210089762166e-06,4.45,1.7187535000011849,C:\Users\lyx\Desktop\sci\code\project_method3a_pcg_solver\results\tuning_20260421\method3a_pcg\offline_broad_runs\tg198_pw1e04_dw0p001_rg1em08_it5_jac1\offline,8.644543514019674
tg180_pw1e04_dw0p001_rg1em08_it6_jac1,180.0,10000.0,0.001,1e-08,6,True,ok,0.00020433678315993477,6.176265018758232e-07,1.2473286262204991e-05,5.211647067009682e-06,4.84325,1.6842319999996107,C:\Users\lyx\Desktop\sci\code\project_method3a_pcg_solver\results\tuning_20260421\method3a_pcg\offline_broad_runs\tg180_pw1e04_dw0p001_rg1em08_it6_jac1\offline,8.738190621542492
tg198_pw8e03_dw0p001_rg1em10_it5_jac1,198.0,8000.0,0.001,1e-10,5,True,ok,0.000204336722861109,6.078940397591042e-07,1.3522424593595645e-05,3.4071302569995844e-06,4.447,1.7776421000016853,C:\Users\lyx\Desktop\sci\code\project_method3a_pcg_solver\results\tuning_20260421\method3a_pcg\offline_broad_runs\tg198_pw8e03_dw0p001_rg1em10_it5_jac1\offline,9.319926083429303
tg198_pw8e03_dw0p001_rg1em09_it6_jac1,198.0,8000.0,0.001,1e-09,6,True,ok,0.00020433672239614724,6.079804152121807e-07,1.3566099530812569e-05,3.963306909708352e-06,4.86275,1.689139800000703,C:\Users\lyx\Desktop\sci\code\project_method3a_pcg_solver\results\tuning_20260421\method3a_pcg\offline_broad_runs\tg198_pw8e03_dw0p001_rg1em09_it6_jac1\offline,9.379761360610223
tg180_pw1e04_dw0p002_rg1em09_it6_jac1,180.0,10000.0,0.002,1e-09,6,True,ok,0.00020433684020901004,6.176344471349714e-07,1.409119655091789e-05,3.912387798103495e-06,4.9225,1.7731320000020787,C:\Users\lyx\Desktop\sci\code\project_method3a_pcg_solver\results\tuning_20260421\method3a_pcg\offline_broad_runs\tg180_pw1e04_dw0p002_rg1em09_it6_jac1\offline,9.715440023760115
tg180_pw1e04_dw0p001_rg1em09_it5_jac1,180.0,10000.0,0.001,1e-09,5,True,ok,0.00020433678331797621,6.176494507274437e-07,1.5857296680096083e-05,4.377530134460366e-06,4.439,1.7678760999988299,C:\Users\lyx\Desktop\sci\code\project_method3a_pcg_solver\results\tuning_20260421\method3a_pcg\offline_broad_runs\tg180_pw1e04_dw0p001_rg1em09_it5_jac1\offline,10.841478763443652
tg180_pw8e03_dw0p001_rg1em10_it6_jac1,180.0,8000.0,0.001,1e-10,6,True,ok,0.00020433679562036378,6.176212637795534e-07,1.6093416713993725e-05,3.88150259010263e-06,4.86975,1.7733633000025293,C:\Users\lyx\Desktop\sci\code\project_method3a_pcg_solver\results\tuning_20260421\method3a_pcg\offline_broad_runs\tg180_pw8e03_dw0p001_rg1em10_it6_jac1\offline,10.982609532520172
tg180_pw1p5e04_dw0p002_rg1em10_it5_jac1,180.0,15000.0,0.002,1e-10,5,True,ok,0.0002043368001343824,6.176405464726576e-07,1.6121780513968904e-05,4.746239016622612e-06,4.4735,1.7730265999998664,C:\Users\lyx\Desktop\sci\code\project_method3a_pcg_solver\results\tuning_20260421\method3a_pcg\offline_broad_runs\tg180_pw1p5e04_dw0p002_rg1em10_it5_jac1\offline,11.024454870845275
tg180_pw1p5e04_dw0p001_rg1em09_it6_jac1,180.0,15000.0,0.001,1e-09,6,True,ok,0.0002043367683825242,6.176699873267722e-07,1.6401273766527898e-05,8.524536877619225e-06,4.82875,1.7989002000031178,C:\Users\lyx\Desktop\sci\code\project_method3a_pcg_solver\results\tuning_20260421\method3a_pcg\offline_broad_runs\tg180_pw1p5e04_dw0p001_rg1em09_it6_jac1\offline,11.35809918034789
tg180_pw8e03_dw0p001_rg1em10_it5_jac1,180.0,8000.0,0.001,1e-10,5,True,ok,0.0002043367956443122,6.176554000465437e-07,1.70130948159605e-05,3.4948263202996957e-06,4.44475,1.7720050999996602,C:\Users\lyx\Desktop\sci\code\project_method3a_pcg_solver\results\tuning_20260421\method3a_pcg\offline_broad_runs\tg180_pw8e03_dw0p001_rg1em10_it5_jac1\offline,11.540106262279819
tg198_pw1p5e04_dw0p001_rg1em08_it5_jac1,198.0,15000.0,0.001,1e-08,5,True,ok,0.0002043366985526776,6.079928258542989e-07,1.732207126260764e-05,6.685436049339881e-06,4.4155,1.640051600003062,C:\Users\lyx\Desktop\sci\code\project_method3a_pcg_solver\results\tuning_20260421\method3a_pcg\offline_broad_runs\tg198_pw1p5e04_dw0p001_rg1em08_it5_jac1\offline,11.856690781136928
tg180_pw8e03_dw0p001_rg1em09_it6_jac1,180.0,8000.0,0.001,1e-09,6,True,ok,0.00020433679558755192,6.175843983738158e-07,1.799963393556868e-05,4.017404212819808e-06,4.8545,1.7882528000009188,C:\Users\lyx\Desktop\sci\code\project_method3a_pcg_solver\results\tuning_20260421\method3a_pcg\offline_broad_runs\tg180_pw8e03_dw0p001_rg1em09_it6_jac1\offline,12.196340869343825
tg198_pw8e03_dw0p001_rg1em08_it5_jac1,198.0,8000.0,0.001,1e-08,5,True,ok,0.0002043367226696078,6.075369786563436e-07,1.834543643525388e-05,3.429112310962684e-06,4.449,1.6336814999995113,C:\Users\lyx\Desktop\sci\code\project_method3a_pcg_solver\results\tuning_20260421\method3a_pcg\offline_broad_runs\tg198_pw8e03_dw0p001_rg1em08_it5_jac1\offline,12.379207581464884
tg180_pw1p5e04_dw0p002_rg1em10_it6_jac1,180.0,15000.0,0.002,1e-10,6,True,ok,0.00020433679993209022,6.176216079963705e-07,1.847057085847828e-05,5.88811779101863e-06,4.90025,1.5829655999987153,C:\Users\lyx\Desktop\sci\code\project_method3a_pcg_solver\results\tuning_20260421\method3a_pcg\offline_broad_runs\tg180_pw1p5e04_dw0p002_rg1em10_it6_jac1\offline,12.569175843788681
tg180_pw1p5e04_dw0p001_rg1em09_it5_jac1,180.0,15000.0,0.001,1e-09,5,True,ok,0.00020433676812579399,6.175861893406537e-07,2.0146490881578065e-05,6.493665783819016e-06,4.441,1.768925099997432,C:\Users\lyx\Desktop\sci\code\project_method3a_pcg_solver\results\tuning_20260421\method3a_pcg\offline_broad_runs\tg180_pw1p5e04_dw0p001_rg1em09_it5_jac1\offline,13.64409878402362
tg180_pw1p5e04_dw0p001_rg1em08_it5_jac1,180.0,15000.0,0.001,1e-08,5,True,ok,0.000204336768168374,6.176173113425489e-07,2.0233741716328958e-05,6.813738270425282e-06,4.4195,1.7345956999997725,C:\Users\lyx\Desktop\sci\code\project_method3a_pcg_solver\results\tuning_20260421\method3a_pcg\offline_broad_runs\tg180_pw1p5e04_dw0p001_rg1em08_it5_jac1\offline,13.71139736295944
tg198_pw1e04_dw0p001_rg1em08_it6_jac1,198.0,10000.0,0.001,1e-08,6,True,ok,0.00020433671146499093,6.078318398449323e-07,2.125565171939659e-05,5.000300779533607e-06,4.85325,1.7867502999979479,C:\Users\lyx\Desktop\sci\code\project_method3a_pcg_solver\results\tuning_20260421\method3a_pcg\offline_broad_runs\tg198_pw1e04_dw0p001_rg1em08_it6_jac1\offline,14.296255532670932
tg198_pw1p5e04_dw0p002_rg1em10_it6_jac1,198.0,15000.0,0.002,1e-10,6,True,ok,0.00020433672686167965,6.080880304428363e-07,2.133400382195907e-05,5.9478821527202625e-06,4.89025,1.742360500000359,C:\Users\lyx\Desktop\sci\code\project_method3a_pcg_solver\results\tuning_20260421\method3a_pcg\offline_broad_runs\tg198_pw1p5e04_dw0p002_rg1em10_it6_jac1\offline,14.383947267536435
tg180_pw1e04_dw0p001_rg1em08_it5_jac1,180.0,10000.0,0.001,1e-08,5,True,ok,0.00020433678304896291,6.176003749479091e-07,2.2547871711987698e-05,4.033481523894077e-06,4.47775,1.8094818999998097,C:\Users\lyx\Desktop\sci\code\project_method3a_pcg_solver\results\tuning_20260421\method3a_pcg\offline_broad_runs\tg180_pw1e04_dw0p001_rg1em08_it5_jac1\offline,15.071797023593373
tg198_pw1e04_dw0p001_rg1em09_it5_jac1,198.0,10000.0,0.001,1e-09,5,True,ok,0.00020433671160163258,6.079450556495063e-07,2.2841365565166473e-05,4.153088404162327e-06,4.44375,1.7091928999980155,C:\Users\lyx\Desktop\sci\code\project_method3a_pcg_solver\results\tuning_20260421\method3a_pcg\offline_broad_runs\tg198_pw1e04_dw0p001_rg1em09_it5_jac1\offline,15.25854929628102
tg180_pw1p5e04_dw0p002_rg1em08_it6_jac1,180.0,15000.0,0.002,1e-08,6,True,ok,0.00020433680006106387,6.176444882607586e-07,2.4322216171979783e-05,5.70938299343725e-06,4.885,1.7430238999986614,C:\Users\lyx\Desktop\sci\code\project_method3a_pcg_solver\results\tuning_20260421\method3a_pcg\offline_broad_runs\tg180_pw1p5e04_dw0p002_rg1em08_it6_jac1\offline,16.272618192862605
tg180_pw1e04_dw0p001_rg1em09_it6_jac1,180.0,10000.0,0.001,1e-09,6,True,ok,0.00020433678321887274,6.176185057049947e-07,2.513419003288931e-05,5.4260256503031614e-06,4.85275,1.7408342000017,C:\Users\lyx\Desktop\sci\code\project_method3a_pcg_solver\results\tuning_20260421\method3a_pcg\offline_broad_runs\tg180_pw1e04_dw0p001_rg1em09_it6_jac1\offline,16.775649881100772
tg198_pw1e04_dw0p001_rg1em10_it5_jac1,198.0,10000.0,0.001,1e-10,5,True,ok,0.0002043367114837151,6.080038428700394e-07,2.72092059085548e-05,4.324728862039567e-06,4.4325,1.76118839999981,C:\Users\lyx\Desktop\sci\code\project_method3a_pcg_solver\results\tuning_20260421\method3a_pcg\offline_broad_runs\tg198_pw1e04_dw0p001_rg1em10_it5_jac1\offline,18.034834638144655
tg180_pw1p5e04_dw0p001_rg1em08_it6_jac1,180.0,15000.0,0.001,1e-08,6,True,ok,0.0002043367677647107,6.175697199232907e-07,2.9640080966391714e-05,8.178860202075169e-06,4.81875,1.7386817000005976,C:\Users\lyx\Desktop\sci\code\project_method3a_pcg_solver\results\tuning_20260421\method3a_pcg\offline_broad_runs\tg180_pw1p5e04_dw0p001_rg1em08_it6_jac1\offline,19.739649612178887
tg180_pw1e04_dw0p001_rg1em10_it5_jac1,180.0,10000.0,0.001,1e-10,5,True,ok,0.00020433678307031218,6.175818532649657e-07,3.0563114191757096e-05,4.299970972375143e-06,4.448,1.6932968999972218,C:\Users\lyx\Desktop\sci\code\project_method3a_pcg_solver\results\tuning_20260421\method3a_pcg\offline_broad_runs\tg180_pw1e04_dw0p001_rg1em10_it5_jac1\offline,20.164280822437572
tg180_pw8e03_dw0p001_rg1em09_it5_jac1,180.0,8000.0,0.001,1e-09,5,True,ok,0.0002043367955437067,6.176492731243033e-07,3.2916785048050216e-05,3.517064029022592e-06,4.44675,1.7943095000009635,C:\Users\lyx\Desktop\sci\code\project_method3a_pcg_solver\results\tuning_20260421\method3a_pcg\offline_broad_runs\tg180_pw8e03_dw0p001_rg1em09_it5_jac1\offline,21.62627535306511
tg180_pw1p5e04_dw0p001_rg1em10_it5_jac1,180.0,15000.0,0.001,1e-10,5,True,ok,0.00020433676809469844,6.17597004683922e-07,3.587704409956588e-05,6.59492444910223e-06,4.422,1.6886544000008143,C:\Users\lyx\Desktop\sci\code\project_method3a_pcg_solver\results\tuning_20260421\method3a_pcg\offline_broad_runs\tg180_pw1p5e04_dw0p001_rg1em10_it5_jac1\offline,23.62303940694121
tg198_pw1p5e04_dw0p0005_rg1em09_it5_jac1,198.0,15000.0,0.0005,1e-09,5,True,ok,0.00020433668202168907,6.093783759605254e-07,3.699639194872697e-05,1.078309986840592e-05,4.396,1.7156041999987792,C:\Users\lyx\Desktop\sci\code\project_method3a_pcg_solver\results\tuning_20260421\method3a_pcg\offline_broad_runs\tg198_pw1p5e04_dw0p0005_rg1em09_it5_jac1\offline,24.493021676969665
tg198_pw1p5e04_dw0p001_rg1em09_it6_jac1,198.0,15000.0,0.001,1e-09,6,True,ok,0.00020433669827103846,6.076960061333428e-07,3.8667015207947465e-05,8.3383417847848e-06,4.826,1.8081731999991462,C:\Users\lyx\Desktop\sci\code\project_method3a_pcg_solver\results\tuning_20260421\method3a_pcg\offline_broad_runs\tg198_pw1p5e04_dw0p001_rg1em09_it6_jac1\offline,25.467189678793215
tg198_pw1p5e04_dw0p001_rg1em10_it6_jac1,198.0,15000.0,0.001,1e-10,6,True,ok,0.00020433669854649824,6.09440662889406e-07,3.97662916961551e-05,8.099007731636098e-06,4.81525,1.7242336999988765,C:\Users\lyx\Desktop\sci\code\project_method3a_pcg_solver\results\tuning_20260421\method3a_pcg\offline_broad_runs\tg198_pw1p5e04_dw0p001_rg1em10_it6_jac1\offline,26.15525349218566
tg198_pw1p5e04_dw0p001_rg1em09_it5_jac1,198.0,15000.0,0.001,1e-09,5,True,ok,0.00020433669782267026,6.08754631991246e-07,4.013739070606755e-05,6.588274091335066e-06,4.434,1.7736758000028203,C:\Users\lyx\Desktop\sci\code\project_method3a_pcg_solver\results\tuning_20260421\method3a_pcg\offline_broad_runs\tg198_pw1p5e04_dw0p001_rg1em09_it5_jac1\offline,26.32184245629985
tg180_pw8e03_dw0p0005_rg1em10_it6_jac1,180.0,8000.0,0.0005,1e-10,6,True,ok,0.00020433676478761397,6.176107760548227e-07,4.407361859831481e-05,6.596757697133755e-06,4.8115,1.5722134000025108,C:\Users\lyx\Desktop\sci\code\project_method3a_pcg_solver\results\tuning_20260421\method3a_pcg\offline_broad_runs\tg180_pw8e03_dw0p0005_rg1em10_it6_jac1\offline,28.83067592802894
tg198_pw1e04_dw0p0005_rg1em10_it5_jac1,198.0,10000.0,0.0005,1e-10,5,True,ok,0.00020433669168695137,6.066127804229974e-07,4.481296244130804e-05,6.78990315886934e-06,4.402,1.6663995000017167,C:\Users\lyx\Desktop\sci\code\project_method3a_pcg_solver\results\tuning_20260421\method3a_pcg\offline_broad_runs\tg198_pw1e04_dw0p0005_rg1em10_it5_jac1\offline,29.293200287650574
tg198_pw8e03_dw0p0005_rg1em09_it5_jac1,198.0,8000.0,0.0005,1e-09,5,True,ok,0.0002043366958181638,6.086724324385681e-07,4.531854066181297e-05,5.091731081770662e-06,4.41975,1.6958247000002302,C:\Users\lyx\Desktop\sci\code\project_method3a_pcg_solver\results\tuning_20260421\method3a_pcg\offline_broad_runs\tg198_pw8e03_dw0p0005_rg1em09_it5_jac1\offline,29.54863387131228
tg180_pw8e03_dw0p0005_rg1em08_it6_jac1,180.0,8000.0,0.0005,1e-08,6,True,ok,0.0002043367652520285,6.176331094097244e-07,5.29822373610911e-05,6.205897615356241e-06,4.8,1.7726688000002468,C:\Users\lyx\Desktop\sci\code\project_method3a_pcg_solver\results\tuning_20260421\method3a_pcg\offline_broad_runs\tg180_pw8e03_dw0p0005_rg1em08_it6_jac1\offline,34.464495926412354
tg198_pw8e03_dw0p0005_rg1em10_it6_jac1,198.0,8000.0,0.0005,1e-10,6,True,ok,0.00020433669482489565,6.072040392897537e-07,5.4749265703279474e-05,6.464457270767086e-06,4.80875,1.7127078000012261,C:\Users\lyx\Desktop\sci\code\project_method3a_pcg_solver\results\tuning_20260421\method3a_pcg\offline_broad_runs\tg198_pw8e03_dw0p0005_rg1em10_it6_jac1\offline,35.59192216675521
tg180_pw8e03_dw0p0005_rg1em08_it5_jac1,180.0,8000.0,0.0005,1e-08,5,True,ok,0.0002043367656963825,6.176303945005853e-07,5.493333670962627e-05,5.136502271671061e-06,4.412,1.7727484999995795,C:\Users\lyx\Desktop\sci\code\project_method3a_pcg_solver\results\tuning_20260421\method3a_pcg\offline_broad_runs\tg180_pw8e03_dw0p0005_rg1em08_it5_jac1\offline,35.65032220300131
tg198_pw8e03_dw0p0005_rg1em08_it6_jac1,198.0,8000.0,0.0005,1e-08,6,True,ok,0.0002043366947196193,6.078522343511054e-07,5.988984906145593e-05,6.034082676201866e-06,4.81625,1.7159488999968744,C:\Users\lyx\Desktop\sci\code\project_method3a_pcg_solver\results\tuning_20260421\method3a_pcg\offline_broad_runs\tg198_pw8e03_dw0p0005_rg1em08_it6_jac1\offline,38.83539847722693
tg198_pw8e03_dw0p0005_rg1em09_it6_jac1,198.0,8000.0,0.0005,1e-09,6,True,ok,0.00020433669645257956,6.091940560329273e-07,6.0216001130097346e-05,6.179678589811624e-06,4.788,1.7324751000014658,C:\Users\lyx\Desktop\sci\code\project_method3a_pcg_solver\results\tuning_20260421\method3a_pcg\offline_broad_runs\tg198_pw8e03_dw0p0005_rg1em09_it6_jac1\offline,39.04764685152569
tg198_pw8e03_dw0p0005_rg1em08_it5_jac1,198.0,8000.0,0.0005,1e-08,5,True,ok,0.00020433669623915273,6.079482710360875e-07,6.0506673444354054e-05,5.2600432485936835e-06,4.41075,1.6689650000007532,C:\Users\lyx\Desktop\sci\code\project_method3a_pcg_solver\results\tuning_20260421\method3a_pcg\offline_broad_runs\tg198_pw8e03_dw0p0005_rg1em08_it5_jac1\offline,39.18622655915614
tg180_pw1e04_dw0p0005_rg1em09_it5_jac1,180.0,10000.0,0.0005,1e-09,5,True,ok,0.0002043367589744901,6.176274577202212e-07,6.258973136973373e-05,6.5465669130647555e-06,4.4045,1.7769170999999915,C:\Users\lyx\Desktop\sci\code\project_method3a_pcg_solver\results\tuning_20260421\method3a_pcg\offline_broad_runs\tg180_pw1e04_dw0p0005_rg1em09_it5_jac1\offline,40.56045311667055
tg198_pw1e04_dw0p0005_rg1em09_it6_jac1,198.0,10000.0,0.0005,1e-09,6,True,ok,0.00020433668913004334,6.087847917238977e-07,6.479811331074214e-05,8.096126925079335e-06,4.81025,1.7325912000014796,C:\Users\lyx\Desktop\sci\code\project_method3a_pcg_solver\results\tuning_20260421\method3a_pcg\offline_broad_runs\tg198_pw1e04_dw0p0005_rg1em09_it6_jac1\offline,42.02861556883511
tg198_pw1e04_dw0p0005_rg1em09_it5_jac1,198.0,10000.0,0.0005,1e-09,5,True,ok,0.0002043366895598816,6.07256946702611e-07,6.722154774038996e-05,6.696199806032623e-06,4.40575,1.7222280999994837,C:\Users\lyx\Desktop\sci\code\project_method3a_pcg_solver\results\tuning_20260421\method3a_pcg\offline_broad_runs\tg198_pw1e04_dw0p0005_rg1em09_it5_jac1\offline,43.50015073501992
tg198_pw8e03_dw0p0005_rg1em10_it5_jac1,198.0,8000.0,0.0005,1e-10,5,True,ok,0.00020433669531438008,6.071410119560464e-07,7.16419290988588e-05,5.215952947395923e-06,4.405,1.683555299998261,C:\Users\lyx\Desktop\sci\code\project_method3a_pcg_solver\results\tuning_20260421\method3a_pcg\offline_broad_runs\tg198_pw8e03_dw0p0005_rg1em10_it5_jac1\offline,46.24546690095393
tg198_pw1p5e04_dw0p001_rg1em10_it5_jac1,198.0,15000.0,0.001,1e-10,5,True,ok,0.0002043366986302202,6.086815240663478e-07,7.579318234051558e-05,6.8126615708019294e-06,4.42675,1.7468063999986043,C:\Users\lyx\Desktop\sci\code\project_method3a_pcg_solver\results\tuning_20260421\method3a_pcg\offline_broad_runs\tg198_pw1p5e04_dw0p001_rg1em10_it5_jac1\offline,48.94135580570995
tg180_pw1p5e04_dw0p0005_rg1em09_it6_jac1,180.0,15000.0,0.0005,1e-09,6,True,ok,0.00020433675074255154,6.174411217724111e-07,7.936745947730232e-05,1.39962049717487e-05,4.7695,1.7563702000006742,C:\Users\lyx\Desktop\sci\code\project_method3a_pcg_solver\results\tuning_20260421\method3a_pcg\offline_broad_runs\tg180_pw1p5e04_dw0p0005_rg1em09_it6_jac1\offline,51.49988673609902
tg180_pw1p5e04_dw0p0005_rg1em08_it6_jac1,180.0,15000.0,0.0005,1e-08,6,True,ok,0.00020433674830577675,6.176246706365239e-07,8.158001598236414e-05,1.3050416969306448e-05,4.79575,1.6905411000007007,C:\Users\lyx\Desktop\sci\code\project_method3a_pcg_solver\results\tuning_20260421\method3a_pcg\offline_broad_runs\tg180_pw1p5e04_dw0p0005_rg1em08_it6_jac1\offline,52.86676101769068
tg180_pw1p5e04_dw0p0005_rg1em10_it6_jac1,180.0,15000.0,0.0005,1e-10,6,True,ok,0.00020433674951809915,6.176244026100394e-07,9.673907950369244e-05,1.3096133345870481e-05,4.7855,1.766664699996909,C:\Users\lyx\Desktop\sci\code\project_method3a_pcg_solver\results\tuning_20260421\method3a_pcg\offline_broad_runs\tg180_pw1p5e04_dw0p0005_rg1em10_it6_jac1\offline,62.48134072221092
tg198_pw1p5e04_dw0p0005_rg1em09_it6_jac1,198.0,15000.0,0.0005,1e-09,6,True,ok,0.0002043366844596862,6.088171821630965e-07,9.926189723276044e-05,1.3745900383980437e-05,4.77325,1.7529577000022982,C:\Users\lyx\Desktop\sci\code\project_method3a_pcg_solver\results\tuning_20260421\method3a_pcg\offline_broad_runs\tg198_pw1p5e04_dw0p0005_rg1em09_it6_jac1\offline,64.10333069001796
tg180_pw1p5e04_dw0p0005_rg1em08_it5_jac1,180.0,15000.0,0.0005,1e-08,5,True,ok,0.00020433675065428835,6.176247587299448e-07,0.00010966217657459412,1.0874932211032052e-05,4.3965,1.7847500999996555,C:\Users\lyx\Desktop\sci\code\project_method3a_pcg_solver\results\tuning_20260421\method3a_pcg\offline_broad_runs\tg180_pw1p5e04_dw0p0005_rg1em08_it5_jac1\offline,70.58001686079953
tg198_pw1p5e04_dw0p0005_rg1em08_it6_jac1,198.0,15000.0,0.0005,1e-08,6,True,ok,0.000204336681572991,6.063225108974145e-07,0.00011467441181740584,1.2870522413249167e-05,4.77625,1.6853197999989789,C:\Users\lyx\Desktop\sci\code\project_method3a_pcg_solver\results\tuning_20260421\method3a_pcg\offline_broad_runs\tg198_pw1p5e04_dw0p0005_rg1em08_it6_jac1\offline,73.84218252218675
tg216_pw1p5e04_dw0p0005_rg1em09_it5_jac1,216.0,15000.0,0.0005,1e-09,5,True,ok,0.003524093424910974,0.00398544139399977,0.010804657112101478,0.0005642046298527665,4.989,1.2692200000019511,C:\Users\lyx\Desktop\sci\code\project_method3a_pcg_solver\results\tuning_20260421\method3a_pcg\offline_broad_runs\tg216_pw1p5e04_dw0p0005_rg1em09_it5_jac1\offline,8193.678075550624
tg216_pw8e03_dw0p0005_rg1em10_it5_jac1,216.0,8000.0,0.0005,1e-10,5,True,ok,0.0035248311028199825,0.003985441844286648,0.010804651406051002,0.0005643003851998821,4.989,1.7592643999996653,C:\Users\lyx\Desktop\sci\code\project_method3a_pcg_solver\results\tuning_20260421\method3a_pcg\offline_broad_runs\tg216_pw8e03_dw0p0005_rg1em10_it5_jac1\offline,8193.679427115572
tg216_pw8e03_dw0p0005_rg1em09_it5_jac1,216.0,8000.0,0.0005,1e-09,5,True,ok,0.003524859042637697,0.00398544201909541,0.01080465221506971,0.0005642975784139682,4.98825,1.7980999999999767,C:\Users\lyx\Desktop\sci\code\project_method3a_pcg_solver\results\tuning_20260421\method3a_pcg\offline_broad_runs\tg216_pw8e03_dw0p0005_rg1em09_it5_jac1\offline,8193.679910496503
tg216_pw1e04_dw0p0005_rg1em10_it5_jac1,216.0,10000.0,0.0005,1e-10,5,True,ok,0.003524869788572243,0.003985441576948786,0.010804653508168697,0.0005643278425460059,4.9905,1.7532788000025903,C:\Users\lyx\Desktop\sci\code\project_method3a_pcg_solver\results\tuning_20260421\method3a_pcg\offline_broad_runs\tg216_pw1e04_dw0p0005_rg1em10_it5_jac1\offline,8193.681838273043
tg216_pw1e04_dw0p0005_rg1em09_it5_jac1,216.0,10000.0,0.0005,1e-09,5,True,ok,0.0035248772089127717,0.00398544175013286,0.010804654308189289,0.0005643313740632056,4.989,1.765945199997077,C:\Users\lyx\Desktop\sci\code\project_method3a_pcg_solver\results\tuning_20260421\method3a_pcg\offline_broad_runs\tg216_pw1e04_dw0p0005_rg1em09_it5_jac1\offline,8193.682513990452
tg216_pw1p5e04_dw0p0005_rg1em10_it5_jac1,216.0,15000.0,0.0005,1e-10,5,True,ok,0.0035242361749944005,0.00398544121842253,0.010804656298827145,0.0005643347935336434,4.989,1.269416099999944,C:\Users\lyx\Desktop\sci\code\project_method3a_pcg_solver\results\tuning_20260421\method3a_pcg\offline_broad_runs\tg216_pw1p5e04_dw0p0005_rg1em10_it5_jac1\offline,8193.6827933146
tg216_pw1p5e04_dw0p0005_rg1em08_it5_jac1,216.0,15000.0,0.0005,1e-08,5,True,ok,0.0035241588657039784,0.003985443138266867,0.01080466518153511,0.0005642122942287572,4.98875,1.2074537000007695,C:\Users\lyx\Desktop\sci\code\project_method3a_pcg_solver\results\tuning_20260421\method3a_pcg\offline_broad_runs\tg216_pw1p5e04_dw0p0005_rg1em08_it5_jac1\offline,8193.684157162672
tg216_pw8e03_dw0p0005_rg1em08_it5_jac1,216.0,8000.0,0.0005,1e-08,5,True,ok,0.0035248613280343837,0.003985443761303884,0.010804660279000202,0.0005643303598307035,4.9885,1.7601376000020537,C:\Users\lyx\Desktop\sci\code\project_method3a_pcg_solver\results\tuning_20260421\method3a_pcg\offline_broad_runs\tg216_pw8e03_dw0p0005_rg1em08_it5_jac1\offline,8193.686888336411
tg216_pw1e04_dw0p0005_rg1em08_it5_jac1,216.0,10000.0,0.0005,1e-08,5,True,ok,0.0035248511550092934,0.003985443494973157,0.010804662381151473,0.0005643577303801235,4.98975,1.7572778000030667,C:\Users\lyx\Desktop\sci\code\project_method3a_pcg_solver\results\tuning_20260421\method3a_pcg\offline_broad_runs\tg216_pw1e04_dw0p0005_rg1em08_it5_jac1\offline,8193.689218474361
tg216_pw8e03_dw0p001_rg1em09_it5_jac1,216.0,8000.0,0.001,1e-09,5,True,ok,0.0035246195466135354,0.003985443260554095,0.010804641270406083,0.0011283102585263258,4.99175,1.7753330000014103,C:\Users\lyx\Desktop\sci\code\project_method3a_pcg_solver\results\tuning_20260421\method3a_pcg\offline_broad_runs\tg216_pw8e03_dw0p001_rg1em09_it5_jac1\offline,8215.693222726597
tg216_pw8e03_dw0p001_rg1em10_it5_jac1,216.0,8000.0,0.001,1e-10,5,True,ok,0.003524645099757799,0.0039854431725782815,0.010804640864499636,0.0011284007106611995,4.99275,1.7975194999999076,C:\Users\lyx\Desktop\sci\code\project_method3a_pcg_solver\results\tuning_20260421\method3a_pcg\offline_broad_runs\tg216_pw8e03_dw0p001_rg1em10_it5_jac1\offline,8215.696530245983
tg216_pw8e03_dw0p001_rg1em08_it5_jac1,216.0,8000.0,0.001,1e-08,5,True,ok,0.003524626193225714,0.003985444131697004,0.010804645301987147,0.0011283626210730874,4.99275,1.7742188999982318,C:\Users\lyx\Desktop\sci\code\project_method3a_pcg_solver\results\tuning_20260421\method3a_pcg\offline_broad_runs\tg216_pw8e03_dw0p001_rg1em08_it5_jac1\offline,8215.698145784489
tg216_pw1e04_dw0p001_rg1em10_it5_jac1,216.0,10000.0,0.001,1e-10,5,True,ok,0.0035247012096750866,0.003985442638151522,0.010804645065870026,0.001128459509181317,4.992,1.7716696999996202,C:\Users\lyx\Desktop\sci\code\project_method3a_pcg_solver\results\tuning_20260421\method3a_pcg\offline_broad_runs\tg216_pw1e04_dw0p001_rg1em10_it5_jac1\offline,8215.701377469144
tg216_pw1p5e04_dw0p001_rg1em09_it5_jac1,216.0,15000.0,0.001,1e-09,5,True,ok,0.003524756536618973,0.003985442010645693,0.010804651062610728,0.001128416903241226,4.98975,1.2066925999970408,C:\Users\lyx\Desktop\sci\code\project_method3a_pcg_solver\results\tuning_20260421\method3a_pcg\offline_broad_runs\tg216_pw1p5e04_dw0p001_rg1em09_it5_jac1\offline,8215.70333483717
tg216_pw1e04_dw0p001_rg1em09_it5_jac1,216.0,10000.0,0.001,1e-09,5,True,ok,0.0035247787885242035,0.0039854427250176775,0.010804645466512022,0.001128506375466893,4.99225,1.779997400000866,C:\Users\lyx\Desktop\sci\code\project_method3a_pcg_solver\results\tuning_20260421\method3a_pcg\offline_broad_runs\tg216_pw1e04_dw0p001_rg1em09_it5_jac1\offline,8215.703610085253
tg216_pw1e04_dw0p001_rg1em08_it5_jac1,216.0,10000.0,0.001,1e-08,5,True,ok,0.0035248683499712586,0.00398544359555596,0.010804649498923721,0.0011284710647292875,4.99175,1.776210699998046,C:\Users\lyx\Desktop\sci\code\project_method3a_pcg_solver\results\tuning_20260421\method3a_pcg\offline_broad_runs\tg216_pw1e04_dw0p001_rg1em08_it5_jac1\offline,8215.70519476515
tg216_pw1p5e04_dw0p001_rg1em10_it5_jac1,216.0,15000.0,0.001,1e-10,5,True,ok,0.0035248613803367693,0.003985441924816159,0.010804650664511263,0.001128553157501281,4.99,1.3733647000008204,C:\Users\lyx\Desktop\sci\code\project_method3a_pcg_solver\results\tuning_20260421\method3a_pcg\offline_broad_runs\tg216_pw1p5e04_dw0p001_rg1em10_it5_jac1\offline,8215.708533872681
tg216_pw1p5e04_dw0p001_rg1em08_it5_jac1,216.0,15000.0,0.001,1e-08,5,True,ok,0.0035248623642919505,0.003985442881513848,0.01080465509464474,0.0011285723441585183,4.99,1.2992549000009603,C:\Users\lyx\Desktop\sci\code\project_method3a_pcg_solver\results\tuning_20260421\method3a_pcg\offline_broad_runs\tg216_pw1p5e04_dw0p001_rg1em08_it5_jac1\offline,8215.712409323065
tg216_pw8e03_dw0p002_rg1em10_it5_jac1,216.0,8000.0,0.002,1e-10,5,True,ok,0.0035246244907769894,0.003985445844978935,0.010804619852789209,0.002256586794759972,4.9945,1.7769533999999112,C:\Users\lyx\Desktop\sci\code\project_method3a_pcg_solver\results\tuning_20260421\method3a_pcg\offline_broad_runs\tg216_pw8e03_dw0p002_rg1em10_it5_jac1\offline,8259.730590404524
tg216_pw8e03_dw0p002_rg1em08_it5_jac1,216.0,8000.0,0.002,1e-08,5,True,ok,0.0035246249776080276,0.003985446324706739,0.010804622071833319,0.0022566065320388322,4.9945,1.8217336000016076,C:\Users\lyx\Desktop\sci\code\project_method3a_pcg_solver\results\tuning_20260421\method3a_pcg\offline_broad_runs\tg216_pw8e03_dw0p002_rg1em08_it5_jac1\offline,8259.732927137995
tg216_pw8e03_dw0p002_rg1em09_it5_jac1,216.0,8000.0,0.002,1e-09,5,True,ok,0.003524642091943882,0.003985445889044571,0.010804620055998063,0.002256663728269895,4.9945,1.759863300001598,C:\Users\lyx\Desktop\sci\code\project_method3a_pcg_solver\results\tuning_20260421\method3a_pcg\offline_broad_runs\tg216_pw8e03_dw0p002_rg1em09_it5_jac1\offline,8259.733763273061
tg216_pw1e04_dw0p002_rg1em08_it5_jac1,216.0,10000.0,0.002,1e-08,5,True,ok,0.0035246517259839186,0.003985445253646421,0.010804630466595556,0.002256711850833058,4.99325,1.2415650000002643,C:\Users\lyx\Desktop\sci\code\project_method3a_pcg_solver\results\tuning_20260421\method3a_pcg\offline_broad_runs\tg216_pw1e04_dw0p002_rg1em08_it5_jac1\offline,8259.742017196539
tg216_pw1e04_dw0p002_rg1em10_it5_jac1,216.0,10000.0,0.002,1e-10,5,True,ok,0.003524667367374578,0.003985444773917207,0.010804628248198386,0.002256802144955482,4.99375,1.7677317000016046,C:\Users\lyx\Desktop\sci\code\project_method3a_pcg_solver\results\tuning_20260421\method3a_pcg\offline_broad_runs\tg216_pw1e04_dw0p002_rg1em10_it5_jac1\offline,8259.744012886073
tg216_pw1e04_dw0p002_rg1em09_it5_jac1,216.0,10000.0,0.002,1e-09,5,True,ok,0.0035246798940267395,0.0039854448181410535,0.010804628451778835,0.002256852677474888,4.994,1.7902821999996377,C:\Users\lyx\Desktop\sci\code\project_method3a_pcg_solver\results\tuning_20260421\method3a_pcg\offline_broad_runs\tg216_pw1e04_dw0p002_rg1em09_it5_jac1\offline,8259.746154099852
tg216_pw1p5e04_dw0p002_rg1em10_it5_jac1,216.0,15000.0,0.002,1e-10,5,True,ok,0.003524863512197749,0.003985443346778986,0.010804639443861766,0.0022569045503965015,4.99375,1.261424899999838,C:\Users\lyx\Desktop\sci\code\project_method3a_pcg_solver\results\tuning_20260421\method3a_pcg\offline_broad_runs\tg216_pw1p5e04_dw0p002_rg1em10_it5_jac1\offline,8259.754927885439
tg216_pw1p5e04_dw0p002_rg1em09_it5_jac1,216.0,15000.0,0.002,1e-09,5,True,ok,0.003524809423457068,0.0039854433906332375,0.010804639647183045,0.0022569751384654076,4.99325,1.2564726999989944,C:\Users\lyx\Desktop\sci\code\project_method3a_pcg_solver\results\tuning_20260421\method3a_pcg\offline_broad_runs\tg216_pw1p5e04_dw0p002_rg1em09_it5_jac1\offline,8259.757735261932
tg216_pw1p5e04_dw0p002_rg1em08_it5_jac1,216.0,15000.0,0.002,1e-08,5,True,ok,0.0035247994956343976,0.003985443825983579,0.010804641662043226,0.0022569667381343458,4.99325,1.2256225000019185,C:\Users\lyx\Desktop\sci\code\project_method3a_pcg_solver\results\tuning_20260421\method3a_pcg\offline_broad_runs\tg216_pw1p5e04_dw0p002_rg1em08_it5_jac1\offline,8259.758814039635
tg216_pw8e03_dw0p002_rg1em10_it6_jac1,216.0,8000.0,0.002,1e-10,6,True,ok,0.0034592992386361264,0.0038815409252359475,0.009323427054244555,0.028098613225914164,5.9895,1.8571432999997342,C:\Users\lyx\Desktop\sci\code\project_method3a_pcg_solver\results\tuning_20260421\method3a_pcg\offline_broad_runs\tg216_pw8e03_dw0p002_rg1em10_it6_jac1\offline,8295.014994410885
tg216_pw8e03_dw0p002_rg1em09_it6_jac1,216.0,8000.0,0.002,1e-09,6,True,ok,0.003459113043342217,0.0038814129254358867,0.009323096923740124,0.02877987310678686,5.9895,1.8458453999992344,C:\Users\lyx\Desktop\sci\code\project_method3a_pcg_solver\results\tuning_20260421\method3a_pcg\offline_broad_runs\tg216_pw8e03_dw0p002_rg1em09_it6_jac1\offline,8321.360805400524
tg216_pw8e03_dw0p002_rg1em08_it6_jac1,216.0,8000.0,0.002,1e-08,6,True,ok,0.003459294478035028,0.003881080344752453,0.009322434634464086,0.028840837779699403,5.9905,1.831281200000376,C:\Users\lyx\Desktop\sci\code\project_method3a_pcg_solver\results\tuning_20260421\method3a_pcg\offline_broad_runs\tg216_pw8e03_dw0p002_rg1em08_it6_jac1\offline,8323.211579404848
tg216_pw1e04_dw0p002_rg1em09_it6_jac1,216.0,10000.0,0.002,1e-09,6,True,ok,0.0034596341311117725,0.0038821040883319073,0.009324567853726295,0.0557859957389025,5.98875,1.604585799999768,C:\Users\lyx\Desktop\sci\code\project_method3a_pcg_solver\results\tuning_20260421\method3a_pcg\offline_broad_runs\tg216_pw1e04_dw0p002_rg1em09_it6_jac1\offline,9376.89173443337
tg216_pw1e04_dw0p002_rg1em10_it6_jac1,216.0,10000.0,0.002,1e-10,6,True,ok,0.003459450168232083,0.0038825038601807277,0.0093254620716477,0.055769050746433485,5.98875,1.8235133999987738,C:\Users\lyx\Desktop\sci\code\project_method3a_pcg_solver\results\tuning_20260421\method3a_pcg\offline_broad_runs\tg216_pw1e04_dw0p002_rg1em10_it6_jac1\offline,9376.928832180669
tg216_pw1e04_dw0p002_rg1em08_it6_jac1,216.0,10000.0,0.002,1e-08,6,True,ok,0.003459478608188745,0.003880870990337009,0.0093225007395089,0.05619339599584152,5.98725,1.319342200000392,C:\Users\lyx\Desktop\sci\code\project_method3a_pcg_solver\results\tuning_20260421\method3a_pcg\offline_broad_runs\tg216_pw1e04_dw0p002_rg1em08_it6_jac1\offline,9391.079537070156
tg216_pw8e03_dw0p001_rg1em10_it6_jac1,216.0,8000.0,0.001,1e-10,6,True,ok,0.003464511861072044,0.0038783280887731424,0.009318471936290323,0.11024760811973972,5.98525,1.824044099997991,C:\Users\lyx\Desktop\sci\code\project_method3a_pcg_solver\results\tuning_20260421\method3a_pcg\offline_broad_runs\tg216_pw8e03_dw0p001_rg1em10_it6_jac1\offline,11498.070526801257
tg216_pw8e03_dw0p001_rg1em09_it6_jac1,216.0,8000.0,0.001,1e-09,6,True,ok,0.0034653751366903107,0.003880425861814129,0.009321089766676489,0.11161498807773643,5.98425,1.8392969000015,C:\Users\lyx\Desktop\sci\code\project_method3a_pcg_solver\results\tuning_20260421\method3a_pcg\offline_broad_runs\tg216_pw8e03_dw0p001_rg1em09_it6_jac1\offline,11553.808885280829
tg216_pw8e03_dw0p001_rg1em08_it6_jac1,216.0,8000.0,0.001,1e-08,6,True,ok,0.003464711615568332,0.003876396433474437,0.009316110333830806,0.11208224872083031,5.98525,1.8068414000008488,C:\Users\lyx\Desktop\sci\code\project_method3a_pcg_solver\results\tuning_20260421\method3a_pcg\offline_broad_runs\tg216_pw8e03_dw0p001_rg1em08_it6_jac1\offline,11567.563841732892
tg216_pw1p5e04_dw0p002_rg1em09_it6_jac1,216.0,15000.0,0.002,1e-09,6,True,ok,0.0034635166481622823,0.003879312802191289,0.00931905196102104,0.18595819171580746,5.98625,1.303777799999807,C:\Users\lyx\Desktop\sci\code\project_method3a_pcg_solver\results\tuning_20260421\method3a_pcg\offline_broad_runs\tg216_pw1p5e04_dw0p002_rg1em09_it6_jac1\offline,14454.644165586395
tg216_pw1p5e04_dw0p002_rg1em08_it6_jac1,216.0,15000.0,0.002,1e-08,6,True,ok,0.0034637016793522043,0.00388163100517228,0.009323919764995638,0.19038293296673267,5.9865,1.2331197999992582,C:\Users\lyx\Desktop\sci\code\project_method3a_pcg_solver\results\tuning_20260421\method3a_pcg\offline_broad_runs\tg216_pw1p5e04_dw0p002_rg1em08_it6_jac1\offline,14631.246169650769
tg216_pw1p5e04_dw0p002_rg1em10_it6_jac1,216.0,15000.0,0.002,1e-10,6,True,ok,0.0034636824372054555,0.0038816979990201803,0.009324018003826259,0.1915832518154931,5.9875,1.3322140999989642,C:\Users\lyx\Desktop\sci\code\project_method3a_pcg_solver\results\tuning_20260421\method3a_pcg\offline_broad_runs\tg216_pw1p5e04_dw0p002_rg1em10_it6_jac1\offline,14678.1932498723
tg216_pw1e04_dw0p001_rg1em09_it6_jac1,216.0,10000.0,0.001,1e-09,6,True,ok,0.003473146767179808,0.0038720038399122775,0.00930493037730029,0.2016432303842988,5.98425,1.8403440000001865,C:\Users\lyx\Desktop\sci\code\project_method3a_pcg_solver\results\tuning_20260421\method3a_pcg\offline_broad_runs\tg216_pw1e04_dw0p001_rg1em09_it6_jac1\offline,15055.665374148703
tg216_pw1e04_dw0p001_rg1em08_it6_jac1,216.0,10000.0,0.001,1e-08,6,True,ok,0.0034750099552146372,0.0038779770788355096,0.009316473962612785,0.20645735652229616,5.98175,1.8505504999993718,C:\Users\lyx\Desktop\sci\code\project_method3a_pcg_solver\results\tuning_20260421\method3a_pcg\offline_broad_runs\tg216_pw1e04_dw0p001_rg1em08_it6_jac1\offline,15252.911142993238
tg216_pw1e04_dw0p001_rg1em10_it6_jac1,216.0,10000.0,0.001,1e-10,6,True,ok,0.003475576195978204,0.0038834811509853837,0.00932831465705429,0.20935873121870288,5.98325,1.8032454000021971,C:\Users\lyx\Desktop\sci\code\project_method3a_pcg_solver\results\tuning_20260421\method3a_pcg\offline_broad_runs\tg216_pw1e04_dw0p001_rg1em10_it6_jac1\offline,15375.511375001162
tg216_pw8e03_dw0p0005_rg1em10_it6_jac1,216.0,8000.0,0.0005,1e-10,6,True,ok,0.0035201750620791694,0.003763779307517235,0.009087197123676475,0.2796962542421742,5.97825,1.8642957999982173,C:\Users\lyx\Desktop\sci\code\project_method3a_pcg_solver\results\tuning_20260421\method3a_pcg\offline_broad_runs\tg216_pw8e03_dw0p0005_rg1em10_it6_jac1\offline,17929.296725213768
tg216_pw8e03_dw0p0005_rg1em08_it6_jac1,216.0,8000.0,0.0005,1e-08,6,True,ok,0.0035193510745390234,0.0037921190194377574,0.009151173551836636,0.27869256814582527,5.9775,1.8564388000013423,C:\Users\lyx\Desktop\sci\code\project_method3a_pcg_solver\results\tuning_20260421\method3a_pcg\offline_broad_runs\tg216_pw8e03_dw0p0005_rg1em08_it6_jac1\offline,17940.028145347038
tg216_pw8e03_dw0p0005_rg1em09_it6_jac1,216.0,8000.0,0.0005,1e-09,6,True,ok,0.0035235531374021222,0.003822052938557136,0.009317378606317862,0.2826712512965107,5.9785,1.8509841999984928,C:\Users\lyx\Desktop\sci\code\project_method3a_pcg_solver\results\tuning_20260421\method3a_pcg\offline_broad_runs\tg216_pw8e03_dw0p0005_rg1em09_it6_jac1\offline,18210.641659525743
tg216_pw1e04_dw0p0005_rg1em08_it6_jac1,216.0,10000.0,0.0005,1e-08,6,True,ok,0.00354844892414349,0.003760388790052053,0.009072059759245894,0.3640746490926251,5.97825,1.8232279999974708,C:\Users\lyx\Desktop\sci\code\project_method3a_pcg_solver\results\tuning_20260421\method3a_pcg\offline_broad_runs\tg216_pw1e04_dw0p0005_rg1em08_it6_jac1\offline,21212.910520636065
tg216_pw1e04_dw0p0005_rg1em09_it6_jac1,216.0,10000.0,0.0005,1e-09,6,True,ok,0.0035477882535527756,0.0038296099327015287,0.009253832437046732,0.36214760406704327,5.97825,1.8175393999990774,C:\Users\lyx\Desktop\sci\code\project_method3a_pcg_solver\results\tuning_20260421\method3a_pcg\offline_broad_runs\tg216_pw1e04_dw0p0005_rg1em09_it6_jac1\offline,21275.777545098415
tg216_pw1e04_dw0p0005_rg1em10_it6_jac1,216.0,10000.0,0.0005,1e-10,6,True,ok,0.0035512914959029834,0.003903518493575384,0.009552962343124121,0.36837090864604805,5.97925,1.8521555000006629,C:\Users\lyx\Desktop\sci\code\project_method3a_pcg_solver\results\tuning_20260421\method3a_pcg\offline_broad_runs\tg216_pw1e04_dw0p0005_rg1em10_it6_jac1\offline,21732.823295779683
tg216_pw1p5e04_dw0p0005_rg1em08_it6_jac1,216.0,15000.0,0.0005,1e-08,6,True,ok,0.003561082893254077,0.004008995895453638,0.010048103428231179,0.3782301563404591,5.97725,1.3348813999982667,C:\Users\lyx\Desktop\sci\code\project_method3a_pcg_solver\results\tuning_20260421\method3a_pcg\offline_broad_runs\tg216_pw1p5e04_dw0p0005_rg1em08_it6_jac1\offline,22466.545022522743
tg216_pw1p5e04_dw0p0005_rg1em10_it6_jac1,216.0,15000.0,0.0005,1e-10,6,True,ok,0.0035610995415987336,0.003972756287822282,0.009992235751501889,0.38186356633565943,5.97775,1.284511300000304,C:\Users\lyx\Desktop\sci\code\project_method3a_pcg_solver\results\tuning_20260421\method3a_pcg\offline_broad_runs\tg216_pw1p5e04_dw0p0005_rg1em10_it6_jac1\offline,22561.01802660733
tg216_pw1p5e04_dw0p0005_rg1em09_it6_jac1,216.0,15000.0,0.0005,1e-09,6,True,ok,0.0035613507139231073,0.004039715951110578,0.010359381611910535,0.3800500060239448,5.97825,1.293752500001574,C:\Users\lyx\Desktop\sci\code\project_method3a_pcg_solver\results\tuning_20260421\method3a_pcg\offline_broad_runs\tg216_pw1p5e04_dw0p0005_rg1em09_it6_jac1\offline,22745.124652901522
tg216_pw1p5e04_dw0p001_rg1em09_it6_jac1,216.0,15000.0,0.001,1e-09,6,True,ok,0.0035118452583952032,0.003756320588489128,0.009073776696926756,0.5084552484389975,5.98325,1.218460199997935,C:\Users\lyx\Desktop\sci\code\project_method3a_pcg_solver\results\tuning_20260421\method3a_pcg\offline_broad_runs\tg216_pw1p5e04_dw0p001_rg1em09_it6_jac1\offline,26849.491742106813
tg216_pw1p5e04_dw0p001_rg1em10_it6_jac1,216.0,15000.0,0.001,1e-10,6,True,ok,0.003514174653788633,0.003765645154326046,0.00909788356199727,0.5098037420890366,5.98075,1.2751502999999502,C:\Users\lyx\Desktop\sci\code\project_method3a_pcg_solver\results\tuning_20260421\method3a_pcg\offline_broad_runs\tg216_pw1p5e04_dw0p001_rg1em10_it6_jac1\offline,26920.50584406234
tg216_pw1p5e04_dw0p001_rg1em08_it6_jac1,216.0,15000.0,0.001,1e-08,6,True,ok,0.0035140048630747838,0.0038390480131238404,0.00926930818451766,0.5092181894611175,5.98075,1.2602457000029972,C:\Users\lyx\Desktop\sci\code\project_method3a_pcg_solver\results\tuning_20260421\method3a_pcg\offline_broad_runs\tg216_pw1p5e04_dw0p001_rg1em08_it6_jac1\offline,27030.565153304356
tg216_pw8e03_dw0p002_rg1em10_it4_jac1,216.0,8000.0,0.002,1e-10,4,True,ok,0.027711557960178122,0.024175636674381218,0.171429620730542,1.0832983158636111,3.999,1.7400565999996616,C:\Users\lyx\Desktop\sci\code\project_method3a_pcg_solver\results\tuning_20260421\method3a_pcg\offline_broad_runs\tg216_pw8e03_dw0p002_rg1em10_it4_jac1\offline,159020.60156888503
tg180_pw8e03_dw0p002_rg1em10_it4_jac1,180.0,8000.0,0.002,1e-10,4,True,ok,0.0465520741764818,0.04330317287937078,0.14685183648802153,1.3270029878827618,3.999,1.748640499998146,C:\Users\lyx\Desktop\sci\code\project_method3a_pcg_solver\results\tuning_20260421\method3a_pcg\offline_broad_runs\tg180_pw8e03_dw0p002_rg1em10_it4_jac1\offline,159286.41784480689
tg198_pw1p5e04_dw0p002_rg1em09_it4_jac1,198.0,15000.0,0.002,1e-09,4,True,ok,0.024080603953130556,0.03799833138416927,0.22314411100254375,1.2717569724764146,3.999,1.7472051000004285,C:\Users\lyx\Desktop\sci\code\project_method3a_pcg_solver\results\tuning_20260421\method3a_pcg\offline_broad_runs\tg198_pw1p5e04_dw0p002_rg1em09_it4_jac1\offline,203727.07621428653
tg198_pw8e03_dw0p002_rg1em08_it4_jac1,198.0,8000.0,0.002,1e-08,4,True,ok,0.02157468587262752,0.09544337296478142,0.3616009291872416,0.990162922703684,3.999,1.776240900002449,C:\Users\lyx\Desktop\sci\code\project_method3a_pcg_solver\results\tuning_20260421\method3a_pcg\offline_broad_runs\tg198_pw8e03_dw0p002_rg1em08_it4_jac1\offline,299479.87734738225
tg180_pw1p5e04_dw0p002_rg1em10_it4_jac1,180.0,15000.0,0.002,1e-10,4,True,ok,0.01594694354825629,0.07075709066800766,0.43355098430511074,1.0979398058100975,3.999,1.7052841000004264,C:\Users\lyx\Desktop\sci\code\project_method3a_pcg_solver\results\tuning_20260421\method3a_pcg\offline_broad_runs\tg180_pw1p5e04_dw0p002_rg1em10_it4_jac1\offline,341163.27178227634
tg216_pw8e03_dw0p002_rg1em09_it4_jac1,216.0,8000.0,0.002,1e-09,4,True,ok,0.03464290930441517,0.07462910641956745,0.447526297284905,1.0069977055801058,3.999,1.784159399998316,C:\Users\lyx\Desktop\sci\code\project_method3a_pcg_solver\results\tuning_20260421\method3a_pcg\offline_broad_runs\tg216_pw8e03_dw0p002_rg1em09_it4_jac1\offline,347779.7657661321
tg198_pw8e03_dw0p002_rg1em10_it4_jac1,198.0,8000.0,0.002,1e-10,4,True,ok,0.014178657337096353,0.006025913498578985,0.5108201466006876,0.6782979125278151,3.999,1.724805000001652,C:\Users\lyx\Desktop\sci\code\project_method3a_pcg_solver\results\tuning_20260421\method3a_pcg\offline_broad_runs\tg198_pw8e03_dw0p002_rg1em10_it4_jac1\offline,352424.9000429856
tg216_pw1e04_dw0p0005_rg1em10_it4_jac1,216.0,10000.0,0.0005,1e-10,4,True,ok,0.010078328000170654,0.04567500780401646,0.5639960381248366,0.2837845625645288,3.999,1.7392330000002403,C:\Users\lyx\Desktop\sci\code\project_method3a_pcg_solver\results\tuning_20260421\method3a_pcg\offline_broad_runs\tg216_pw1e04_dw0p0005_rg1em10_it4_jac1\offline,383816.1421484297
tg216_pw8e03_dw0p002_rg1em08_it4_jac1,216.0,8000.0,0.002,1e-08,4,True,ok,0.052527454918325195,0.08599474016439786,0.6298346277079236,1.2801041066991294,3.999,1.7295410000006086,C:\Users\lyx\Desktop\sci\code\project_method3a_pcg_solver\results\tuning_20260421\method3a_pcg\offline_broad_runs\tg216_pw8e03_dw0p002_rg1em08_it4_jac1\offline,477827.6450624255
tg216_pw1p5e04_dw0p0005_rg1em10_it4_jac1,216.0,15000.0,0.0005,1e-10,4,True,ok,0.04878129988187311,0.058455319640258324,0.7514778926981049,0.3737246864776936,3.999,1.2496038999997836,C:\Users\lyx\Desktop\sci\code\project_method3a_pcg_solver\results\tuning_20260421\method3a_pcg\offline_broad_runs\tg216_pw1p5e04_dw0p0005_rg1em10_it4_jac1\offline,510490.84207776265
tg180_pw1p5e04_dw0p001_rg1em08_it4_jac1,180.0,15000.0,0.001,1e-08,4,True,ok,0.029634185005470576,0.012251704263586247,0.766996634821577,0.8635404240922467,3.999,1.732163999997283,C:\Users\lyx\Desktop\sci\code\project_method3a_pcg_solver\results\tuning_20260421\method3a_pcg\offline_broad_runs\tg180_pw1p5e04_dw0p001_rg1em08_it4_jac1\offline,524186.5840657164
tg216_pw8e03_dw0p001_rg1em10_it4_jac1,216.0,8000.0,0.001,1e-10,4,True,ok,0.040525373388470814,0.03820403320682587,0.7748237063571111,0.994186774329932,3.999,1.762136699999246,C:\Users\lyx\Desktop\sci\code\project_method3a_pcg_solver\results\tuning_20260421\method3a_pcg\offline_broad_runs\tg216_pw8e03_dw0p001_rg1em10_it4_jac1\offline,542827.3224060433
tg216_pw1e04_dw0p001_rg1em09_it4_jac1,216.0,10000.0,0.001,1e-09,4,True,ok,0.0387369310066452,0.027823643959753234,0.8743048185781294,0.5904703488005996,3.999,1.7620510999986436,C:\Users\lyx\Desktop\sci\code\project_method3a_pcg_solver\results\tuning_20260421\method3a_pcg\offline_broad_runs\tg216_pw1e04_dw0p001_rg1em09_it4_jac1\offline,586724.3007166014
tg216_pw1e04_dw0p002_rg1em09_it4_jac1,216.0,10000.0,0.002,1e-09,4,True,ok,0.058729582592084696,0.1263396112140506,0.856381663199604,1.2819655892091135,3.999,1.7278954000030353,C:\Users\lyx\Desktop\sci\code\project_method3a_pcg_solver\results\tuning_20260421\method3a_pcg\offline_broad_runs\tg216_pw1e04_dw0p002_rg1em09_it4_jac1\offline,634881.2562009682
tg216_pw1p5e04_dw0p001_rg1em10_it4_jac1,216.0,15000.0,0.001,1e-10,4,True,ok,0.0352666839662725,0.007671856114050095,1.0001386137844437,0.72936173363993,3.999,1.198148499999661,C:\Users\lyx\Desktop\sci\code\project_method3a_pcg_solver\results\tuning_20260421\method3a_pcg\offline_broad_runs\tg216_pw1p5e04_dw0p001_rg1em10_it4_jac1\offline,665291.4966481073
tg198_pw8e03_dw0p0005_rg1em09_it4_jac1,198.0,8000.0,0.0005,1e-09,4,True,ok,0.03476158799235633,0.029729951199568592,1.0155987625894836,0.43883446024929273,3.999,1.7224290000012843,C:\Users\lyx\Desktop\sci\code\project_method3a_pcg_solver\results\tuning_20260421\method3a_pcg\offline_broad_runs\tg198_pw8e03_dw0p0005_rg1em09_it4_jac1\offline,671028.0384938082
tg180_pw8e03_dw0p002_rg1em09_it4_jac1,180.0,8000.0,0.002,1e-09,4,True,ok,0.03244073907732505,0.02232638320902217,0.9927604493695186,1.0922591666032206,3.999,1.7849427000001015,C:\Users\lyx\Desktop\sci\code\project_method3a_pcg_solver\results\tuning_20260421\method3a_pcg\offline_broad_runs\tg180_pw8e03_dw0p002_rg1em09_it4_jac1\offline,679610.6161133167
tg180_pw8e03_dw0p0005_rg1em10_it4_jac1,180.0,8000.0,0.0005,1e-10,4,True,ok,0.03836211131587591,0.03960610994042162,1.1405219202476762,0.3771623758594551,3.999,1.0841514999992796,C:\Users\lyx\Desktop\sci\code\project_method3a_pcg_solver\results\tuning_20260421\method3a_pcg\offline_broad_runs\tg180_pw8e03_dw0p0005_rg1em10_it4_jac1\offline,751102.7088054734
tg216_pw1p5e04_dw0p002_rg1em10_it4_jac1,216.0,15000.0,0.002,1e-10,4,True,ok,0.0524009324538784,0.1590179216847183,1.090421327900917,1.5149393448423782,3.999,1.1755234000011114,C:\Users\lyx\Desktop\sci\code\project_method3a_pcg_solver\results\tuning_20260421\method3a_pcg\offline_broad_runs\tg216_pw1p5e04_dw0p002_rg1em10_it4_jac1\offline,803162.0690372201
tg198_pw8e03_dw0p001_rg1em09_it4_jac1,198.0,8000.0,0.001,1e-09,4,True,ok,0.036862576924643446,0.05837616745959517,1.2441629307544408,0.6766534987568175,3.999,1.743343599999207,C:\Users\lyx\Desktop\sci\code\project_method3a_pcg_solver\results\tuning_20260421\method3a_pcg\offline_broad_runs\tg198_pw8e03_dw0p001_rg1em09_it4_jac1\offline,834708.1187349341
tg180_pw1e04_dw0p002_rg1em09_it4_jac1,180.0,10000.0,0.002,1e-09,4,True,ok,0.03732178349893871,0.05714084431982954,1.2259607149444165,1.0247160504130493,3.999,1.7377349999987928,C:\Users\lyx\Desktop\sci\code\project_method3a_pcg_solver\results\tuning_20260421\method3a_pcg\offline_broad_runs\tg180_pw1e04_dw0p002_rg1em09_it4_jac1\offline,836347.4713413952
tg180_pw1e04_dw0p002_rg1em08_it4_jac1,180.0,10000.0,0.002,1e-08,4,True,ok,0.03383475773790194,0.04485503944907965,1.3891507763908668,1.2480542661402414,3.999,1.7698072999992291,C:\Users\lyx\Desktop\sci\code\project_method3a_pcg_solver\results\tuning_20260421\method3a_pcg\offline_broad_runs\tg180_pw1e04_dw0p002_rg1em08_it4_jac1\offline,944495.5640907163
tg180_pw8e03_dw0p002_rg1em08_it4_jac1,180.0,8000.0,0.002,1e-08,4,True,ok,0.04077981868515371,0.015141633194523994,1.4126011805312566,1.1527100535626384,3.999,1.7314140999988012,C:\Users\lyx\Desktop\sci\code\project_method3a_pcg_solver\results\tuning_20260421\method3a_pcg\offline_broad_runs\tg180_pw8e03_dw0p002_rg1em08_it4_jac1\offline,945853.1233240515
tg198_pw1p5e04_dw0p0005_rg1em08_it4_jac1,198.0,15000.0,0.0005,1e-08,4,True,ok,0.030956095139544035,0.0324756486813252,1.4573772754470302,0.3814473590536217,3.999,1.7156195000025036,C:\Users\lyx\Desktop\sci\code\project_method3a_pcg_solver\results\tuning_20260421\method3a_pcg\offline_broad_runs\tg198_pw1p5e04_dw0p0005_rg1em08_it4_jac1\offline,949839.4772675146
tg198_pw8e03_dw0p002_rg1em09_it4_jac1,198.0,8000.0,0.002,1e-09,4,True,ok,0.04519188033786632,0.005631367932076466,1.45341898996529,1.3147565550509888,3.999,1.7744487000018125,C:\Users\lyx\Desktop\sci\code\project_method3a_pcg_solver\results\tuning_20260421\method3a_pcg\offline_broad_runs\tg198_pw8e03_dw0p002_rg1em09_it4_jac1\offline,974933.5952092357
tg216_pw1p5e04_dw0p002_rg1em08_it4_jac1,216.0,15000.0,0.002,1e-08,4,True,ok,0.02316039060536088,0.013689332551555954,1.6618456654142533,0.9844751287811163,3.999,1.2356125000005704,C:\Users\lyx\Desktop\sci\code\project_method3a_pcg_solver\results\tuning_20260421\method3a_pcg\offline_broad_runs\tg216_pw1p5e04_dw0p002_rg1em08_it4_jac1\offline,1096837.255129972
tg198_pw1e04_dw0p001_rg1em08_it4_jac1,198.0,10000.0,0.001,1e-08,4,True,ok,0.04693082409996454,0.17715943901667763,1.6142400805176338,0.6759352957134465,3.999,1.7181091999991622,C:\Users\lyx\Desktop\sci\code\project_method3a_pcg_solver\results\tuning_20260421\method3a_pcg\offline_broad_runs\tg198_pw1e04_dw0p001_rg1em08_it4_jac1\offline,1108559.151154419
tg216_pw1e04_dw0p002_rg1em10_it4_jac1,216.0,10000.0,0.002,1e-10,4,True,ok,0.04170702906372053,0.14869095350049233,1.6790267201723772,1.1361190001718489,3.999,1.7430234999992535,C:\Users\lyx\Desktop\sci\code\project_method3a_pcg_solver\results\tuning_20260421\method3a_pcg\offline_broad_runs\tg216_pw1e04_dw0p002_rg1em10_it4_jac1\offline,1158211.5231625345
tg198_pw1e04_dw0p0005_rg1em09_it4_jac1,198.0,10000.0,0.0005,1e-09,4,True,ok,0.052645467318714737,0.04197498526610374,1.7915873618625608,0.32487387721743155,3.999,1.7384555999997247,C:\Users\lyx\Desktop\sci\code\project_method3a_pcg_solver\results\tuning_20260421\method3a_pcg\offline_broad_runs\tg198_pw1e04_dw0p0005_rg1em09_it4_jac1\offline,1162733.8212745017
tg216_pw1e04_dw0p0005_rg1em08_it4_jac1,216.0,10000.0,0.0005,1e-08,4,True,ok,0.053535896347473425,0.16273778260684552,1.7337826327720136,0.3777740076858858,3.999,1.7428446000012627,C:\Users\lyx\Desktop\sci\code\project_method3a_pcg_solver\results\tuning_20260421\method3a_pcg\offline_broad_runs\tg216_pw1e04_dw0p0005_rg1em08_it4_jac1\offline,1167978.350981019
tg180_pw8e03_dw0p001_rg1em08_it4_jac1,180.0,8000.0,0.001,1e-08,4,True,ok,0.07011274074252555,0.1578900768993908,1.7221050263824074,1.0169221867465905,3.999,1.7811036999992211,C:\Users\lyx\Desktop\sci\code\project_method3a_pcg_solver\results\tuning_20260421\method3a_pcg\offline_broad_runs\tg180_pw8e03_dw0p001_rg1em08_it4_jac1\offline,1183951.873025746
tg180_pw8e03_dw0p001_rg1em09_it4_jac1,180.0,8000.0,0.001,1e-09,4,True,ok,0.030311152390025065,0.08809855077698622,1.8768761679579942,0.6437522668259088,3.999,1.7172728000005009,C:\Users\lyx\Desktop\sci\code\project_method3a_pcg_solver\results\tuning_20260421\method3a_pcg\offline_broad_runs\tg180_pw8e03_dw0p001_rg1em09_it4_jac1\offline,1244450.3488445121
tg180_pw1e04_dw0p001_rg1em08_it4_jac1,180.0,10000.0,0.001,1e-08,4,True,ok,0.03663158311889648,0.08152228692332965,1.9326860688146807,0.6355176620736924,3.999,1.6823122999994666,C:\Users\lyx\Desktop\sci\code\project_method3a_pcg_solver\results\tuning_20260421\method3a_pcg\offline_broad_runs\tg180_pw1e04_dw0p001_rg1em08_it4_jac1\offline,1277360.4993338422
tg198_pw8e03_dw0p001_rg1em10_it4_jac1,198.0,8000.0,0.001,1e-10,4,True,ok,0.05101364944492875,0.0247237553195847,1.9967705029327445,0.782765786140478,3.999,1.7686552000013762,C:\Users\lyx\Desktop\sci\code\project_method3a_pcg_solver\results\tuning_20260421\method3a_pcg\offline_broad_runs\tg198_pw8e03_dw0p001_rg1em10_it4_jac1\offline,1305033.8897343874
tg180_pw1e04_dw0p001_rg1em10_it4_jac1,180.0,10000.0,0.001,1e-10,4,True,ok,0.04394562389121818,0.2252036360915003,2.0869501986464143,0.8826519582869865,3.999,1.787339399998018,C:\Users\lyx\Desktop\sci\code\project_method3a_pcg_solver\results\tuning_20260421\method3a_pcg\offline_broad_runs\tg180_pw1e04_dw0p001_rg1em10_it4_jac1\offline,1432240.0826405655
tg216_pw8e03_dw0p001_rg1em09_it4_jac1,216.0,8000.0,0.001,1e-09,4,True,ok,0.029225903530323196,0.10992781981412766,2.21638424773266,0.5346148474067437,3.999,1.7293807999994897,C:\Users\lyx\Desktop\sci\code\project_method3a_pcg_solver\results\tuning_20260421\method3a_pcg\offline_broad_runs\tg216_pw8e03_dw0p001_rg1em09_it4_jac1\offline,1462685.880299074
tg198_pw1p5e04_dw0p002_rg1em10_it4_jac1,198.0,15000.0,0.002,1e-10,4,True,ok,0.017427914327381333,0.012647904273440397,2.2453032172550214,0.9313173802260063,3.999,1.766704599998775,C:\Users\lyx\Desktop\sci\code\project_method3a_pcg_solver\results\tuning_20260421\method3a_pcg\offline_broad_runs\tg198_pw1p5e04_dw0p002_rg1em10_it4_jac1\offline,1464406.893741668
tg216_pw1e04_dw0p0005_rg1em09_it4_jac1,216.0,10000.0,0.0005,1e-09,4,True,ok,0.07829561577287743,0.17227393765839583,2.2555425149388526,0.41691697861654586,3.999,1.755294299997331,C:\Users\lyx\Desktop\sci\code\project_method3a_pcg_solver\results\tuning_20260421\method3a_pcg\offline_broad_runs\tg216_pw1e04_dw0p0005_rg1em09_it4_jac1\offline,1503560.1472992965
tg216_pw1p5e04_dw0p001_rg1em08_it4_jac1,216.0,15000.0,0.001,1e-08,4,True,ok,0.06356677863206266,0.032536731393252784,2.310404462715869,0.8087945338869733,3.999,1.1818211999998312,C:\Users\lyx\Desktop\sci\code\project_method3a_pcg_solver\results\tuning_20260421\method3a_pcg\offline_broad_runs\tg216_pw1p5e04_dw0p001_rg1em08_it4_jac1\offline,1507535.2495884667
tg198_pw1p5e04_dw0p001_rg1em10_it4_jac1,198.0,15000.0,0.001,1e-10,4,True,ok,0.06078025385641906,0.08115183268858217,2.3774171421392603,0.7820435904306925,3.999,1.6714705000013055,C:\Users\lyx\Desktop\sci\code\project_method3a_pcg_solver\results\tuning_20260421\method3a_pcg\offline_broad_runs\tg198_pw1p5e04_dw0p001_rg1em10_it4_jac1\offline,1565018.5914918343
tg198_pw1e04_dw0p002_rg1em10_it4_jac1,198.0,10000.0,0.002,1e-10,4,True,ok,0.04000778842196432,0.0474554352562764,2.4265686933678032,1.061590529356201,3.999,1.7445489000019734,C:\Users\lyx\Desktop\sci\code\project_method3a_pcg_solver\results\tuning_20260421\method3a_pcg\offline_broad_runs\tg198_pw1e04_dw0p002_rg1em10_it4_jac1\offline,1595956.353135893
tg216_pw1e04_dw0p001_rg1em10_it4_jac1,216.0,10000.0,0.001,1e-10,4,True,ok,0.024721892094490574,0.03748570831611607,2.573028416621833,0.7987495866606193,3.999,1.6992471999983536,C:\Users\lyx\Desktop\sci\code\project_method3a_pcg_solver\results\tuning_20260421\method3a_pcg\offline_broad_runs\tg216_pw1e04_dw0p001_rg1em10_it4_jac1\offline,1675260.2893902168
tg180_pw1p5e04_dw0p001_rg1em10_it4_jac1,180.0,15000.0,0.001,1e-10,4,True,ok,0.05342102430716438,0.023822500909149124,2.6428053571663446,0.7351320756335026,3.999,1.729911099999299,C:\Users\lyx\Desktop\sci\code\project_method3a_pcg_solver\results\tuning_20260421\method3a_pcg\offline_broad_runs\tg180_pw1p5e04_dw0p001_rg1em10_it4_jac1\offline,1712560.4971141925
tg180_pw1p5e04_dw0p001_rg1em09_it4_jac1,180.0,15000.0,0.001,1e-09,4,True,ok,0.08709538297245724,0.1584872653750971,2.6223409859367117,0.8824922280932297,3.999,1.7309152999987418,C:\Users\lyx\Desktop\sci\code\project_method3a_pcg_solver\results\tuning_20260421\method3a_pcg\offline_broad_runs\tg180_pw1p5e04_dw0p001_rg1em09_it4_jac1\offline,1749805.9403002916
tg198_pw1e04_dw0p001_rg1em10_it4_jac1,198.0,10000.0,0.001,1e-10,4,True,ok,0.04813429275513719,0.10538876583209966,2.6775452414299417,0.7428377134561939,3.999,1.7180397000010998,C:\Users\lyx\Desktop\sci\code\project_method3a_pcg_solver\results\tuning_20260421\method3a_pcg\offline_broad_runs\tg198_pw1e04_dw0p001_rg1em10_it4_jac1\offline,1761788.9580652704
tg216_pw8e03_dw0p001_rg1em08_it4_jac1,216.0,8000.0,0.001,1e-08,4,True,ok,0.021931772001657128,0.023244010334972733,2.889663464051642,0.6589927360864932,3.999,1.7505232000003161,C:\Users\lyx\Desktop\sci\code\project_method3a_pcg_solver\results\tuning_20260421\method3a_pcg\offline_broad_runs\tg216_pw8e03_dw0p001_rg1em08_it4_jac1\offline,1865894.7712015403
tg180_pw8e03_dw0p0005_rg1em09_it4_jac1,180.0,8000.0,0.0005,1e-09,4,True,ok,0.0659720767835884,0.14670778962074144,2.8385046637356877,0.49601449340005105,3.999,1.7202417999978934,C:\Users\lyx\Desktop\sci\code\project_method3a_pcg_solver\results\tuning_20260421\method3a_pcg\offline_broad_runs\tg180_pw8e03_dw0p0005_rg1em09_it4_jac1\offline,1867879.7821571666
tg198_pw8e03_dw0p0005_rg1em10_it4_jac1,198.0,8000.0,0.0005,1e-10,4,True,ok,0.07227794174453331,0.06597052396309411,3.1725441410138497,0.385815106807201,3.999,1.723739699998987,C:\Users\lyx\Desktop\sci\code\project_method3a_pcg_solver\results\tuning_20260421\method3a_pcg\offline_broad_runs\tg198_pw8e03_dw0p0005_rg1em10_it4_jac1\offline,2048784.4783403024
tg198_pw1p5e04_dw0p0005_rg1em10_it4_jac1,198.0,15000.0,0.0005,1e-10,4,True,ok,0.025097206178695382,0.00504236784994462,3.2276021527962793,0.39939276918118666,3.999,1.6837918999990507,C:\Users\lyx\Desktop\sci\code\project_method3a_pcg_solver\results\tuning_20260421\method3a_pcg\offline_broad_runs\tg198_pw1p5e04_dw0p0005_rg1em10_it4_jac1\offline,2064062.48801989
tg180_pw8e03_dw0p001_rg1em10_it4_jac1,180.0,8000.0,0.001,1e-10,4,True,ok,0.025482264361991736,0.07915868003894269,3.3127018569341655,0.4758724253106059,3.999,1.740634100002353,C:\Users\lyx\Desktop\sci\code\project_method3a_pcg_solver\results\tuning_20260421\method3a_pcg\offline_broad_runs\tg180_pw8e03_dw0p001_rg1em10_it4_jac1\offline,2145462.3705893783
tg198_pw1e04_dw0p002_rg1em09_it4_jac1,198.0,10000.0,0.002,1e-09,4,True,ok,0.045219120793553794,0.005767473223549506,3.339497539913197,1.1705745632876423,3.999,1.7302536999995937,C:\Users\lyx\Desktop\sci\code\project_method3a_pcg_solver\results\tuning_20260421\method3a_pcg\offline_broad_runs\tg198_pw1e04_dw0p002_rg1em09_it4_jac1\offline,2165397.53910582
tg198_pw1p5e04_dw0p0005_rg1em09_it4_jac1,198.0,15000.0,0.0005,1e-09,4,True,ok,0.02116270909653377,0.08220470720150087,3.3753128072319813,0.3792643096967013,3.999,1.682107000000542,C:\Users\lyx\Desktop\sci\code\project_method3a_pcg_solver\results\tuning_20260421\method3a_pcg\offline_broad_runs\tg198_pw1p5e04_dw0p0005_rg1em09_it4_jac1\offline,2182393.4720963663
tg198_pw1e04_dw0p002_rg1em08_it4_jac1,198.0,10000.0,0.002,1e-08,4,True,ok,0.02368987736137904,0.04061341086470569,3.37597811640077,0.9306122453395741,3.999,1.733257699997921,C:\Users\lyx\Desktop\sci\code\project_method3a_pcg_solver\results\tuning_20260421\method3a_pcg\offline_broad_runs\tg198_pw1e04_dw0p002_rg1em08_it4_jac1\offline,2190625.5381267667
tg180_pw1e04_dw0p0005_rg1em09_it4_jac1,180.0,10000.0,0.0005,1e-09,4,True,ok,0.020967709198075647,0.03363819157962241,3.568467953252144,0.47174294897352287,3.999,1.7679694999969797,C:\Users\lyx\Desktop\sci\code\project_method3a_pcg_solver\results\tuning_20260421\method3a_pcg\offline_broad_runs\tg180_pw1e04_dw0p0005_rg1em09_it4_jac1\offline,2292472.155403902
tg180_pw1e04_dw0p0005_rg1em10_it4_jac1,180.0,10000.0,0.0005,1e-10,4,True,ok,0.07715136445521084,0.2962653247067437,3.696623106392563,0.4929848103905339,3.999,1.6964187000012316,C:\Users\lyx\Desktop\sci\code\project_method3a_pcg_solver\results\tuning_20260421\method3a_pcg\offline_broad_runs\tg180_pw1e04_dw0p0005_rg1em10_it4_jac1\offline,2461282.4898423753
tg216_pw8e03_dw0p0005_rg1em10_it4_jac1,216.0,8000.0,0.0005,1e-10,4,True,ok,0.055157867767529206,0.08297244325134091,3.8161888399363884,0.544289817646123,3.999,1.7391341000002285,C:\Users\lyx\Desktop\sci\code\project_method3a_pcg_solver\results\tuning_20260421\method3a_pcg\offline_broad_runs\tg216_pw8e03_dw0p0005_rg1em10_it4_jac1\offline,2468719.062685129
tg180_pw1p5e04_dw0p0005_rg1em08_it4_jac1,180.0,15000.0,0.0005,1e-08,4,True,ok,0.04217817062101788,0.03604134887499209,3.888863658571613,0.5012640168000372,3.999,1.7218041999985871,C:\Users\lyx\Desktop\sci\code\project_method3a_pcg_solver\results\tuning_20260421\method3a_pcg\offline_broad_runs\tg180_pw1p5e04_dw0p0005_rg1em08_it4_jac1\offline,2497626.0335005624
tg180_pw1e04_dw0p0005_rg1em08_it4_jac1,180.0,10000.0,0.0005,1e-08,4,True,ok,0.08131333213130958,0.21654254298989417,3.789818512670496,0.60595963151576,3.999,1.8014359999979206,C:\Users\lyx\Desktop\sci\code\project_method3a_pcg_solver\results\tuning_20260421\method3a_pcg\offline_broad_runs\tg180_pw1e04_dw0p0005_rg1em08_it4_jac1\offline,2498501.6376923784
tg216_pw1e04_dw0p001_rg1em08_it4_jac1,216.0,10000.0,0.001,1e-08,4,True,ok,0.06665577056336192,0.06604968524007478,3.960629215218229,0.7069262083962872,3.999,1.7166848999986541,C:\Users\lyx\Desktop\sci\code\project_method3a_pcg_solver\results\tuning_20260421\method3a_pcg\offline_broad_runs\tg216_pw1e04_dw0p001_rg1em08_it4_jac1\offline,2561099.6814382942
tg216_pw8e03_dw0p0005_rg1em08_it4_jac1,216.0,8000.0,0.0005,1e-08,4,True,ok,0.05359403189802053,0.17921020826953019,3.957380959172903,0.4411088305834292,3.999,1.7726890000012645,C:\Users\lyx\Desktop\sci\code\project_method3a_pcg_solver\results\tuning_20260421\method3a_pcg\offline_broad_runs\tg216_pw8e03_dw0p0005_rg1em08_it4_jac1\offline,2585969.4735274264
tg198_pw1e04_dw0p001_rg1em09_it4_jac1,198.0,10000.0,0.001,1e-09,4,True,ok,0.04570793624902574,0.01844299414689569,4.089055358377041,0.7632876076431537,3.999,1.752950799997052,C:\Users\lyx\Desktop\sci\code\project_method3a_pcg_solver\results\tuning_20260421\method3a_pcg\offline_broad_runs\tg198_pw1e04_dw0p001_rg1em09_it4_jac1\offline,2629006.813945839
tg198_pw8e03_dw0p0005_rg1em08_it4_jac1,198.0,8000.0,0.0005,1e-08,4,True,ok,0.044518658016961914,0.1569942514187387,4.16402885235862,0.43658197245487906,3.999,1.7451312999983202,C:\Users\lyx\Desktop\sci\code\project_method3a_pcg_solver\results\tuning_20260421\method3a_pcg\offline_broad_runs\tg198_pw8e03_dw0p0005_rg1em08_it4_jac1\offline,2709496.135918808
tg180_pw1p5e04_dw0p0005_rg1em09_it4_jac1,180.0,15000.0,0.0005,1e-09,4,True,ok,0.05469178506095694,0.011922206131679701,4.320518614968153,0.35666636124105744,3.999,1.6906642000030843,C:\Users\lyx\Desktop\sci\code\project_method3a_pcg_solver\results\tuning_20260421\method3a_pcg\offline_broad_runs\tg180_pw1p5e04_dw0p0005_rg1em09_it4_jac1\offline,2757775.1935248263
tg216_pw1e04_dw0p002_rg1em08_it4_jac1,216.0,10000.0,0.002,1e-08,4,True,ok,0.024738492781733734,0.00281551581264235,4.376446015659484,0.9788158320710981,3.999,1.2761831999996502,C:\Users\lyx\Desktop\sci\code\project_method3a_pcg_solver\results\tuning_20260421\method3a_pcg\offline_broad_runs\tg216_pw1e04_dw0p002_rg1em08_it4_jac1\offline,2814483.2905930053
tg198_pw1p5e04_dw0p001_rg1em08_it4_jac1,198.0,15000.0,0.001,1e-08,4,True,ok,0.04826043051400308,0.32878723953549444,4.325667605927716,0.7459799729609635,3.999,1.7583247000002302,C:\Users\lyx\Desktop\sci\code\project_method3a_pcg_solver\results\tuning_20260421\method3a_pcg\offline_broad_runs\tg198_pw1p5e04_dw0p001_rg1em08_it4_jac1\offline,2880750.7835264048
tg216_pw1p5e04_dw0p002_rg1em09_it4_jac1,216.0,15000.0,0.002,1e-09,4,True,ok,0.0334309274165696,0.2013492824414778,4.353627516760893,1.410907476637728,3.999,1.1917456000010134,C:\Users\lyx\Desktop\sci\code\project_method3a_pcg_solver\results\tuning_20260421\method3a_pcg\offline_broad_runs\tg216_pw1p5e04_dw0p002_rg1em09_it4_jac1\offline,2882383.3119789776
tg216_pw8e03_dw0p0005_rg1em09_it4_jac1,216.0,8000.0,0.0005,1e-09,4,True,ok,0.0464580501659601,0.08279349115488288,4.497393595126337,0.3564430315779751,3.999,1.707471000001533,C:\Users\lyx\Desktop\sci\code\project_method3a_pcg_solver\results\tuning_20260421\method3a_pcg\offline_broad_runs\tg216_pw8e03_dw0p0005_rg1em09_it4_jac1\offline,2893296.272490212
tg180_pw1p5e04_dw0p002_rg1em08_it4_jac1,180.0,15000.0,0.002,1e-08,4,True,ok,0.029278138283736595,0.07776608405374415,4.444367181085691,1.5844075380690938,3.999,1.6634148999983154,C:\Users\lyx\Desktop\sci\code\project_method3a_pcg_solver\results\tuning_20260421\method3a_pcg\offline_broad_runs\tg180_pw1p5e04_dw0p002_rg1em08_it4_jac1\offline,2905928.2877042717
tg198_pw8e03_dw0p001_rg1em08_it4_jac1,198.0,8000.0,0.001,1e-08,4,True,ok,0.030062633675693406,0.08553503219684576,4.565446005432808,0.5958624040429029,3.999,1.7565343999995093,C:\Users\lyx\Desktop\sci\code\project_method3a_pcg_solver\results\tuning_20260421\method3a_pcg\offline_broad_runs\tg198_pw8e03_dw0p001_rg1em08_it4_jac1\offline,2946679.0248352573
tg198_pw1p5e04_dw0p001_rg1em09_it4_jac1,198.0,15000.0,0.001,1e-09,4,True,ok,0.07766507431174784,0.05542451865530645,4.598689039379924,0.9345704782226051,3.999,1.7586024000011093,C:\Users\lyx\Desktop\sci\code\project_method3a_pcg_solver\results\tuning_20260421\method3a_pcg\offline_broad_runs\tg198_pw1p5e04_dw0p001_rg1em09_it4_jac1\offline,2971121.449819876
tg180_pw1p5e04_dw0p002_rg1em09_it4_jac1,180.0,15000.0,0.002,1e-09,4,True,ok,0.02834153616748767,0.08074206295708625,4.695555825829459,1.1596625912733038,3.999,2.237971300000936,C:\Users\lyx\Desktop\sci\code\project_method3a_pcg_solver\results\tuning_20260421\method3a_pcg\offline_broad_runs\tg180_pw1p5e04_dw0p002_rg1em09_it4_jac1\offline,3049615.86397501
tg180_pw1p5e04_dw0p0005_rg1em10_it4_jac1,180.0,15000.0,0.0005,1e-10,4,True,ok,0.053694346103122924,0.1533920111235523,4.932443172780399,0.49127767152476143,3.999,1.713599200000317,C:\Users\lyx\Desktop\sci\code\project_method3a_pcg_solver\results\tuning_20260421\method3a_pcg\offline_broad_runs\tg180_pw1p5e04_dw0p0005_rg1em10_it4_jac1\offline,3197743.253459935
tg198_pw1p5e04_dw0p002_rg1em08_it4_jac1,198.0,15000.0,0.002,1e-08,4,True,ok,0.1051127902893808,0.05348784238954597,4.9105113837659085,2.694362170941664,3.999,1.7399041000026045,C:\Users\lyx\Desktop\sci\code\project_method3a_pcg_solver\results\tuning_20260421\method3a_pcg\offline_broad_runs\tg198_pw1p5e04_dw0p002_rg1em08_it4_jac1\offline,3236969.194334926
tg198_pw1e04_dw0p0005_rg1em08_it4_jac1,198.0,10000.0,0.0005,1e-08,4,True,ok,0.04221776613202394,0.2199953510691208,5.120440831113734,0.4481410162532287,3.999,1.7459402999993472,C:\Users\lyx\Desktop\sci\code\project_method3a_pcg_solver\results\tuning_20260421\method3a_pcg\offline_broad_runs\tg198_pw1e04_dw0p0005_rg1em08_it4_jac1\offline,3337229.737423039
tg198_pw1e04_dw0p0005_rg1em10_it4_jac1,198.0,10000.0,0.0005,1e-10,4,True,ok,0.04497336648672863,0.17228517128102247,5.238206864957238,0.40648745192115077,3.999,1.7537082000017108,C:\Users\lyx\Desktop\sci\code\project_method3a_pcg_solver\results\tuning_20260421\method3a_pcg\offline_broad_runs\tg198_pw1e04_dw0p0005_rg1em10_it4_jac1\offline,3394550.787037587
tg216_pw1p5e04_dw0p001_rg1em09_it4_jac1,216.0,15000.0,0.001,1e-09,4,True,ok,0.06765098918994174,0.02911372375413657,5.433684072028522,0.9621426217155522,3.999,1.2664327999991656,C:\Users\lyx\Desktop\sci\code\project_method3a_pcg_solver\results\tuning_20260421\method3a_pcg\offline_broad_runs\tg216_pw1p5e04_dw0p001_rg1em09_it4_jac1\offline,3493012.709503126
tg180_pw8e03_dw0p0005_rg1em08_it4_jac1,180.0,8000.0,0.0005,1e-08,4,True,ok,0.06539374662408635,0.11005711785551797,5.540744454374857,0.4600709443734466,3.999,1.663352900002792,C:\Users\lyx\Desktop\sci\code\project_method3a_pcg_solver\results\tuning_20260421\method3a_pcg\offline_broad_runs\tg180_pw8e03_dw0p0005_rg1em08_it4_jac1\offline,3567999.2174159572
tg180_pw1e04_dw0p001_rg1em09_it4_jac1,180.0,10000.0,0.001,1e-09,4,True,ok,0.05975416709866847,0.12703419021367116,5.53415401302507,0.66771959624286,3.999,1.7948756000005233,C:\Users\lyx\Desktop\sci\code\project_method3a_pcg_solver\results\tuning_20260421\method3a_pcg\offline_broad_runs\tg180_pw1e04_dw0p001_rg1em09_it4_jac1\offline,3577518.643803816
tg180_pw1e04_dw0p002_rg1em10_it4_jac1,180.0,10000.0,0.002,1e-10,4,True,ok,0.04546266681430222,0.05421405402367426,5.626622338822062,1.753380036617244,3.999,1.7260654999990948,C:\Users\lyx\Desktop\sci\code\project_method3a_pcg_solver\results\tuning_20260421\method3a_pcg\offline_broad_runs\tg180_pw1e04_dw0p002_rg1em10_it4_jac1\offline,3654501.9745664787
tg216_pw1p5e04_dw0p0005_rg1em08_it4_jac1,216.0,15000.0,0.0005,1e-08,4,True,ok,0.024940759950519552,0.3076803757259664,6.980572200531297,0.39114159984337515,3.999,1.1912151999968046,C:\Users\lyx\Desktop\sci\code\project_method3a_pcg_solver\results\tuning_20260421\method3a_pcg\offline_broad_runs\tg216_pw1p5e04_dw0p0005_rg1em08_it4_jac1\offline,4543496.423272281
tg216_pw1p5e04_dw0p0005_rg1em09_it4_jac1,216.0,15000.0,0.0005,1e-09,4,True,ok,0.2714424220922857,0.1352836551247098,7.787438140975014,15.520297587766565,3.999,1.1977440000009665,C:\Users\lyx\Desktop\sci\code\project_method3a_pcg_solver\results\tuning_20260421\method3a_pcg\offline_broad_runs\tg216_pw1p5e04_dw0p0005_rg1em09_it4_jac1\offline,5589332.831770038
