method,noise_channel,noise_profile,noise_level,trials,duration_s,tau,mean_position_error_m_mean,mean_position_error_m_std,mean_position_error_m_min,mean_position_error_m_max,max_position_error_m_mean,max_position_error_m_std,max_position_error_m_min,max_position_error_m_max,final_position_error_m_mean,final_position_error_m_std,final_position_error_m_min,final_position_error_m_max,mean_joint_drift_norm_rad_mean,mean_joint_drift_norm_rad_std,mean_joint_drift_norm_rad_min,mean_joint_drift_norm_rad_max,max_abs_joint_drift_rad_mean,max_abs_joint_drift_rad_std,max_abs_joint_drift_rad_min,max_abs_joint_drift_rad_max,final_joint_drift_norm_rad_mean,final_joint_drift_norm_rad_std,final_joint_drift_norm_rad_min,final_joint_drift_norm_rad_max,mean_elncp_residual_norm_mean,mean_elncp_residual_norm_std,mean_elncp_residual_norm_min,mean_elncp_residual_norm_max,max_elncp_residual_norm_mean,max_elncp_residual_norm_std,max_elncp_residual_norm_min,max_elncp_residual_norm_max,mean_stationarity_norm_mean,mean_stationarity_norm_std,mean_stationarity_norm_min,mean_stationarity_norm_max,mean_ncp_residual_norm_mean,mean_ncp_residual_norm_std,mean_ncp_residual_norm_min,mean_ncp_residual_norm_max,mean_pcg_iterations_mean,mean_pcg_iterations_std,mean_pcg_iterations_min,mean_pcg_iterations_max,max_pcg_iterations_mean,max_pcg_iterations_std,max_pcg_iterations_min,max_pcg_iterations_max,mean_active_iterations_mean,mean_active_iterations_std,mean_active_iterations_min,mean_active_iterations_max,max_active_iterations_mean,max_active_iterations_std,max_active_iterations_min,max_active_iterations_max,min_boundary_slack_mean,min_boundary_slack_std,min_boundary_slack_min,min_boundary_slack_max,mean_noise_norm_mean,mean_noise_norm_std,mean_noise_norm_min,mean_noise_norm_max,max_noise_norm_mean,max_noise_norm_std,max_noise_norm_min,max_noise_norm_max,wall_clock_run_s_mean,wall_clock_run_s_std,wall_clock_run_s_min,wall_clock_run_s_max
Method 3: continuous TVQP + ELNCP + PCG,sensor,constant,0.0,5,20.0,0.005,0.00020433668773123088,0.0,0.00020433668773123088,0.00020433668773123088,0.0003074013271522352,0.0,0.0003074013271522352,0.0003074013271522352,6.079975503728618e-07,0.0,6.079975503728618e-07,6.079975503728618e-07,0.31012090517219704,0.0,0.31012090517219704,0.31012090517219704,0.4125530800102486,0.0,0.4125530800102486,0.4125530800102486,4.66718039408846e-07,5.293955920339377e-23,4.6671803940884594e-07,4.6671803940884594e-07,1.9095206686859357e-08,0.0,1.9095206686859357e-08,1.9095206686859357e-08,1.4811182048296623e-07,0.0,1.4811182048296623e-07,1.4811182048296623e-07,1.905586282222095e-08,0.0,1.905586282222095e-08,1.905586282222095e-08,8.670080869261876e-11,0.0,8.670080869261876e-11,8.670080869261876e-11,9.51525,0.0,9.51525,9.51525,13.0,0.0,13.0,13.0,1.5305,0.0,1.5305,1.5305,2.0,0.0,2.0,2.0,1.8596598459274205,2.220446049250313e-16,1.8596598459274203,1.8596598459274203,0.0,0.0,0.0,0.0,0.0,0.0,0.0,0.0,1.8517953199974726,0.07994269664610434,1.6940878999885172,1.904381000000285
Method 3: continuous TVQP + ELNCP + PCG,sensor,constant,1e-06,5,20.0,0.005,0.00020433489520171088,7.040630788250967e-09,0.00020432672649309792,0.00020434744496219536,0.0003074909005713098,4.636586042410143e-08,0.00030744302082550713,0.00030756721200178995,7.336756872045858e-07,1.8024092039191352e-07,4.452520604754235e-07,9.532631523477157e-07,0.3101209268719563,1.893240622492673e-07,0.3101206847245117,0.3101211298063845,0.412553297896054,6.733638470634075e-07,0.4125522286301737,0.41255397351978473,1.1822727311977178e-06,1.5044251687363614e-07,9.654541002787552e-07,1.3540390001569362e-06,1.9372630749612424e-08,4.758659270365632e-10,1.892515470972886e-08,2.0275823701016672e-08,1.530960231954142e-07,5.984093650953639e-09,1.4731429328482996e-07,1.6321968899828284e-07,1.9332572981206868e-08,4.759808971787883e-10,1.8885127754762536e-08,2.02359681090903e-08,8.670080954753021e-11,1.8297307834539536e-18,8.670080758195724e-11,8.670081231531414e-11,9.583549999999999,0.0125343527954178,9.5655,9.602,12.8,0.7483314773547882,12.0,14.0,1.5434,0.0038749193539995247,1.5385,1.5485,2.0,0.0,2.0,2.0,1.8596596793367806,2.9207130497645356e-07,1.859659239019343,1.859659945166585,1.0000000000000002e-06,9.470116246213047e-23,1.0000000000000002e-06,1.0000000000000004e-06,1.0000000000000002e-06,1.8940232492426094e-22,1e-06,1.0000000000000002e-06,1.8836154800024816,0.031404809108606054,1.8253982000169344,1.9153210000076797
Method 3: continuous TVQP + ELNCP + PCG,sensor,constant,5e-06,5,20.0,0.005,0.00020436217631651554,3.508684576380304e-08,0.00020429452663358837,0.0002043886600915204,0.0003080995828892265,6.702828018829663e-07,0.00030713320744042607,0.0003088337601249502,1.2655017893441514e-06,7.823618321318846e-07,5.764133696042023e-07,2.76821478082522e-06,0.3101204573945646,3.96542079017731e-07,0.31012004699857015,0.3101211903884909,0.4125514769813555,2.5268548882139797e-06,0.41254958579007983,0.412556395400689,4.996188181522213e-06,2.4712009745277954e-07,4.781607962203956e-06,5.446846276447984e-06,1.8950095542312247e-08,5.476830097141062e-10,1.815898266700736e-08,1.955238685780182e-08,1.5340755837264045e-07,1.0645261807845445e-08,1.4156184802394913e-07,1.6762099064656294e-07,1.8908576296081814e-08,5.482747982803475e-10,1.8116352569254962e-08,1.951122868703839e-08,8.670080907668692e-11,9.032801568397184e-19,8.670080799435789e-11,8.670081036791546e-11,9.653749999999999,0.04431675755287139,9.59825,9.719,13.0,0.0,13.0,13.0,1.5648,0.01255726881132999,1.54975,1.5845,2.0,0.0,2.0,2.0,1.8596589755376747,8.096174096115868e-07,1.8596575839928091,1.8596599025167662,5.000000000000001e-06,0.0,5.000000000000001e-06,5.000000000000001e-06,5e-06,0.0,5e-06,5e-06,1.8512943399953656,0.043170125956760154,1.7929830999928527,1.911816000007093
Method 3: continuous TVQP + ELNCP + PCG,sensor,constant,1e-05,5,20.0,0.005,0.00020435779264889667,8.930391727832426e-08,0.00020423378922482206,0.00020447892606702012,0.0003084755102732119,1.1535681617275482e-06,0.00030685318427061715,0.00031035339802315526,2.0570338723895754e-06,1.063132309631151e-06,2.892229386686607e-07,3.5099764456253423e-06,0.3101205290156338,9.350133973674192e-07,0.31011872839426624,0.3101211553453149,0.412551819840567,4.198476303189624e-06,0.4125444387048991,0.4125571144117892,1.0013587926096315e-05,1.1884289017451299e-07,9.867623689621872e-06,1.0172435058991766e-05,1.8702734850055955e-08,5.220392172837467e-10,1.7774531424757243e-08,1.933527859199415e-08,1.5519313499669257e-07,1.0184135800563577e-08,1.3911192937017734e-07,1.6426146087220954e-07,1.866095384900917e-08,5.231159656729743e-10,1.773113506994143e-08,1.9295503514879588e-08,8.670081034843976e-11,1.23438275035196e-18,8.670080886380072e-11,8.670081205397715e-11,9.655350000000002,0.04420622128162505,9.586,9.72475,13.0,0.0,13.0,13.0,1.5665,0.014176565169320853,1.54425,1.5885,2.0,0.0,2.0,2.0,1.8596567068711092,2.3384109686844495e-06,1.8596537502663242,1.8596595315434783,1.0000000000000003e-05,0.0,1.0000000000000003e-05,1.0000000000000003e-05,1.0000000000000003e-05,1.5152185993940875e-21,1e-05,1.0000000000000003e-05,1.8490038600109984,0.05057074264870126,1.753942500014091,1.898496600013459
Method 3: continuous TVQP + ELNCP + PCG,sensor,constant,5e-05,5,20.0,0.005,0.0002044990547138983,3.2301048700763314e-07,0.00020410942683799104,0.0002048318432052286,0.0003135313893887659,5.474895691891375e-06,0.00030524632861535407,0.00031941037176336717,9.76842930607393e-06,3.16492622002757e-06,4.965228511760508e-06,1.3533774557744444e-05,0.31012119330879406,4.500663560361761e-06,0.3101144842126225,0.31012560615926527,0.4125563816136567,2.0867751216694782e-05,0.4125303414874184,0.4125845926038345,4.999892714584197e-05,1.4948934054452314e-07,4.978746584817157e-05,5.0205806831747434e-05,1.7150377791854497e-08,4.4277155413780417e-10,1.6590284061366213e-08,1.7705151442911097e-08,1.5754802727492788e-07,8.534651750244782e-09,1.4108554674259473e-07,1.6477998804560032e-07,1.710796955847183e-08,4.427217340257816e-10,1.654742880850136e-08,1.7662630078176203e-08,8.670081841726281e-11,3.749603306058605e-18,8.67008127287915e-11,8.670082340580346e-11,9.775549999999999,0.03668698679368475,9.73575,9.8355,13.6,0.48989794855663565,13.0,14.0,1.5962,0.005564171097297379,1.58925,1.60275,2.0,0.0,2.0,2.0,1.8596473986007875,4.082557680216538e-06,1.859640939673189,1.8596521604985414,5.000000000000001e-05,6.776263578034403e-21,5.0000000000000016e-05,5.0000000000000016e-05,5e-05,3.030437198788175e-21,4.9999999999999996e-05,5e-05,1.8800746000022628,0.053134519918300704,1.8172994000196923,1.9659652000118513
Method 3: continuous TVQP + ELNCP + PCG,sensor,constant,0.0001,5,20.0,0.005,0.00020682544720241496,1.162089623039035e-06,0.00020493402027107,0.00020856819871974575,0.0003149990129038836,1.7116933829506367e-05,0.000287838449690886,0.00033740268711995283,2.7636143381076768e-05,1.0488022787304865e-05,7.283796633481337e-06,3.561244753344879e-05,0.3101152007423761,1.1009687386169444e-05,0.3100977660312649,0.31012598835525185,0.41254533564331847,3.1734119796002285e-05,0.4124910129902195,0.41259064840865745,0.00010013291865352614,1.6377990869480724e-07,9.997004471292807e-05,0.00010036795073670575,1.7845768243211934e-08,7.516794047768795e-10,1.6834478404233276e-08,1.912700247655264e-08,1.5635624357947682e-07,8.328309200137922e-09,1.4572627618036467e-07,1.707018255514863e-07,1.7803307873282458e-08,7.520582510385825e-10,1.6791358741243356e-08,1.9085131312459162e-08,8.670088919327999e-11,3.732599879811609e-17,8.670081545825128e-11,8.670091395018909e-11,9.735050000000001,0.0634957478891305,9.656,9.851,13.2,0.39999999999999997,13.0,14.0,1.5885500000000001,0.014111520116557308,1.5675,1.61125,2.0,0.0,2.0,2.0,1.8596116923540915,2.0965732675495127e-05,1.8595800922925672,1.8596437146718217,0.00010000000000000002,1.3552527156068805e-20,0.00010000000000000003,0.00010000000000000003,0.0001,8.571370772892337e-21,0.0001,0.00010000000000000002,1.8497020000009798,0.05099670160311872,1.7588669000251684,1.914733499987051
Method 3: continuous TVQP + ELNCP + PCG,sensor,constant,0.0005,5,20.0,0.005,0.0002476795338459319,1.8378850937395104e-05,0.00022458255387431246,0.0002773273353928739,0.0003995649487218732,4.538829863355328e-05,0.0003313905398797581,0.0004452557979106232,0.00013647402690246163,4.1489265700185644e-05,7.884437481820644e-05,0.00019182274973158348,0.3100779189631916,5.2095416982634235e-05,0.31001552504623636,0.31015472735186617,0.41233786319664406,7.403159865932472e-05,0.41223884469767125,0.41241178837783843,0.0004999271959661305,1.983632503031167e-07,0.0004996834804131455,0.0005001662948947324,1.6474645278556677e-08,3.2293769040697893e-10,1.6085912957394704e-08,1.6994980846458184e-08,1.4845980162485863e-07,9.681398356842722e-09,1.3644050109579634e-07,1.625734565124459e-07,1.6433509669808024e-08,3.2256197965825157e-10,1.6045340316208862e-08,1.695265579623264e-08,8.670272749872386e-11,6.81682844483816e-16,8.670152059019711e-11,8.670346549466587e-11,9.9084,0.04794752339798174,9.834,9.97025,14.0,0.0,14.0,14.0,1.6144000000000003,0.00652226954364812,1.6065,1.623,2.0,0.0,2.0,2.0,1.8582699281598951,0.0023280435743604573,1.853615907122341,1.859536665134443,0.0005000000000000002,0.0,0.0005000000000000002,0.0005000000000000002,0.0005,0.0,0.0005,0.0005,1.8858778999943753,0.060770448561248795,1.7743498999916483,1.9391174000047613
Method 3: continuous TVQP + ELNCP + PCG,sensor,constant,0.001,5,20.0,0.005,0.0003351293764551778,3.562577262100694e-05,0.0002959272497467002,0.00039376813021791524,0.0005809959225681498,7.128510129786627e-05,0.0005122146478325874,0.0007068445034667225,0.00027926692490050375,4.68083812595929e-05,0.00022542397021692095,0.0003558578374476327,0.31011363349426496,9.832881662926777e-05,0.31003082798480186,0.31030145640884255,0.4125699104818654,0.0002594305012351895,0.4121704521399059,0.4128103575333555,0.0010000444904028699,2.4375146608481105e-07,0.0009997285710434613,0.0010003874165781315,1.6516953041641827e-08,3.5482247754882056e-10,1.6094111780779857e-08,1.7097023794883248e-08,1.6821311817509103e-07,5.6302048918772855e-09,1.5908298998910354e-07,1.7596781612470149e-07,1.647703200479364e-08,3.5486786460122764e-10,1.605245390069919e-08,1.7056014526749744e-08,8.670779656882583e-11,2.0866183119768865e-15,8.670506111806852e-11,8.671118870557756e-11,9.947849999999999,0.04179671039687212,9.89275,9.9995,14.0,0.0,14.0,14.0,1.6151499999999999,0.002713853349022432,1.61075,1.61825,2.0,0.0,2.0,2.0,1.7390740635150794,0.05017570912831445,1.6744900935699336,1.8028866365845209,0.0010000000000000005,0.0,0.0010000000000000005,0.0010000000000000005,0.001,0.0,0.001,0.001,1.9229868599912152,0.057925564508205324,1.8609564999933355,2.0188914999889676
Method 3: continuous TVQP + ELNCP + PCG,sensor,linear,1e-06,5,20.0,0.005,0.00020433762193479795,3.5760015865111965e-09,0.00020433419789881281,0.00020434362668620586,0.0003074447733114396,7.165432424055267e-08,0.0003073613980672361,0.00030756289113592736,6.460764072209424e-07,1.4081328905275779e-07,4.4937534164655555e-07,8.068214950638119e-07,0.31012088410384325,5.5412086538149295e-08,0.31012079917722063,0.31012095023859526,0.41255304950894034,1.153355625093144e-07,0.4125528619488288,0.41255315164704376,1.1126104201131416e-06,1.4168939467544498e-07,9.038644080451715e-07,1.2836788994472166e-06,1.9482112517275376e-08,4.860095795902672e-10,1.8619637217812803e-08,1.9982641533249406e-08,1.5812105467198777e-07,1.0856782647108577e-08,1.3909796553281083e-07,1.7101320586980365e-07,1.944214392060265e-08,4.862611308809207e-10,1.857932062971937e-08,1.9942966934005147e-08,8.670083547845009e-11,1.7423363253862405e-18,8.670083306230492e-11,8.67008376588314e-11,9.560950000000002,0.011693374192251225,9.5435,9.57525,12.8,0.39999999999999997,12.0,13.0,1.54025,0.004018706259481966,1.5355,1.5445,2.0,0.0,2.0,2.0,1.8596598428281328,2.1905405433539676e-08,1.8596598081809113,1.8596598710997834,4.99875e-07,6.696383416322138e-23,4.998749999999999e-07,4.998750000000001e-07,9.9975e-07,9.470116246213047e-23,9.9975e-07,9.997500000000003e-07,1.8852418600057717,0.054491542074782406,1.7963065000076313,1.9575798000150826
Method 3: continuous TVQP + ELNCP + PCG,sensor,linear,5e-06,5,20.0,0.005,0.00020432295339384166,2.2652625919082355e-08,0.0002042932252221829,0.00020435417955047376,0.0003076356171973063,1.7991926008599192e-07,0.00030735505531724453,0.00030791173692450564,1.4247828588392684e-06,6.83788437243899e-07,4.6245085243822873e-07,2.593817113055905e-06,0.31012125986268435,3.2189907199573573e-07,0.3101208699575895,0.31012182396285454,0.4125538909037541,9.173727526451944e-07,0.41255228983859515,0.4125547940373866,5.053002519187718e-06,2.3053129363714916e-07,4.800306547311942e-06,5.418572929418653e-06,1.9625927703455562e-08,4.2809211973504697e-10,1.9068647829511303e-08,2.0232375951678057e-08,1.5803152416313856e-07,1.6238993716951436e-08,1.3206028514847962e-07,1.7711425119245027e-07,1.9585983277264094e-08,4.2827705957515593e-10,1.902812283184373e-08,2.0192303876194333e-08,8.670083678113714e-11,1.2985942402942727e-18,8.670083522311888e-11,8.67008385555435e-11,9.555,0.012053007923335924,9.5455,9.57675,12.8,0.39999999999999997,12.0,13.0,1.54015,0.0037636418533117592,1.535,1.54625,2.0,0.0,2.0,2.0,1.8596598325189724,7.494716855783733e-08,1.85965970918808,1.8596599170400205,2.499375e-06,1.8940232492426094e-22,2.4993749999999997e-06,2.499375e-06,4.99875e-06,5.35710673305771e-22,4.998749999999999e-06,4.998750000000001e-06,1.8504818400018848,0.09785001094429586,1.7213503000093624,1.9890169999853242
Method 3: continuous TVQP + ELNCP + PCG,sensor,linear,1e-05,5,20.0,0.005,0.00020435924384996405,2.1895946859976963e-08,0.00020434425630448032,0.0002044021233015963,0.00030761985736743375,2.611542129828933e-07,0.0003071995855774643,0.00030794128674930805,2.0317494193279616e-06,8.439971744091117e-07,7.291375141324319e-07,3.1477488688831942e-06,0.3101204671808516,4.787283113501416e-07,0.31011996787756746,0.3101213690094605,0.4125530228791991,1.0390058845164649e-06,0.41255117796851004,0.41255435127545725,1.0020886704462268e-05,2.0305501399595117e-07,9.753384578498724e-06,1.0262740576000775e-05,1.9504502308171314e-08,4.097022398257756e-10,1.8927592192754803e-08,2.0104829244819834e-08,1.5357803885639433e-07,4.168132457551575e-09,1.45773169591309e-07,1.5772726455618012e-07,1.94646169790551e-08,4.1001515706981633e-10,1.8887620063885926e-08,2.006538980729383e-08,8.670083626830415e-11,1.3036707358370514e-18,8.670083492777836e-11,8.67008381068897e-11,9.551950000000001,0.01837008437650773,9.52775,9.57825,13.0,0.0,13.0,13.0,1.53835,0.005171073389539192,1.53225,1.54475,2.0,0.0,2.0,2.0,1.8596596621907229,8.429360468087791e-08,1.8596595519047427,1.8596597742031213,4.99875e-06,3.7880464984852187e-22,4.998749999999999e-06,4.99875e-06,9.9975e-06,7.576092996970437e-22,9.997499999999999e-06,9.9975e-06,1.832196319999639,0.04208996626582367,1.7556195000070147,1.8740869000030216
Method 3: continuous TVQP + ELNCP + PCG,sensor,linear,5e-05,5,20.0,0.005,0.0002045703966473333,3.051106893684531e-07,0.00020426894120567141,0.00020509160840919156,0.0003073141293449988,3.2178468591824786e-06,0.00030278779420505,0.00031132189367656974,1.3714856877309841e-05,5.247266360556579e-06,6.70745688045914e-06,2.1938033765579775e-05,0.31011948843492154,3.4019378898511636e-06,0.3101133318819661,0.310123175403716,0.4125569580127954,7.444830379730172e-06,0.4125457993795867,0.4125665565716703,5.01109509905032e-05,1.7786128319847816e-07,4.991868801235939e-05,5.044716875681979e-05,1.948599058703749e-08,4.813893081787134e-10,1.8867898269240494e-08,2.0325984794732135e-08,1.6441831544874952e-07,3.478061793030007e-09,1.5975255646700758e-07,1.7009575879284757e-07,1.9446063001983435e-08,4.816485562290738e-10,1.8827418454006005e-08,2.0286409942832624e-08,8.670083553343015e-11,1.0772066886104968e-18,8.670083397660769e-11,8.670083704318574e-11,9.551150000000002,0.022087666241592935,9.52125,9.5835,13.0,0.0,13.0,13.0,1.5389,0.006226154511413959,1.53175,1.548,2.0,0.0,2.0,2.0,1.8596589910392882,1.1221336203184082e-06,1.8596577989281216,1.8596608610103216,2.499375e-05,3.030437198788175e-21,2.4993749999999998e-05,2.499375e-05,4.99875e-05,4.285685386446168e-21,4.9987499999999995e-05,4.99875e-05,1.8564916599949357,0.03285450082899829,1.811977899982594,1.9065859999973327
Method 3: continuous TVQP + ELNCP + PCG,sensor,linear,0.0001,5,20.0,0.005,0.0002052148872338289,5.268284104698796e-07,0.0002043982706993837,0.00020593660573827856,0.0003133532480687943,1.004277945374364e-05,0.00029970656119553374,0.0003257774659988135,2.7748237729507167e-05,6.843441695363689e-06,1.5823537430273323e-05,3.678066609595641e-05,0.31011872826010844,8.49800014700167e-06,0.310105680824633,0.31013151983051096,0.41254725435297795,2.48495219434018e-05,0.41251982351666516,0.4125923021686104,9.991325834019424e-05,2.0150527707830947e-07,9.972221483735486e-05,0.00010027792991306863,1.9419637221951174e-08,1.1444087850533362e-10,1.929062538259377e-08,1.9582677694547502e-08,1.5115637694603204e-07,1.2072069694549285e-08,1.401001399164261e-07,1.7240347500000383e-07,1.9379626549486815e-08,1.1445319961442062e-10,1.925042845477001e-08,1.9542486172316455e-08,8.670083675298918e-11,8.905269497808657e-19,8.670083510186683e-11,8.670083761698163e-11,9.5565,0.006314665470157385,9.545,9.56425,12.8,0.39999999999999997,12.0,13.0,1.5401500000000001,0.0011789826122551974,1.5385,1.5415,2.0,0.0,2.0,2.0,1.8596592563079557,2.112919861789495e-06,1.859655911681534,1.8596616568903326,4.99875e-05,6.06087439757635e-21,4.9987499999999995e-05,4.998750000000001e-05,9.9975e-05,1.4846049669160442e-20,9.997499999999999e-05,9.997500000000003e-05,1.8661903600033838,0.09466347039767134,1.7474246000056155,1.9979987000115216
Method 3: continuous TVQP + ELNCP + PCG,sensor,linear,0.0005,5,20.0,0.005,0.0002117885136858233,6.940736824607237e-06,0.0002040835261943027,0.00022410453784426704,0.0003352547132013745,3.366036588686592e-05,0.00030770708714013956,0.00040105316960590924,9.918869200477378e-05,3.817128742441553e-05,5.4789224616688523e-05,0.00015214898151430197,0.31015674600378296,3.3468493524459634e-05,0.3101170284604145,0.31019622187738377,0.4126039936700073,0.00010241929293445794,0.4124249952163679,0.41270003931295407,0.0004998871370974847,1.28546175711061e-07,0.0004997259108814889,0.0005000600555916108,1.9507239666083185e-08,3.25157330725975e-10,1.9149893164924827e-08,1.9949672088769438e-08,1.540583451648864e-07,1.1451749814978552e-08,1.376744472619077e-07,1.6580519733834109e-07,1.9467412532843516e-08,3.2517219604997585e-10,1.9110445168276753e-08,1.99098186551644e-08,8.670083768013739e-11,1.3683211178959838e-17,8.670081891567028e-11,8.670086109109556e-11,9.55625,0.010094552986635887,9.5435,9.5725,12.8,0.39999999999999997,12.0,13.0,1.5386,0.0028486839066487924,1.5355,1.54375,2.0,0.0,2.0,2.0,1.8596618159412581,9.903592079881966e-06,1.8596483179652692,1.8596760692382253,0.00024993750000000005,0.0,0.00024993750000000005,0.00024993750000000005,0.0004998750000000001,9.69739903612216e-20,0.000499875,0.0004998750000000001,1.8153575200005434,0.0895339933718486,1.716373500006739,1.9647444000001997
Method 3: continuous TVQP + ELNCP + PCG,sensor,linear,0.001,5,20.0,0.005,0.0002375308346410538,1.2149655676317909e-05,0.0002216102829337169,0.0002576335635809302,0.0004046630923943922,4.668259606184628e-05,0.0003393836279669131,0.00045942071723250054,0.00021346370804757467,7.817417585769749e-05,0.00011248676345250993,0.00033031858255077164,0.31012165908936135,0.00010367430604828144,0.3100089250467492,0.3103011662502264,0.4125989234126733,0.00026456772317586154,0.41231392632467845,0.4130191299954531,0.0009998343172167828,1.866705242524437e-07,0.0009996275500354327,0.0010001271490054932,1.9774242495537654e-08,1.774594961910042e-10,1.945370347559429e-08,1.9936226464749333e-08,1.577943016392598e-07,1.0175037884299398e-08,1.3960552584244077e-07,1.6938205871740392e-07,1.9734761887577034e-08,1.777438742306063e-10,1.9413706013659912e-08,1.989737182532341e-08,8.670083154345004e-11,2.858961081084312e-17,8.67007950006956e-11,8.670087445397715e-11,9.53645,0.02177578930831222,9.51175,9.56275,12.4,0.48989794855663565,12.0,13.0,1.5337,0.005857473858242946,1.52625,1.54075,2.0,0.0,2.0,2.0,1.8596489304545305,1.4332009512014937e-05,1.8596259335048864,1.8596708576423553,0.0004998750000000001,8.39819391591652e-20,0.000499875,0.0004998750000000001,0.0009997499999999998,1.939479807224432e-19,0.0009997499999999998,0.00099975,1.871330740005942,0.038806358020387226,1.8218565999995917,1.9339059000194538
Method 3: continuous TVQP + ELNCP + PCG,sensor,quadratic,1e-06,5,20.0,0.005,0.00020433685346747037,2.7687534851770495e-08,0.00020430406772445133,0.00020436984400431325,0.0003074099945097788,1.8046580938076675e-08,0.0003073906965028348,0.000307432730713644,5.835939696346824e-07,9.309641600010657e-08,5.201154664344121e-07,7.639867043503963e-07,0.31012091036213557,3.945007681565213e-08,0.31012084181562255,0.31012095813593976,0.4125530800211125,1.419047120882311e-11,0.4125530800109287,0.4125530800490971,1.050689795196282e-06,1.068207304600745e-07,9.398314062522574e-07,1.2354887130055814e-06,1.925917531599777e-08,5.116051287075983e-10,1.8511988079731893e-08,1.9864815145317108e-08,1.507716513409093e-07,7.842459228768385e-09,1.4443744373717484e-07,1.6438456758198267e-07,1.9218859171539653e-08,5.121687989456814e-10,1.8470810265720366e-08,1.9825124518928197e-08,8.670083586077386e-11,1.010247337010938e-18,8.670083445807813e-11,8.670083712683281e-11,9.57175,0.020316249653909643,9.55,9.604,12.0,0.0,12.0,12.0,1.5433000000000001,0.008344758834142546,1.5345,1.55675,2.0,0.0,2.0,2.0,1.8596594688939188,2.1741568613353214e-07,1.8596592310208202,1.8596598599309333,3.33333375e-07,0.0,3.33333375e-07,3.33333375e-07,1e-06,9.470116246213047e-23,9.999999999999997e-07,1e-06,1.9038643800013233,0.08835345522533292,1.7971344999969006,2.0267721000127494
Method 3: continuous TVQP + ELNCP + PCG,sensor,quadratic,5e-06,5,20.0,0.005,0.0002043619203921015,8.141166470531491e-08,0.00020425765993873973,0.00020450178598029333,0.0003074512717632154,5.91017290885287e-08,0.0003073568783182768,0.00030753573430876646,1.2495643575433077e-06,5.147979343489559e-07,3.617020196459458e-07,1.749040280410829e-06,0.3101209148398222,3.440276198736336e-07,0.31012053658854244,0.31012133034556616,0.41255308001315727,2.133798622812558e-12,0.4125530800104251,0.4125530800163395,5.027111265653183e-06,1.9236282088490786e-07,4.768411083784899e-06,5.216151046565647e-06,1.9536141381237862e-08,4.448502876523475e-10,1.8955225466566624e-08,2.028905392391744e-08,1.539481308565073e-07,5.330140166373409e-09,1.476574699646154e-07,1.605126330370797e-07,1.9496000921346928e-08,4.4517787062259727e-10,1.891440895531046e-08,2.0249041822174838e-08,8.670083733751814e-11,1.5623887378679991e-18,8.670083461340237e-11,8.670083911909892e-11,9.58515,0.038989934598560254,9.55125,9.64475,12.6,0.8,12.0,14.0,1.5468999999999997,0.010643777524920392,1.53625,1.56175,2.0,0.0,2.0,2.0,1.8596585951199436,1.034048245584302e-06,1.8596571623775053,1.859659875058107,1.6666668750000003e-06,4.235164736271502e-22,1.6666668749999999e-06,1.6666668750000007e-06,5e-06,5.35710673305771e-22,4.9999999999999996e-06,5.000000000000001e-06,1.8395763600012287,0.0658704979266106,1.7199866999872029,1.9184271999984048
Method 3: continuous TVQP + ELNCP + PCG,sensor,quadratic,1e-05,5,20.0,0.005,0.0002041829573141896,2.2806765038872976e-07,0.00020395586880916322,0.0002045275592062664,0.0003075943562167056,1.2532521065410112e-07,0.0003073966711986736,0.00030770924306533205,3.062143585043617e-06,5.492700135442786e-07,2.314675961491029e-06,3.93318122158566e-06,0.3101207271908888,8.646382842560163e-07,0.31011950931036814,0.31012202766336966,0.41255308001711866,1.0865966647332244e-11,0.4125530800082018,0.4125530800377539,1.005880665150227e-05,1.8163984082523353e-07,9.808618301887817e-06,1.0292618949579052e-05,1.8706539116519753e-08,6.754977786072162e-10,1.789823112497203e-08,1.9519265901229724e-08,1.6383505766048525e-07,9.543183501356029e-09,1.5073398838138795e-07,1.7977793754775198e-07,1.866480912818728e-08,6.763422221916404e-10,1.7855475791608083e-08,1.9478609301669308e-08,8.670083674588338e-11,9.517835827906e-19,8.670083549877788e-11,8.67008379421456e-11,9.643899999999999,0.05729389147195343,9.56925,9.71125,12.4,0.48989794855663565,12.0,13.0,1.5667499999999999,0.016284194791269246,1.54625,1.5835,2.0,0.0,2.0,2.0,1.859654509752054,2.4805588711351526e-06,1.859651435264702,1.8596583115641188,3.3333337500000006e-06,4.235164736271502e-22,3.3333337500000006e-06,3.3333337500000014e-06,1e-05,0.0,1e-05,1e-05,1.8992916799965314,0.06371260009682757,1.800721200008411,1.9619721999915782
Method 3: continuous TVQP + ELNCP + PCG,sensor,quadratic,5e-05,5,20.0,0.005,0.00020428625263580483,5.14991345981186e-07,0.000203715988461586,0.00020514281962432813,0.0003081025544115584,5.274485945597645e-07,0.0003071579077836028,0.0003087252364893933,1.108326204479775e-05,3.064374787216049e-06,7.960867313435777e-06,1.6877852620042044e-05,0.31012107205330325,5.391784953758131e-06,0.3101137230476534,0.3101264590134764,0.4125530800131241,4.2337426932875295e-12,0.41255308000967106,0.4125530800211692,4.997290895738857e-05,2.387395802454253e-07,4.973446582509976e-05,5.0309020932544796e-05,1.8068959363804394e-08,6.934831324701095e-10,1.7269707138751737e-08,1.8878616275627615e-08,1.5803406600388788e-07,5.786678352975345e-09,1.5146266621474097e-07,1.6512870860733212e-07,1.8026411527267793e-08,6.939541631467753e-10,1.7226291660973632e-08,1.8836146691099774e-08,8.670084822001719e-11,4.6613966539389224e-18,8.670084297733782e-11,8.670085512058383e-11,9.70005,0.04062985355622148,9.65175,9.7675,13.2,0.39999999999999997,13.0,14.0,1.5839500000000002,0.010825202076635787,1.5725,1.60025,2.0,0.0,2.0,2.0,1.8596495803209205,4.774771273759946e-06,1.8596449438397986,1.8596565879873084,1.6666668750000004e-05,0.0,1.6666668750000004e-05,1.6666668750000004e-05,5e-05,4.285685386446168e-21,5e-05,5.000000000000001e-05,1.8843425199971535,0.030417383372618886,1.84538889999385,1.9238467999966815
Method 3: continuous TVQP + ELNCP + PCG,sensor,quadratic,0.0001,5,20.0,0.005,0.00020423916789550465,7.170436425937808e-07,0.00020318734418793577,0.0002050377426861039,0.00030881831317335475,9.683819256583683e-07,0.00030725581471913806,0.0003101946509686426,2.1501469621004146e-05,6.983420815090849e-06,1.143716653763058e-05,3.0113188807755246e-05,0.3101279592908142,3.787847853283455e-06,0.31012291378812445,0.3101336230932769,0.4125530800155491,5.134350211487014e-12,0.4125530800101569,0.4125530800237627,9.976991271286372e-05,1.2350398371588393e-07,9.963747721788151e-05,9.994689278825e-05,1.684079289566905e-08,5.318237608659944e-10,1.606365246665252e-08,1.7620685915590495e-08,1.5822434815256656e-07,8.251777925313922e-09,1.4619748734700363e-07,1.710545183398056e-07,1.6799309711165474e-08,5.317144067646417e-10,1.6022397914244085e-08,1.757759559319622e-08,8.67008931447146e-11,1.739598590613232e-17,8.670086503274252e-11,8.670091130613502e-11,9.859150000000001,0.08331635493707092,9.70275,9.93225,13.8,0.39999999999999997,13.0,14.0,1.6119999999999997,0.010404326023342379,1.594,1.62225,2.0,0.0,2.0,2.0,1.8596400804345958,1.2789023920384244e-05,1.8596181760590313,1.8596568504938324,3.33333375e-05,6.776263578034403e-21,3.3333337499999994e-05,3.333333750000001e-05,0.0001,1.4846049669160442e-20,9.999999999999999e-05,0.00010000000000000003,1.8915174600086175,0.06152059752293071,1.7884372000116855,1.9819774000206962
Method 3: continuous TVQP + ELNCP + PCG,sensor,quadratic,0.0005,5,20.0,0.005,0.00020639556709299342,9.960923375516959e-06,0.00019744586829583132,0.0002258574844458107,0.00032885890318754766,2.541667248488642e-05,0.0003143318144903294,0.00037962972050446076,0.00011362628306370332,4.0567363318334226e-05,7.727003240608327e-05,0.00019006050188243335,0.3101358030510424,3.687386580321962e-05,0.3101010773581965,0.310192579481826,0.41255308000972235,9.320788951416579e-12,0.4125530799943651,0.4125530800198056,0.0004995754496522999,1.7483348695774712e-07,0.0004993184820147962,0.0004997255355907567,1.5840886385481067e-08,5.720647038320728e-10,1.522287937374541e-08,1.6723396585350126e-08,1.5574058661986601e-07,1.0025275018602852e-08,1.401673850045202e-07,1.682686161558024e-07,1.579988617929554e-08,5.716968552605893e-10,1.5181196178661038e-08,1.6681614757790445e-08,8.670207145027534e-11,6.321309089462373e-16,8.670142496803735e-11,8.670299655301078e-11,9.99635,0.04597461255954174,9.92975,10.07275,14.0,0.0,14.0,14.0,1.63445,0.005889397252690624,1.62375,1.63975,2.0,0.0,2.0,2.0,1.8595074748653775,8.331865064522545e-05,1.859358505435388,1.8595903812988477,0.0001666666875,0.0,0.0001666666875,0.0001666666875,0.0005,4.84869951806108e-20,0.0004999999999999999,0.0005,1.864492299995618,0.07305707573953459,1.777491299988469,1.9561397999932524
Method 3: continuous TVQP + ELNCP + PCG,sensor,quadratic,0.001,5,20.0,0.005,0.00022219576502493626,1.565899419498531e-05,0.00019835139639617043,0.00023724508476509753,0.00039882502105582744,6.289147704030597e-05,0.0003063959449576059,0.0004794441284114343,0.00019877632077007859,3.3224035598294236e-05,0.00014783100630599947,0.0002401821243508067,0.3101780842157734,4.918009759507081e-05,0.3100984549304785,0.3102305681936409,0.41255308001704777,2.1523384367859438e-11,0.41255307998416946,0.4125530800490409,0.0009990944261341083,1.4515646576588637e-07,0.0009989260932972812,0.0009992696989462634,1.592207417018889e-08,2.7057564923512684e-10,1.5439840973285504e-08,1.6232806838898233e-08,1.5320737652383825e-07,7.819569477327984e-09,1.425574071099903e-07,1.6419858782405796e-07,1.588094528779799e-08,2.7053890073617305e-10,1.539777452406806e-08,1.61906063325233e-08,8.670512437994841e-11,1.4310871442910794e-15,8.670332223804695e-11,8.670707567491966e-11,9.9851,0.06925868176625918,9.8665,10.04375,13.8,0.4,13.0,14.0,1.6319500000000002,0.010863240768757734,1.613,1.6455,2.0,0.0,2.0,2.0,1.7875662831779462,0.03550001747925136,1.7398513356792977,1.8479554610014994,0.000333333375,5.421010862427522e-20,0.0003333333749999999,0.000333333375,0.001,1.679638783183304e-19,0.0009999999999999998,0.001,1.9470981799939182,0.0414787351698945,1.8912469999922905,1.9911242999951355
Method 3: continuous TVQP + ELNCP + PCG,actuator,constant,0.0,5,20.0,0.005,0.00020433668773123088,0.0,0.00020433668773123088,0.00020433668773123088,0.0003074013271522352,0.0,0.0003074013271522352,0.0003074013271522352,6.079975503728618e-07,0.0,6.079975503728618e-07,6.079975503728618e-07,0.31012090517219704,0.0,0.31012090517219704,0.31012090517219704,0.4125530800102486,0.0,0.4125530800102486,0.4125530800102486,4.66718039408846e-07,5.293955920339377e-23,4.6671803940884594e-07,4.6671803940884594e-07,1.9095206686859357e-08,0.0,1.9095206686859357e-08,1.9095206686859357e-08,1.4811182048296623e-07,0.0,1.4811182048296623e-07,1.4811182048296623e-07,1.905586282222095e-08,0.0,1.905586282222095e-08,1.905586282222095e-08,8.670080869261876e-11,0.0,8.670080869261876e-11,8.670080869261876e-11,9.51525,0.0,9.51525,9.51525,13.0,0.0,13.0,13.0,1.5305,0.0,1.5305,1.5305,2.0,0.0,2.0,2.0,1.8596598459274205,2.220446049250313e-16,1.8596598459274203,1.8596598459274203,0.0,0.0,0.0,0.0,0.0,0.0,0.0,0.0,1.8836373199999799,0.10014172104360404,1.773479800001951,2.033206899999641
Method 3: continuous TVQP + ELNCP + PCG,actuator,constant,1e-05,5,20.0,0.005,0.00020433678164978104,2.0161251240323022e-10,0.00020433651901109634,0.00020433703604319088,0.00030740360780755395,4.059308571944181e-09,0.0003073972583820629,0.00030740911458575866,6.074703504980224e-07,5.148692935243444e-09,5.979653248318834e-07,6.12402661983045e-07,0.3101209037473295,1.935324771371309e-09,0.31012090227985845,0.31012090750531934,0.41255307088081655,9.175149539365955e-09,0.41255305743823656,0.41255308566362126,4.676367784189475e-07,1.1671805389930917e-08,4.456027242801245e-07,4.781336344290895e-07,1.959341158948403e-08,5.142710450092301e-10,1.9164831957165507e-08,2.0553794619156207e-08,1.557312505869776e-07,1.112149296552798e-08,1.4055937662285813e-07,1.709046095559553e-07,1.9553554201182883e-08,5.146296743676237e-10,1.912519363518684e-08,2.0514754269338865e-08,8.670083697097518e-11,1.4892126215443e-18,8.670083506981564e-11,8.670083907643247e-11,9.55185,0.021572899666016138,9.51125,9.5685,13.0,0.0,13.0,13.0,1.5393000000000001,0.006622688275919358,1.5275,1.545,2.0,0.0,2.0,2.0,1.8596602454477655,5.16572172207699e-06,1.8596524370645025,1.8596672651960906,1.0000000000000003e-05,1.5152185993940875e-21,9.999999999999999e-06,1.0000000000000003e-05,9.999999999999999e-06,2.00444579794818e-21,9.999999999999999e-06,1.0000000000000003e-05,1.8180771200044545,0.05919595801189684,1.7384702000126708,1.9163871000055224
Method 3: continuous TVQP + ELNCP + PCG,actuator,constant,5e-05,5,20.0,0.005,0.00020433666682956488,8.637438035760456e-10,0.00020433571191413397,0.00020433800228674648,0.0003074146021094631,1.575909545421459e-08,0.00030739167306592977,0.0003074383479072857,6.237219198535143e-07,1.9800216570380702e-08,5.935396445598421e-07,6.487470437418232e-07,0.31012089572075285,1.1701390948669167e-08,0.31012087804338934,0.3101209093744242,0.4125530699784363,5.7150402069785405e-08,0.4125529925475213,0.4125531495950354,5.398925158495214e-07,3.886832830356406e-08,4.715331181258283e-07,5.784832170048683e-07,1.9699232021207684e-08,2.1771858171425642e-10,1.9479087111379462e-08,1.9996053853607256e-08,1.5648883507341312e-07,9.863051582542549e-09,1.4402437537366546e-07,1.7251687263352775e-07,1.9659387319678885e-08,2.1776434906364436e-10,1.9439238311688265e-08,1.9956354403111e-08,8.670083716933388e-11,2.9127946860023936e-17,8.670079491324325e-11,8.67008864587885e-11,9.55205,0.009928997935340632,9.53725,9.5615,12.8,0.4,12.0,13.0,1.5381999999999998,0.001326649916142106,1.53675,1.54025,2.0,0.0,2.0,2.0,1.859657095821073,1.6675571097709713e-05,1.8596379012487037,1.8596838607826254,5.000000000000001e-05,6.776263578034403e-21,5.0000000000000016e-05,5.0000000000000016e-05,5e-05,4.285685386446168e-21,4.9999999999999996e-05,5.000000000000001e-05,1.860550439992221,0.06039973712281258,1.803304000000935,1.937735999992583
Method 3: continuous TVQP + ELNCP + PCG,actuator,constant,0.0001,5,20.0,0.005,0.00020433650319888382,6.400269136314893e-10,0.00020433537147617658,0.00020433735774040316,0.00030742542031168536,1.124538173052486e-08,0.0003074141294284671,0.00030744226972716134,6.157296146629072e-07,3.193508858769135e-08,5.680730641991232e-07,6.597450098394331e-07,0.31012089512557584,1.7791798383607322e-08,0.3101208696641937,0.31012091767279676,0.4125530683584909,6.182701461992463e-08,0.41255298044868804,0.4125531435615011,6.686008530640656e-07,5.2768088408408855e-08,5.796799967285906e-07,7.179299793843026e-07,1.9444619315759484e-08,3.9065878542507084e-10,1.9084369984055263e-08,2.0026028752426467e-08,1.5617486169637107e-07,9.104108810975107e-09,1.455396682241163e-07,1.7140303236795649e-07,1.940466940927347e-08,3.9106800156631763e-10,1.9044291104504554e-08,1.9986812260478627e-08,8.670084850877764e-11,1.5907661712635152e-17,8.670082596383231e-11,8.670086601035796e-11,9.5584,0.01676350202075962,9.5315,9.58125,12.6,0.4898979485566356,12.0,13.0,1.5404,0.00600124986981877,1.5305,1.54825,2.0,0.0,2.0,2.0,1.8596590777451598,3.243768341424653e-05,1.8596030908220256,1.8596957437273964,0.00010000000000000002,1.3552527156068805e-20,0.00010000000000000003,0.00010000000000000003,0.0001,6.06087439757635e-21,0.0001,0.00010000000000000002,1.8738240599981508,0.04673580535817225,1.8197434000030626,1.9261482000001706
Method 3: continuous TVQP + ELNCP + PCG,actuator,constant,0.0005,5,20.0,0.005,0.00020433633991321924,4.684154626711213e-09,0.00020432976235456237,0.00020434294815728442,0.00030746689434304965,1.3161538574112137e-07,0.00030734467802026057,0.00030771671552588364,6.613039671526216e-07,1.0076791837424346e-07,4.926246517238766e-07,7.858684051657017e-07,0.31012095824935704,1.0494450343087008e-07,0.3101207808454808,0.31012109891134104,0.41255315163543715,4.0674765582968707e-07,0.41255265691495646,0.41255369565140954,2.2323219893477085e-06,2.9579920632342446e-07,1.6699213536812247e-06,2.5352698125206524e-06,1.9759969679873787e-08,5.801018377625961e-10,1.9135011323353907e-08,2.082909733729433e-08,1.5413751913422195e-07,9.824868573089717e-09,1.4281492252230794e-07,1.666344278867602e-07,1.9720503578544403e-08,5.802497357813868e-10,1.9095137546064288e-08,2.0789875917395494e-08,8.67008408517967e-11,1.9155371857378358e-17,8.670082119265414e-11,8.670087759519443e-11,9.547099999999999,0.014243068489619823,9.529,9.5675,12.8,0.39999999999999997,12.0,13.0,1.5348499999999998,0.004681345960298147,1.52925,1.541,2.0,0.0,2.0,2.0,1.8596658128974153,0.00020475672334954126,1.8593187235144253,1.8599382573982917,0.0005000000000000002,0.0,0.0005000000000000002,0.0005000000000000002,0.0005,0.0,0.0005,0.0005,1.8763154199928977,0.06928492249712309,1.7423475999967195,1.9313934999809135
Method 3: continuous TVQP + ELNCP + PCG,actuator,constant,0.001,5,20.0,0.005,0.00020435182695487239,1.3879710535954518e-08,0.00020433723401197252,0.0002043730734768081,0.00030760761924698675,3.0698389504435446e-07,0.0003070600059918184,0.00030794547217754485,6.956173782703623e-07,3.893836692687388e-07,1.7824569799294626e-07,1.3290698268952979e-06,0.31012070891909604,1.4094620491232984e-07,0.31012059941604136,0.3101209862537719,0.4125522982949089,4.2272958401222073e-07,0.4125516611984288,0.41255274289132293,3.6679815139915e-06,4.0359983590999145e-07,3.1560509673125804e-06,4.396914615825522e-06,1.9791770017584386e-08,4.537759895970858e-10,1.9087657901918345e-08,2.0314402933879667e-08,1.464002984746243e-07,8.823022423540183e-09,1.3443822732501184e-07,1.5858463566910003e-07,1.9751525120611094e-08,4.5416991644530604e-10,1.9047170361640885e-08,2.0274694503769338e-08,8.670084726921524e-11,1.8420634412654592e-17,8.670082514159364e-11,8.670087583134749e-11,9.5796,0.020529003872570208,9.55575,9.6095,12.6,0.4898979485566356,12.0,13.0,1.5421500000000001,0.006858571279792936,1.5335,1.5495,2.0,0.0,2.0,2.0,1.8598017587403803,0.0003938493761623018,1.8591931137427076,1.860279303269183,0.0010000000000000005,0.0,0.0010000000000000005,0.0010000000000000005,0.001,0.0,0.001,0.001,1.8322510999918449,0.060672047155642984,1.7502459999814164,1.9087379999982659
Method 3: continuous TVQP + ELNCP + PCG,actuator,constant,0.005,5,20.0,0.005,0.0002043899222509041,9.274790800677255e-08,0.00020429550896656522,0.0002045605882235632,0.00030867091427714806,1.697087949027844e-06,0.0003064541983465142,0.00031045183877082965,3.751703485024722e-06,7.623606712009649e-07,2.6314132588726993e-06,4.982984844703375e-06,0.31012020386805195,1.1208184366398636e-06,0.3101194001842455,0.31012237039556095,0.41255181978906375,6.109468349817154e-06,0.4125433351950627,0.41255961173563427,1.8256426180099453e-05,1.16273737015332e-06,1.6607382876994285e-05,1.9665695631265622e-05,1.8215096994860527e-08,5.955787362209127e-10,1.751262432971849e-08,1.9073905594112174e-08,1.6028652923178275e-07,1.0245517799212391e-08,1.4857340152575183e-07,1.778851604145319e-07,1.817294472664396e-08,5.958778245351683e-10,1.7470254066234822e-08,1.9033056728071895e-08,8.670097018173955e-11,2.1553168992379547e-17,8.670095001306635e-11,8.670100850030804e-11,9.69765,0.049040187601598756,9.60575,9.752,12.8,0.4,12.0,13.0,1.5784,0.012340583454602125,1.554,1.58725,2.0,0.0,2.0,2.0,1.8586860982653135,0.0012090469779394222,1.8565666160093521,1.8600910255396397,0.005,0.0,0.005,0.005,0.005,0.0,0.005,0.005,1.895127479993971,0.04070986447925807,1.8639494999952149,1.9750004999805242
Method 3: continuous TVQP + ELNCP + PCG,actuator,constant,0.01,5,20.0,0.005,0.00020457723816529714,1.386251381692311e-07,0.00020433144281874983,0.0002047446962441367,0.00030617213961567125,2.105071648369407e-06,0.0003032198857111621,0.00030814597843574173,6.224367579919833e-06,1.3793657231900475e-06,4.361032127346975e-06,7.895014996057052e-06,0.3101217444762138,3.3204640679943345e-06,0.310115804225656,0.3101253593390302,0.41255500627883573,1.1030935456623074e-05,0.41253653788948097,0.41256998276190804,3.714822047468961e-05,3.4956874298206215e-06,3.251544383598463e-05,4.159018105420926e-05,1.8192326113868826e-08,4.78170165985799e-10,1.7646180961594417e-08,1.907910626122297e-08,1.5926610531487465e-07,9.174345054825739e-09,1.4721597089108423e-07,1.7378391465509366e-07,1.8150602978731695e-08,4.790332164090192e-10,1.7603627569247946e-08,1.9039077068653057e-08,8.670138724031612e-11,3.639860599474035e-17,8.670133116278884e-11,8.670142826704017e-11,9.7072,0.07205785869702214,9.567,9.77275,13.2,0.39999999999999997,13.0,14.0,1.57905,0.019568725047892116,1.5405,1.59475,2.0,0.0,2.0,2.0,1.8557476204756114,0.0023831176656818644,1.8523935700102225,1.8578958729209025,0.010000000000000002,2.194270917860438e-18,0.01,0.010000000000000005,0.01,7.757919228897728e-19,0.01,0.010000000000000002,1.9212880199833307,0.059631890291684066,1.8271906999871135,1.9899791999778245
Method 3: continuous TVQP + ELNCP + PCG,actuator,linear,1e-05,5,20.0,0.005,0.0002043367129517993,1.4926720558601962e-10,0.00020433651813810935,0.0002043368768442091,0.0003074017037337183,9.220814921625027e-10,0.00030740070647925817,0.00030740295870482643,6.0844800086329e-07,1.877309597951785e-09,6.063366114768607e-07,6.115706677486647e-07,0.3101209042283615,4.095963224310925e-09,0.310120900098752,0.3101209092078296,0.41255307912051525,5.581616012207745e-09,0.41255307218334836,0.4125530863345128,4.699223177547591e-07,6.287037049714826e-09,4.6166373486951665e-07,4.787305172411904e-07,1.943443139564264e-08,2.1327455320620335e-10,1.913798595919944e-08,1.9711164833330207e-08,1.5405930026085327e-07,8.337728704047197e-09,1.44889549878698e-07,1.6684823816858926e-07,1.9394122160556148e-08,2.1346313141716883e-10,1.9097110274792888e-08,1.9670895019902757e-08,8.670083680582218e-11,2.4316972658141502e-18,8.670083406496656e-11,8.670084023643827e-11,9.57445,0.021887439320304045,9.547,9.60375,12.6,0.48989794855663565,12.0,13.0,1.5478,0.00556192412749396,1.5415,1.557,2.0,0.0,2.0,2.0,1.8596597445098861,2.634020352371518e-07,1.8596593105626538,1.8596600789481519,4.99875e-06,5.35710673305771e-22,4.998749999999999e-06,4.998750000000001e-06,9.9975e-06,1.071421346611542e-21,9.997499999999999e-06,9.997500000000002e-06,1.8415814199892337,0.06411719036731438,1.764641899993876,1.9284357999858912
Method 3: continuous TVQP + ELNCP + PCG,actuator,linear,5e-05,5,20.0,0.005,0.00020433691921620573,5.461180358304041e-10,0.00020433610077939075,0.0002043375467096683,0.00030740846460137957,7.944091205413996e-09,0.0003073931368249926,0.00030741463076419895,5.928185512925765e-07,2.0045724611547237e-08,5.700073928242629e-07,6.260877310165016e-07,0.3101209011003476,9.553023141452789e-09,0.31012088869123045,0.3101209126754639,0.4125530736422168,2.063834848484935e-08,0.4125530461161484,0.41255310737984185,4.775976513516978e-07,4.9943357709096726e-08,4.216058509823499e-07,5.523917832665121e-07,1.8433735385585865e-08,3.0180810226051456e-10,1.8121387444009362e-08,1.8919956977312328e-08,1.5081520578365706e-07,7.397004430054271e-09,1.4330582426111635e-07,1.611965024258493e-07,1.8393424843249986e-08,3.022197587171912e-10,1.8080290241273497e-08,1.888087051336552e-08,8.670083779229332e-11,7.594989276490545e-18,8.670082932442626e-11,8.67008519874999e-11,9.6802,0.04955234605949535,9.59275,9.74375,13.0,0.0,13.0,13.0,1.56555,0.008572339237337695,1.554,1.57625,2.0,0.0,2.0,2.0,1.8596603109183956,2.748531648417916e-06,1.8596566235553156,1.8596644100876618,2.499375e-05,2.6244355987239126e-21,2.4993749999999998e-05,2.499375e-05,4.99875e-05,5.248871197447825e-21,4.9987499999999995e-05,4.998750000000001e-05,1.886871239996981,0.029752515619970766,1.8571284999779891,1.9227698000031523
Method 3: continuous TVQP + ELNCP + PCG,actuator,linear,0.0001,5,20.0,0.005,0.00020433664209329238,5.598972753927022e-10,0.00020433603870727328,0.00020433738965505298,0.0003074171270698395,1.6425472562532042e-08,0.00030740153429925757,0.0003074374307935728,5.992656805672498e-07,1.3775581553980857e-08,5.83491854886089e-07,6.211599450819691e-07,0.3101209077751876,1.0737225692110185e-08,0.3101208912096979,0.3101209188450776,0.412553061984001,3.5554116773309435e-08,0.4125530408917617,0.4125531329635652,6.316234826327489e-07,4.502333610915178e-08,5.785010467936425e-07,6.845465866035254e-07,1.897076452306523e-08,3.860664744304948e-10,1.8298587791145794e-08,1.9307638762349085e-08,1.611015005670264e-07,6.325692989589372e-09,1.535717056076726e-07,1.7267561334584633e-07,1.89309399484747e-08,3.8634416970339045e-10,1.8258364140143074e-08,1.9268999935479104e-08,8.670083617781507e-11,2.656839951803867e-18,8.670083332109345e-11,8.670084042804376e-11,9.6814,0.03528264445871356,9.61425,9.71475,13.0,0.0,13.0,13.0,1.5617,0.005261653732430571,1.555,1.568,2.0,0.0,2.0,2.0,1.8596578540565396,5.66050262137534e-06,1.8596513289819525,1.8596653814528812,4.99875e-05,6.06087439757635e-21,4.9987499999999995e-05,4.99875e-05,9.9975e-05,1.049774239489565e-20,9.997499999999999e-05,9.997500000000002e-05,1.8881155799957923,0.05727114014569987,1.8339037999976426,1.9632611999986693
Method 3: continuous TVQP + ELNCP + PCG,actuator,linear,0.0005,5,20.0,0.005,0.000204336329688013,4.942412752277203e-09,0.00020432900483418796,0.0002043416565437321,0.0003075032259582468,7.997718300810968e-08,0.0003073617530463311,0.0003076022998738698,5.994555501708017e-07,1.925309313506489e-07,2.8656981330919616e-07,8.004715114052378e-07,0.31012093941166796,1.0243100899175795e-07,0.31012081671000247,0.3101210850536926,0.41255299000922213,1.9809508228117093e-07,0.41255272303546775,0.41255332304656567,1.9537345063386608e-06,2.481449829184099e-07,1.6643153414591477e-06,2.2771341298538725e-06,1.8743935885300064e-08,2.0582914677863107e-10,1.840969993323989e-08,1.8990677656509986e-08,1.5925169729007248e-07,1.1183237694653983e-08,1.4449854501217194e-07,1.7813531287818057e-07,1.870390371895535e-08,2.0592898246045554e-10,1.8369287464277664e-08,1.8950914134535085e-08,8.670083735691893e-11,8.86481330859029e-18,8.670082113039118e-11,8.670084583134404e-11,9.67895,0.035202059598835815,9.62325,9.718,13.0,0.0,13.0,13.0,1.5655,0.0065440812953385715,1.55875,1.578,2.0,0.0,2.0,2.0,1.8596446720049014,3.6479719989492425e-05,1.8596083261400858,1.8597050387259149,0.00024993750000000005,2.42434975903054e-20,0.0002499375,0.00024993750000000005,0.000499875,6.857096618313869e-20,0.0004998749999999999,0.0004998750000000001,1.8662679200060666,0.05343629769261872,1.789357800007565,1.926862499996787
Method 3: continuous TVQP + ELNCP + PCG,actuator,linear,0.001,5,20.0,0.005,0.0002043380400262822,6.780937843565848e-09,0.00020433037458446695,0.00020434936144235707,0.0003074989415753229,2.116363436488261e-07,0.0003072137753136596,0.0003077749407272457,5.359067925735149e-07,1.8806935140826942e-07,2.0011438298108515e-07,7.200055663214579e-07,0.310120911061356,1.6260865832986655e-07,0.31012065892252644,0.3101210964413401,0.4125531487989984,3.778448467626658e-07,0.41255255283673065,0.41255374759538377,4.2382740729149266e-06,5.824980165834447e-07,3.408704681019013e-06,4.842687986252132e-06,1.870017497470151e-08,2.791444491879747e-10,1.8324591042598454e-08,1.91458977439909e-08,1.5452367455894034e-07,9.006032616540716e-09,1.41994117952707e-07,1.661331412422711e-07,1.8660321977526783e-08,2.796293613084787e-10,1.8283965306149132e-08,1.9106847770102624e-08,8.670083031915975e-11,1.0734904842388354e-17,8.670082307859932e-11,8.670085156757287e-11,9.64115,0.027075173129639998,9.598,9.6815,13.0,0.0,13.0,13.0,1.5607,0.005692978130996077,1.5495,1.56475,2.0,0.0,2.0,2.0,1.8596628552747625,4.699811390560108e-05,1.8596139272124224,1.8597463373406449,0.0004998750000000001,4.84869951806108e-20,0.000499875,0.0004998750000000001,0.00099975,0.0,0.00099975,0.00099975,1.8253227799956222,0.05163346050299555,1.757157099986216,1.8884557999845129
Method 3: continuous TVQP + ELNCP + PCG,actuator,linear,0.005,5,20.0,0.005,0.0002043505423345879,8.581661255491077e-08,0.00020423595924476818,0.000204480842826269,0.00030794940531564445,1.096503977040328e-06,0.00030637151143146776,0.00030945793794609684,2.7964362811788275e-06,7.625536546366033e-07,1.7823305823183517e-06,3.7731120479092434e-06,0.3101208640331123,1.7450307236066405e-06,0.31011839554686577,0.31012326238211346,0.4125526771556632,2.4182323960716477e-06,0.4125497193211647,0.4125567297683599,1.805832791952497e-05,3.75423021898058e-06,1.2936152464558281e-05,2.3217828509161974e-05,1.8952345917710823e-08,5.189089324458787e-10,1.828696414671032e-08,1.95025850642665e-08,1.6137800034637525e-07,3.2428974890407933e-09,1.5542548076943837e-07,1.6498382329780038e-07,1.8911843840694742e-08,5.193965207739505e-10,1.8246071010249677e-08,1.946149092728859e-08,8.670084900809139e-11,1.0722577527596085e-16,8.67007259999667e-11,8.670104954213473e-11,9.651749999999998,0.023784974248461852,9.61475,9.67725,12.6,0.48989794855663565,12.0,13.0,1.5651,0.004726520919238618,1.5605,1.574,2.0,0.0,2.0,2.0,1.8595283272012242,0.0004025662104282303,1.8590307301387554,1.860128433075466,0.0024993750000000007,4.7507358941313415e-19,0.002499375,0.0024993750000000007,0.004998750000000001,5.485677294651095e-19,0.00499875,0.0049987500000000015,1.9058993400016333,0.056069988072528776,1.8408270000072662,1.9769655000127386
Method 3: continuous TVQP + ELNCP + PCG,actuator,linear,0.01,5,20.0,0.005,0.00020435626270751947,1.2459302244329383e-07,0.0002041783406033461,0.0002045263041338322,0.00030791943269393405,1.6902950713478042e-06,0.00030604174967390196,0.0003102927637776929,4.9483035471533544e-06,1.4714082155045517e-06,2.400416220738074e-06,6.91816747376611e-06,0.310121226743382,2.222749113571073e-06,0.3101189048072607,0.3101239263478202,0.4125552922697852,4.328167008692276e-06,0.4125479340218492,0.41256142874254564,4.2633922125181494e-05,3.694935338899528e-06,3.761947516699553e-05,4.8842921808880846e-05,1.8530154373942544e-08,1.8926825445092957e-10,1.8292345784660363e-08,1.875368899813266e-08,1.5794356230994574e-07,1.2479037958749571e-08,1.358640081263001e-07,1.6928877076212243e-07,1.8488487121991673e-08,1.8937281936063996e-10,1.825116890156162e-08,1.8711883403875475e-08,8.670105710384363e-11,1.8477253078912476e-16,8.670091777444069e-11,8.670141790088992e-11,9.64805,0.018616793494047594,9.6215,9.67825,12.2,0.4,12.0,13.0,1.57025,0.005625833271614072,1.5635,1.5795,2.0,0.0,2.0,2.0,1.8591835347576353,0.00031615440674504386,1.8588938954110446,1.8595741398970038,0.004998750000000001,8.673617379884035e-19,0.00499875,0.0049987500000000015,0.009997500000000001,0.0,0.009997500000000001,0.009997500000000001,1.8632395799970254,0.06126104056870461,1.7749441000050865,1.9604982999735512
Method 3: continuous TVQP + ELNCP + PCG,actuator,quadratic,1e-05,5,20.0,0.005,0.0002043366500280806,4.563980450372048e-10,0.00020433601750561182,0.00020433740764262104,0.00030740145324256783,4.127833314103417e-10,0.0003074007937496882,0.0003074020629114325,6.065762628283579e-07,2.7842378233694525e-09,6.031733595106485e-07,6.101144528737662e-07,0.31012090575566886,1.3532652120009917e-09,0.31012090438597134,0.3101209080828151,0.41255308002501884,1.6992568972484216e-11,0.4125530800095363,0.4125530800477506,4.6485035110773485e-07,6.733027537914742e-09,4.554359151030974e-07,4.736191183269666e-07,1.9623542516608336e-08,4.227956034038191e-10,1.9030318325696868e-08,2.0317433198085505e-08,1.582729344759671e-07,8.696152510535736e-09,1.4766016009303231e-07,1.6897783546278503e-07,1.95839208975959e-08,4.2267645540434275e-10,1.8990531182407285e-08,2.0277389683668434e-08,8.67008361514416e-11,7.758550849486924e-19,8.67008348599654e-11,8.670083698330855e-11,9.574449999999999,0.03225461207331459,9.548,9.62875,13.0,0.0,13.0,13.0,1.5436500000000002,0.0061737346881770225,1.53725,1.55475,2.0,0.0,2.0,2.0,1.8596598715359847,2.1276946456664607e-06,1.8596573005827053,1.859663181815822,3.3333337500000006e-06,6.82899794206514e-22,3.3333337499999997e-06,3.3333337500000014e-06,1.0000000000000003e-05,2.00444579794818e-21,9.999999999999999e-06,1.0000000000000003e-05,1.8439661800104659,0.07941647154763037,1.7102461000031326,1.917881800007308
Method 3: continuous TVQP + ELNCP + PCG,actuator,quadratic,5e-05,5,20.0,0.005,0.00020433635683008377,2.331634762239494e-09,0.0002043325322806752,0.00020433864300520687,0.0003074029246685775,1.659703088510895e-09,0.0003074006850684419,0.0003074049651098321,5.934910304113478e-07,1.9843607359822517e-08,5.651451107833965e-07,6.222459910182041e-07,0.31012090779901946,1.0043371746511011e-08,0.3101208954148717,0.3101209241006875,0.41255308001390245,2.9475860729926755e-12,0.41255308001063606,0.41255308001809277,4.743457174060046e-07,5.0606807549578785e-08,3.966237693399841e-07,5.416337309155345e-07,1.853554954795904e-08,4.897638709308419e-10,1.7919102931771198e-08,1.925059103953442e-08,1.5548203583949137e-07,7.969073923852498e-09,1.407075052912382e-07,1.6301189352161e-07,1.8495487137549496e-08,4.9015876632951e-10,1.787865915767074e-08,1.921102705804334e-08,8.670084237538956e-11,4.060600765873528e-18,8.670083634939759e-11,8.67008477104874e-11,9.7023,0.023200969807315938,9.67475,9.729,13.0,0.0,13.0,13.0,1.5663,0.006251799740874608,1.55775,1.57325,2.0,0.0,2.0,2.0,1.8596561318595874,7.481380670280544e-06,1.8596432692265947,1.8596637383618473,1.6666668750000004e-05,0.0,1.6666668750000004e-05,1.6666668750000004e-05,5.000000000000001e-05,4.285685386446168e-21,5e-05,5.000000000000001e-05,1.8577511799987405,0.05812582122785018,1.8132080000068527,1.9723979999835137
Method 3: continuous TVQP + ELNCP + PCG,actuator,quadratic,0.0001,5,20.0,0.005,0.00020433881932625857,3.1311110083213843e-09,0.00020433276069302227,0.00020434105939892447,0.0003074031499914662,2.761062556369656e-09,0.0003074005153731601,0.00030740804150115446,6.029305398462967e-07,5.229618731654416e-08,5.475511024783373e-07,6.958593680258862e-07,0.31012090243014107,1.8606674861149216e-08,0.31012087276719785,0.31012092310576894,0.41255308001405017,3.2873468317724083e-12,0.4125530800100692,0.41255308001776614,6.026678322756054e-07,7.790188763629944e-08,4.94364399836865e-07,7.111753782631547e-07,1.8676897736898527e-08,1.867747082784493e-10,1.841737843749925e-08,1.8975396924819646e-08,1.6343255723559823e-07,1.3936040893088052e-08,1.470580275334497e-07,1.867752248694688e-07,1.8636917621136367e-08,1.86654811824705e-10,1.8377336628342733e-08,1.893502724352559e-08,8.670083158476049e-11,6.991499826306175e-18,8.670082399796389e-11,8.670084441320903e-11,9.7024,0.01238809912779201,9.6915,9.7255,13.0,0.0,13.0,13.0,1.5652000000000001,0.0022880122377295408,1.563,1.56925,2.0,0.0,2.0,2.0,1.859669504409205,1.595477734844177e-05,1.859639486287393,1.859683341067524,3.333333750000001e-05,0.0,3.333333750000001e-05,3.333333750000001e-05,0.00010000000000000002,1.818262319272905e-20,9.999999999999999e-05,0.00010000000000000002,1.86189299999387,0.08398438395236214,1.7710932999907527,2.019467900012387
Method 3: continuous TVQP + ELNCP + PCG,actuator,quadratic,0.0005,5,20.0,0.005,0.00020435945795939338,2.521136327728213e-08,0.0002043137069999152,0.0002043876814634943,0.0003073988126902746,1.2170517568925793e-08,0.0003073808903649164,0.0003074182771169909,6.716075771051542e-07,1.3387966391780276e-07,4.3325610801688096e-07,8.234195880632622e-07,0.31012088328000825,6.544828859213383e-08,0.31012081677165587,0.31012097570502656,0.4125530800194932,7.002342695397167e-12,0.41255308000827484,0.41255308002832103,1.950796321623183e-06,2.9784212428273716e-07,1.5392072818213914e-06,2.4054118324701478e-06,1.8702032525639168e-08,2.0744746484350053e-10,1.8361271800062944e-08,1.8982367182502558e-08,1.5864145061341953e-07,5.065313353659964e-09,1.501409287546469e-07,1.6390747783121013e-07,1.866114631480316e-08,2.0775113136839672e-10,1.8319738387887952e-08,1.8941993635622996e-08,8.670078293698898e-11,3.5170263783922636e-17,8.670075281735743e-11,8.67008472702893e-11,9.684700000000001,0.03260345073761375,9.65325,9.746,13.0,0.0,13.0,13.0,1.5706000000000002,0.002672077843177509,1.5675,1.5745,2.0,0.0,2.0,2.0,1.8597424690077209,0.0001198243499912322,1.8595360862908816,1.859889886633364,0.0001666666875,0.0,0.0001666666875,0.0001666666875,0.0005,4.84869951806108e-20,0.0004999999999999999,0.0005,1.8319646999996622,0.04009752371395322,1.7655331999994814,1.8821458000165876
Method 3: continuous TVQP + ELNCP + PCG,actuator,quadratic,0.001,5,20.0,0.005,0.0002043169200325341,4.1414901447093314e-08,0.00020426597203899316,0.00020437726321746028,0.00030744506422008085,2.9113179785214234e-08,0.0003074115102977844,0.00030749308116243186,7.722842983766582e-07,3.615557218999307e-07,2.5412879568319394e-07,1.1899841809679637e-06,0.3101208983223781,2.1362569202423142e-07,0.3101206104260758,0.3101211707437605,0.4125530800146623,2.663413015188655e-12,0.412553080010603,0.41255308001887614,3.7999526014401746e-06,6.629824493985516e-07,2.7161821421603427e-06,4.583959096870796e-06,1.8923272225734735e-08,2.697917227145371e-10,1.857127533579903e-08,1.9377861772295857e-08,1.6083046248896748e-07,1.407206811485248e-08,1.3704457177363513e-07,1.732448758052333e-07,1.8882123058211627e-08,2.6990460567808354e-10,1.8530378777621376e-08,1.9337351401952698e-08,8.670084993055618e-11,6.348617523186923e-17,8.670077035623757e-11,8.670096375046036e-11,9.661100000000001,0.007677239087067261,9.6475,9.67,12.8,0.39999999999999997,12.0,13.0,1.56845,0.003479942528261026,1.5645,1.573,2.0,0.0,2.0,2.0,1.859556618648336,0.0001998612904199036,1.8593393161174536,1.859810619988447,0.000333333375,4.19909695795826e-20,0.00033333337499999997,0.0003333333750000001,0.001,1.679638783183304e-19,0.001,0.0010000000000000002,1.8599457799980883,0.05158083340752346,1.7899464999791235,1.915077299985569
Method 3: continuous TVQP + ELNCP + PCG,actuator,quadratic,0.005,5,20.0,0.005,0.0002042359314059784,2.48057061325909e-07,0.0002040218084133329,0.00020471578623723784,0.00030762812918208766,1.3995364603182782e-07,0.0003073545853578328,0.0003077423229874067,3.5962636547586763e-06,8.19643585645912e-07,2.421516956774281e-06,4.609891664798398e-06,0.3101206931918123,1.091445446969007e-06,0.3101193101347765,0.31012234123733223,0.41255308001290747,5.948774069443142e-12,0.4125530800092423,0.4125530800247412,1.911253069023115e-05,1.5580659399515233e-06,1.6307487549826617e-05,2.1007813273829327e-05,1.7862341056488145e-08,6.108011087881247e-10,1.728673542855298e-08,1.8777583824194934e-08,1.5655815284697647e-07,1.2281044232128754e-08,1.4426244296803633e-07,1.779174895926678e-07,1.7819796992749386e-08,6.113159004083936e-10,1.7244518338114924e-08,1.873610485440068e-08,8.670113528734852e-11,3.9058921450989324e-16,8.670047898522528e-11,8.670159189879893e-11,9.752849999999999,0.06527319511101008,9.6705,9.839,13.0,0.6324555320336759,12.0,14.0,1.5928,0.016276824014530608,1.57025,1.613,2.0,0.0,2.0,2.0,1.8591042097343524,0.001003308934553914,1.858358870888662,1.861073308908511,0.0016666668750000002,1.939479807224432e-19,0.001666666875,0.0016666668750000002,0.005,0.0,0.005,0.005,1.910508559999289,0.06693376359733014,1.8430270999961067,2.0363213999953587
Method 3: continuous TVQP + ELNCP + PCG,actuator,quadratic,0.01,5,20.0,0.005,0.0002043217763697893,3.0029536017477404e-07,0.00020390590937860144,0.000204766445245539,0.00030763788073051346,1.0997288202034262e-07,0.00030752868323872775,0.0003077923090848228,4.604580054161137e-06,1.06222400369014e-06,3.318436130068661e-06,6.104945242323053e-06,0.31012172942078853,1.362209075190908e-06,0.31011943171201367,0.31012368457453054,0.4125530800205942,1.652715155745591e-11,0.41255308000917457,0.41255308005344227,3.979457295018108e-05,5.851962042473219e-06,3.178887707269123e-05,4.565881845629958e-05,1.747776700330447e-08,4.666320330026951e-10,1.6613130587425455e-08,1.7832847091559738e-08,1.533865434742252e-07,8.161471165843129e-09,1.3979197175439937e-07,1.62660001951725e-07,1.7434485608662585e-08,4.67564910857154e-10,1.6568284844178477e-08,1.7790845935653446e-08,8.67010417026703e-11,8.66254823106259e-16,8.670024595285937e-11,8.670223846752725e-11,9.7696,0.05356038648105549,9.674,9.8315,13.2,0.39999999999999997,13.0,14.0,1.6011499999999999,0.014261486598528269,1.5775,1.6225,2.0,0.0,2.0,2.0,1.8590242301481261,0.0012505626585939604,1.8568134416169546,1.8606103058325103,0.0033333337500000004,3.878959614448864e-19,0.00333333375,0.0033333337500000004,0.01,0.0,0.01,0.01,1.8721153600024991,0.0492292012719728,1.810254200012423,1.9615129999874625
