run_dir,analysis_json,summary_json,command_mode,command_topic,trajectory_name,method,score,high_findings,medium_findings,top_finding,deadline_miss_ratio,period_overrun_ratio,tcp_pose_used_ratio,cycle_period_p99_s,state_age_p95_s,command_accel_p95_rad_s2,tcp_fk_error_p95_m,mean_position_error_m,final_joint_drift_norm_rad
results/clean/20260607_120901/single/circle/method2_dlccznn/live,results/clean/20260607_120901/single/circle/method2_dlccznn/live/ros_real_diagnostic_analysis.json,results/clean/20260607_120901/single/circle/method2_dlccznn/live/clean_summary.json,position_array,/pos_joint_group_controller/command,circle,dlccznn,4.859890340679273,0,0,No obvious timing or command-smoothness fault in diagnostics,0.0,0.0,0.0,0.005147153199877721,0.0022626195499697134,10.3923202549914,0.0,0.02198932481523703,0.15990996381567327
results/clean/20260607_121402/single/circle/method2_dlccznn/live,results/clean/20260607_121402/single/circle/method2_dlccznn/live/ros_real_diagnostic_analysis.json,results/clean/20260607_121402/single/circle/method2_dlccznn/live/clean_summary.json,position_array,/pos_joint_group_controller/command,circle,dlccznn,4.860222634105927,0,0,No obvious timing or command-smoothness fault in diagnostics,0.0,0.0,0.0,0.005112019999796757,0.0022538834000442876,4.242640790863755,0.0,0.032754119727989556,0.11380077482201534
results/clean/20260607_123417/single/circle/method2_dlccznn/live,results/clean/20260607_123417/single/circle/method2_dlccznn/live/ros_real_diagnostic_analysis.json,results/clean/20260607_123417/single/circle/method2_dlccznn/live/clean_summary.json,position_array,/pos_joint_group_controller/command,circle,dlccznn,103.48396869826176,0,1,Command acceleration is high,0.0,0.0,0.0,0.005122230399902037,0.002069762500013894,17.891614538443882,0.0,0.016228171688615508,0.005129245055569422
results/clean/20260607_122351/single/circle/method2_dlccznn/live,results/clean/20260607_122351/single/circle/method2_dlccznn/live/ros_real_diagnostic_analysis.json,results/clean/20260607_122351/single/circle/method2_dlccznn/live/clean_summary.json,position_array,/pos_joint_group_controller/command,circle,dlccznn,104.17531712035748,0,1,Command acceleration is high,0.0,0.0,0.0,0.005142700279502605,0.0015964015999088588,13.856622809458358,0.0,0.006285380563934208,0.21451527670191223
results/clean/20260607_123302/single/circle/method2_dlccznn/live,results/clean/20260607_123302/single/circle/method2_dlccznn/live/ros_real_diagnostic_analysis.json,results/clean/20260607_123302/single/circle/method2_dlccznn/live/clean_summary.json,position_array,/pos_joint_group_controller/command,circle,dlccznn,104.24959668392766,0,1,Command acceleration is high,0.0,0.0005,0.0,0.0051309844006391355,0.0016503751503023523,24.000049997793937,0.0,0.01515605759911701,0.016748217273353343
results/clean/20260607_122451/single/circle/method2_dlccznn/live,results/clean/20260607_122451/single/circle/method2_dlccznn/live/ros_real_diagnostic_analysis.json,results/clean/20260607_122451/single/circle/method2_dlccznn/live/clean_summary.json,position_array,/pos_joint_group_controller/command,circle,dlccznn,104.49169964891105,0,1,Command acceleration is high,0.0,0.0,0.0,0.005120639980013948,0.002205332549601735,17.320608678768373,0.0,0.006208493486896206,0.21167361068485796
results/clean/20260607_121715/single/circle/method2_dlccznn/live,results/clean/20260607_121715/single/circle/method2_dlccznn/live/ros_real_diagnostic_analysis.json,results/clean/20260607_121715/single/circle/method2_dlccznn/live/clean_summary.json,position_array,/pos_joint_group_controller/command,circle,dlccznn,104.85392474170408,0,1,Command acceleration is high,0.0,0.0,0.0,0.0051244202401358055,0.0019732035001879923,20.78630878986155,0.0,0.006301423346648842,0.2125419493051158
results/clean/20260607_135603/single/circle/method2_dlccznn/live,results/clean/20260607_135603/single/circle/method2_dlccznn/live/ros_real_diagnostic_analysis.json,results/clean/20260607_135603/single/circle/method2_dlccznn/live/clean_summary.json,joint_trajectory,/scaled_pos_joint_traj_controller/command,circle,dlccznn,105.43360928619009,0,1,Command acceleration is high,0.0,0.0005,0.0,0.005168142000038642,0.0022324362494146044,20.78461194149661,0.0,0.029554453026228174,0.022737842692345005
results/clean/20260607_135745/single/circle/method2_dlccznn/live,results/clean/20260607_135745/single/circle/method2_dlccznn/live/ros_real_diagnostic_analysis.json,results/clean/20260607_135745/single/circle/method2_dlccznn/live/clean_summary.json,velocity_array,/joint_group_vel_controller/command,circle,dlccznn,1005.0367952970417,1,0,Command acceleration spikes,0.0,0.0,0.0,0.005112408618624613,0.0019793270000263872,26.85270246272719,0.0,0.015645938254986922,0.07671379552700447
