case_id,task_gain,mu_gain,activation_power,solver_substeps,solver_gamma_gain,status,mean_position_error_m,final_position_error_m,final_joint_drift_norm_rad,mean_inner_residual_norm,wall_clock_run_s,result_dir,composite_score
tg200_mu14p0_ap0p90_ns60_gg3840,200.0,14.0,0.9,60,3840.0,ok,0.00019999304107500015,1.0365961932479848e-06,1.9777837967200572e-06,0.004980374306709145,6.069933599999786,C:\Users\lyx\Desktop\sci\code\project_method3c_lccznn_solver\results\tuning_20260421\method2\offline_broad_runs\tg200_mu14p0_ap0p90_ns60_gg3840\offline,1.14654868970399
tg200_mu14p0_ap0p90_ns60_gg2560,200.0,14.0,0.9,60,2560.0,ok,0.00019858918237076572,1.0871008678083168e-06,2.007349766045816e-06,0.005752906738398687,6.132984399999259,C:\Users\lyx\Desktop\sci\code\project_method3c_lccznn_solver\results\tuning_20260421\method2\offline_broad_runs\tg200_mu14p0_ap0p90_ns60_gg2560\offline,1.194314944102044
tg160_mu14p0_ap0p90_ns60_gg3840,160.0,14.0,0.9,60,3840.0,ok,0.00019939810750025074,1.1876372693019855e-06,2.200698199226261e-06,0.004964980639409398,6.144100499997876,C:\Users\lyx\Desktop\sci\code\project_method3c_lccznn_solver\results\tuning_20260421\method2\offline_broad_runs\tg160_mu14p0_ap0p90_ns60_gg3840\offline,1.2137028820104394
tg160_mu14p0_ap0p90_ns60_gg2560,160.0,14.0,0.9,60,2560.0,ok,0.00019759105081257333,1.2466379834640052e-06,2.2909537698932793e-06,0.005791724707760949,5.978179400000954,C:\Users\lyx\Desktop\sci\code\project_method3c_lccznn_solver\results\tuning_20260421\method2\offline_broad_runs\tg160_mu14p0_ap0p90_ns60_gg2560\offline,1.2756021375343567
tg200_mu14p0_ap0p90_ns40_gg3840,200.0,14.0,0.9,40,3840.0,ok,0.0001988704393929019,1.0488660402030072e-06,2.0784456886145614e-06,0.0077407340198503895,4.5826828999997815,C:\Users\lyx\Desktop\sci\code\project_method3c_lccznn_solver\results\tuning_20260421\method2\offline_broad_runs\tg200_mu14p0_ap0p90_ns40_gg3840\offline,1.290635763011629
tg200_mu14p0_ap0p90_ns60_gg1280,200.0,14.0,0.9,60,1280.0,ok,0.00019599745941878782,1.1964139575024458e-06,2.230366005649172e-06,0.0072178344959718315,6.0744917999982135,C:\Users\lyx\Desktop\sci\code\project_method3c_lccznn_solver\results\tuning_20260421\method2\offline_broad_runs\tg200_mu14p0_ap0p90_ns60_gg1280\offline,1.3172112738028652
tg200_mu14p0_ap0p90_ns40_gg2560,200.0,14.0,0.9,40,2560.0,ok,0.00019745185326914882,1.0935684265524787e-06,2.0458066411353087e-06,0.008483402226827145,4.584907099997508,C:\Users\lyx\Desktop\sci\code\project_method3c_lccznn_solver\results\tuning_20260421\method2\offline_broad_runs\tg200_mu14p0_ap0p90_ns40_gg2560\offline,1.324871105913908
tg120_mu14p0_ap0p90_ns60_gg3840,120.0,14.0,0.9,60,3840.0,ok,0.0001977524172494089,1.4181977759471852e-06,2.6652598252908846e-06,0.004880920823514442,6.219167899998865,C:\Users\lyx\Desktop\sci\code\project_method3c_lccznn_solver\results\tuning_20260421\method2\offline_broad_runs\tg120_mu14p0_ap0p90_ns60_gg3840\offline,1.3340908997702083
tg160_mu14p0_ap0p90_ns40_gg3840,160.0,14.0,0.9,40,3840.0,ok,0.00019807271054467923,1.196277647485373e-06,2.2357811701477157e-06,0.007627329936869386,4.6372956999985036,C:\Users\lyx\Desktop\sci\code\project_method3c_lccznn_solver\results\tuning_20260421\method2\offline_broad_runs\tg160_mu14p0_ap0p90_ns40_gg3840\offline,1.3406323094128416
tg200_mu10p0_ap0p90_ns60_gg3840,200.0,10.0,0.9,60,3840.0,ok,0.00020106380540036613,1.024019617269343e-06,3.835951670134835e-06,0.0035604077232484943,6.1276034000002255,C:\Users\lyx\Desktop\sci\code\project_method3c_lccznn_solver\results\tuning_20260421\method2\offline_broad_runs\tg200_mu10p0_ap0p90_ns60_gg3840\offline,1.4101053502310494
tg160_mu14p0_ap0p90_ns40_gg2560,160.0,14.0,0.9,40,2560.0,ok,0.00019623605964669898,1.2457121961069802e-06,2.33300192293627e-06,0.008734779957265883,4.572125999999116,C:\Users\lyx\Desktop\sci\code\project_method3c_lccznn_solver\results\tuning_20260421\method2\offline_broad_runs\tg160_mu14p0_ap0p90_ns40_gg2560\offline,1.414648207062511
tg120_mu14p0_ap0p90_ns60_gg2560,120.0,14.0,0.9,60,2560.0,ok,0.00019595614656680338,1.490057174134013e-06,2.9011704411823976e-06,0.005696016954202042,6.102305100001104,C:\Users\lyx\Desktop\sci\code\project_method3c_lccznn_solver\results\tuning_20260421\method2\offline_broad_runs\tg120_mu14p0_ap0p90_ns60_gg2560\offline,1.4237658943325167
tg160_mu14p0_ap0p90_ns60_gg1280,160.0,14.0,0.9,60,1280.0,ok,0.0001945347262032645,1.376707263932024e-06,2.6968562315484552e-06,0.007216274165097163,6.079167800002324,C:\Users\lyx\Desktop\sci\code\project_method3c_lccznn_solver\results\tuning_20260421\method2\offline_broad_runs\tg160_mu14p0_ap0p90_ns60_gg1280\offline,1.4322224697794443
tg200_mu10p0_ap0p90_ns60_gg2560,200.0,10.0,0.9,60,2560.0,ok,0.00020024312580388582,1.0803834778475377e-06,3.828334506921475e-06,0.0041098572820699114,6.092630099999951,C:\Users\lyx\Desktop\sci\code\project_method3c_lccznn_solver\results\tuning_20260421\method2\offline_broad_runs\tg200_mu10p0_ap0p90_ns60_gg2560\offline,1.4433278699820258
tg160_mu10p0_ap0p90_ns60_gg3840,160.0,10.0,0.9,60,3840.0,ok,0.00020037779800968054,1.1830910481538837e-06,4.0233729264658916e-06,0.0035183315073504928,6.178963999998814,C:\Users\lyx\Desktop\sci\code\project_method3c_lccznn_solver\results\tuning_20260421\method2\offline_broad_runs\tg160_mu10p0_ap0p90_ns60_gg3840\offline,1.4711624600908042
tg200_mu14p0_ap0p90_ns40_gg1280,200.0,14.0,0.9,40,1280.0,ok,0.0001941326263128631,1.200887765078266e-06,2.2259585993662835e-06,0.01079975794127456,4.605265799997142,C:\Users\lyx\Desktop\sci\code\project_method3c_lccznn_solver\results\tuning_20260421\method2\offline_broad_runs\tg200_mu14p0_ap0p90_ns40_gg1280\offline,1.4773027969011756
tg120_mu14p0_ap0p90_ns40_gg3840,120.0,14.0,0.9,40,3840.0,ok,0.000196479006704259,1.4096399753383762e-06,2.8488115641590213e-06,0.007792189554976652,4.55983660000129,C:\Users\lyx\Desktop\sci\code\project_method3c_lccznn_solver\results\tuning_20260421\method2\offline_broad_runs\tg120_mu14p0_ap0p90_ns40_gg3840\offline,1.495387111575324
tg160_mu10p0_ap0p90_ns60_gg2560,160.0,10.0,0.9,60,2560.0,ok,0.00019927282392582808,1.2533187342522431e-06,3.9823253555962415e-06,0.004063430957927113,6.083311900001718,C:\Users\lyx\Desktop\sci\code\project_method3c_lccznn_solver\results\tuning_20260421\method2\offline_broad_runs\tg160_mu10p0_ap0p90_ns60_gg2560\offline,1.5004566868495273
tg200_mu10p0_ap0p90_ns60_gg1280,200.0,10.0,0.9,60,1280.0,ok,0.00019803800673636932,1.2126465999206096e-06,3.863905573917741e-06,0.005082369071476943,6.106019400001969,C:\Users\lyx\Desktop\sci\code\project_method3c_lccznn_solver\results\tuning_20260421\method2\offline_broad_runs\tg200_mu10p0_ap0p90_ns60_gg1280\offline,1.5157787973395878
tg200_mu10p0_ap0p90_ns40_gg3840,200.0,10.0,0.9,40,3840.0,ok,0.0002000460886798412,1.1077291210773774e-06,4.114382036769419e-06,0.005542583270059069,4.602938299998641,C:\Users\lyx\Desktop\sci\code\project_method3c_lccznn_solver\results\tuning_20260421\method2\offline_broad_runs\tg200_mu10p0_ap0p90_ns40_gg3840\offline,1.564293342648703
tg160_mu10p0_ap0p90_ns60_gg1280,160.0,10.0,0.9,60,1280.0,ok,0.00019653499527575927,1.410068457523601e-06,3.98690644167687e-06,0.005033011835951634,5.9485172999993665,C:\Users\lyx\Desktop\sci\code\project_method3c_lccznn_solver\results\tuning_20260421\method2\offline_broad_runs\tg160_mu10p0_ap0p90_ns60_gg1280\offline,1.571094963892456
tg120_mu10p0_ap0p90_ns60_gg3840,120.0,10.0,0.9,60,3840.0,ok,0.00019909225021437637,1.4432676376777744e-06,4.308801377591862e-06,0.0035580649852130055,6.057272100002592,C:\Users\lyx\Desktop\sci\code\project_method3c_lccznn_solver\results\tuning_20260421\method2\offline_broad_runs\tg120_mu10p0_ap0p90_ns60_gg3840\offline,1.5719428140082603
tg160_mu14p0_ap0p90_ns40_gg1280,160.0,14.0,0.9,40,1280.0,ok,0.00019293558695373248,1.375650726058903e-06,2.6978929555999894e-06,0.010501789025193605,4.61633250000159,C:\Users\lyx\Desktop\sci\code\project_method3c_lccznn_solver\results\tuning_20260421\method2\offline_broad_runs\tg160_mu14p0_ap0p90_ns40_gg1280\offline,1.579161596666071
tg120_mu14p0_ap0p90_ns40_gg2560,120.0,14.0,0.9,40,2560.0,ok,0.00019459068824120775,1.478662190403046e-06,3.162992438984541e-06,0.0085266175667626,4.588552299999719,C:\Users\lyx\Desktop\sci\code\project_method3c_lccznn_solver\results\tuning_20260421\method2\offline_broad_runs\tg120_mu14p0_ap0p90_ns40_gg2560\offline,1.5945099470272597
tg120_mu10p0_ap0p90_ns60_gg2560,120.0,10.0,0.9,60,2560.0,ok,0.0001978085070733997,1.5319997852508116e-06,4.2609906096813724e-06,0.004038208120166932,6.1590427000010095,C:\Users\lyx\Desktop\sci\code\project_method3c_lccznn_solver\results\tuning_20260421\method2\offline_broad_runs\tg120_mu10p0_ap0p90_ns60_gg2560\offline,1.6003628203926865
tg200_mu10p0_ap0p90_ns40_gg2560,200.0,10.0,0.9,40,2560.0,ok,0.0001993282611437253,1.099617548402616e-06,4.152156460310784e-06,0.006300397503272259,4.551532900000893,C:\Users\lyx\Desktop\sci\code\project_method3c_lccznn_solver\results\tuning_20260421\method2\offline_broad_runs\tg200_mu10p0_ap0p90_ns40_gg2560\offline,1.6026509274810086
tg160_mu10p0_ap0p90_ns40_gg3840,160.0,10.0,0.9,40,3840.0,ok,0.00019927682769629008,1.216729880237301e-06,4.308302924358613e-06,0.00564043870319235,4.641642000002321,C:\Users\lyx\Desktop\sci\code\project_method3c_lccznn_solver\results\tuning_20260421\method2\offline_broad_runs\tg160_mu10p0_ap0p90_ns40_gg3840\offline,1.6229528231051658
tg120_mu14p0_ap0p90_ns60_gg1280,120.0,14.0,0.9,60,1280.0,ok,0.00019227444922365904,1.6554386375907866e-06,3.640086463105454e-06,0.0071563556577248395,6.111801999999443,C:\Users\lyx\Desktop\sci\code\project_method3c_lccznn_solver\results\tuning_20260421\method2\offline_broad_runs\tg120_mu14p0_ap0p90_ns60_gg1280\offline,1.6467006199258283
tg160_mu10p0_ap0p90_ns40_gg2560,160.0,10.0,0.9,40,2560.0,ok,0.00019770719257149216,1.2686151361554438e-06,4.3165589059801575e-06,0.006067981915650797,4.5863333999986935,C:\Users\lyx\Desktop\sci\code\project_method3c_lccznn_solver\results\tuning_20260421\method2\offline_broad_runs\tg160_mu10p0_ap0p90_ns40_gg2560\offline,1.6511739825143457
tg200_mu10p0_ap0p90_ns40_gg1280,200.0,10.0,0.9,40,1280.0,ok,0.000196271606776519,1.209803642231729e-06,4.101181619149058e-06,0.0075968107740143325,4.574121900001046,C:\Users\lyx\Desktop\sci\code\project_method3c_lccznn_solver\results\tuning_20260421\method2\offline_broad_runs\tg200_mu10p0_ap0p90_ns40_gg1280\offline,1.6686896826213597
tg120_mu10p0_ap0p90_ns60_gg1280,120.0,10.0,0.9,60,1280.0,ok,0.0001947170571405102,1.724714685736686e-06,4.3219253913855156e-06,0.004972098581677249,6.108581599997706,C:\Users\lyx\Desktop\sci\code\project_method3c_lccznn_solver\results\tuning_20260421\method2\offline_broad_runs\tg120_mu10p0_ap0p90_ns60_gg1280\offline,1.6857210854033555
tg120_mu10p0_ap0p90_ns40_gg3840,120.0,10.0,0.9,40,3840.0,ok,0.00019785475878213664,1.4680973973138382e-06,4.573019324824041e-06,0.005744337580572411,4.68598589999965,C:\Users\lyx\Desktop\sci\code\project_method3c_lccznn_solver\results\tuning_20260421\method2\offline_broad_runs\tg120_mu10p0_ap0p90_ns40_gg3840\offline,1.7210243539113166
tg160_mu10p0_ap0p90_ns40_gg1280,160.0,10.0,0.9,40,1280.0,ok,0.00019526593739431868,1.4097744716815257e-06,4.2585631096567945e-06,0.007461248592361932,4.670680999999604,C:\Users\lyx\Desktop\sci\code\project_method3c_lccznn_solver\results\tuning_20260421\method2\offline_broad_runs\tg160_mu10p0_ap0p90_ns40_gg1280\offline,1.727567274243984
tg120_mu10p0_ap0p90_ns40_gg2560,120.0,10.0,0.9,40,2560.0,ok,0.0001963716617227815,1.5452454386516886e-06,4.474680960107493e-06,0.006110613579627772,4.701073899999756,C:\Users\lyx\Desktop\sci\code\project_method3c_lccznn_solver\results\tuning_20260421\method2\offline_broad_runs\tg120_mu10p0_ap0p90_ns40_gg2560\offline,1.732679552445274
tg120_mu10p0_ap0p90_ns40_gg1280,120.0,10.0,0.9,40,1280.0,ok,0.00019312824564388009,1.7275325388641746e-06,4.497213092969201e-06,0.007343178834447364,4.741808399998263,C:\Users\lyx\Desktop\sci\code\project_method3c_lccznn_solver\results\tuning_20260421\method2\offline_broad_runs\tg120_mu10p0_ap0p90_ns40_gg1280\offline,1.8225529353601375
tg120_mu14p0_ap0p90_ns40_gg1280,120.0,14.0,0.9,40,1280.0,ok,0.0001916258325453954,1.6473407228092985e-06,3.833330659076546e-06,0.010494410588698962,4.634644699999626,C:\Users\lyx\Desktop\sci\code\project_method3c_lccznn_solver\results\tuning_20260421\method2\offline_broad_runs\tg120_mu14p0_ap0p90_ns40_gg1280\offline,1.8304193489650913
tg200_mu14p0_ap0p90_ns20_gg1280,200.0,14.0,0.9,20,1280.0,ok,0.00019312751812068158,1.2174903896441609e-06,2.647914043680681e-06,0.02116555094690022,3.0770770000017365,C:\Users\lyx\Desktop\sci\code\project_method3c_lccznn_solver\results\tuning_20260421\method2\offline_broad_runs\tg200_mu14p0_ap0p90_ns20_gg1280\offline,2.0262933554903904
tg200_mu10p0_ap0p90_ns20_gg1280,200.0,10.0,0.9,20,1280.0,ok,0.0001939417049521243,1.3710912631491712e-06,4.201678506776086e-06,0.015009780676518682,3.082259000002523,C:\Users\lyx\Desktop\sci\code\project_method3c_lccznn_solver\results\tuning_20260421\method2\offline_broad_runs\tg200_mu10p0_ap0p90_ns20_gg1280\offline,2.0519040297587177
tg160_mu10p0_ap0p90_ns20_gg1280,160.0,10.0,0.9,20,1280.0,ok,0.0001931182316121587,1.5248809643097532e-06,4.174185390889662e-06,0.01475334131108963,3.107965700000932,C:\Users\lyx\Desktop\sci\code\project_method3c_lccznn_solver\results\tuning_20260421\method2\offline_broad_runs\tg160_mu10p0_ap0p90_ns20_gg1280\offline,2.0638649963331868
tg120_mu10p0_ap0p90_ns20_gg1280,120.0,10.0,0.9,20,1280.0,ok,0.0001907955781872216,1.7952850739881492e-06,4.468102730066395e-06,0.014175498140851015,3.15125099999932,C:\Users\lyx\Desktop\sci\code\project_method3c_lccznn_solver\results\tuning_20260421\method2\offline_broad_runs\tg120_mu10p0_ap0p90_ns20_gg1280\offline,2.138066837999966
tg200_mu14p0_ap0p90_ns20_gg2560,200.0,14.0,0.9,20,2560.0,ok,0.00019633622786508197,1.4522878909870161e-06,3.3696611879866363e-06,0.020179405956355177,3.140949000000546,C:\Users\lyx\Desktop\sci\code\project_method3c_lccznn_solver\results\tuning_20260421\method2\offline_broad_runs\tg200_mu14p0_ap0p90_ns20_gg2560\offline,2.160770992110779
tg160_mu14p0_ap0p90_ns20_gg1280,160.0,14.0,0.9,20,1280.0,ok,0.0001937291083086357,1.398464405986262e-06,3.5331476901931948e-06,0.020748797529879476,3.126383499999065,C:\Users\lyx\Desktop\sci\code\project_method3c_lccznn_solver\results\tuning_20260421\method2\offline_broad_runs\tg160_mu14p0_ap0p90_ns20_gg1280\offline,2.200385176226754
tg120_mu10p0_ap0p90_ns20_gg2560,120.0,10.0,0.9,20,2560.0,ok,0.00019425393216644405,1.984994771953448e-06,5.045024532650897e-06,0.013766259160366062,3.1953470000007655,C:\Users\lyx\Desktop\sci\code\project_method3c_lccznn_solver\results\tuning_20260421\method2\offline_broad_runs\tg120_mu10p0_ap0p90_ns20_gg2560\offline,2.264887524524359
tg160_mu10p0_ap0p90_ns20_gg2560,160.0,10.0,0.9,20,2560.0,ok,0.00019678664251959098,2.0963960030295678e-06,5.731090897785429e-06,0.014246940728665645,2.9309146000014152,C:\Users\lyx\Desktop\sci\code\project_method3c_lccznn_solver\results\tuning_20260421\method2\offline_broad_runs\tg160_mu10p0_ap0p90_ns20_gg2560\offline,2.4346316804953103
tg200_mu10p0_ap0p90_ns20_gg2560,200.0,10.0,0.9,20,2560.0,ok,0.00019727754187860285,2.015677565492065e-06,5.741134010202436e-06,0.014726940524925035,3.081879099998332,C:\Users\lyx\Desktop\sci\code\project_method3c_lccznn_solver\results\tuning_20260421\method2\offline_broad_runs\tg200_mu10p0_ap0p90_ns20_gg2560\offline,2.4434435663714233
tg120_mu14p0_ap0p90_ns20_gg1280,120.0,14.0,0.9,20,1280.0,ok,0.00019652490279544182,1.7133092755907782e-06,4.703942904677107e-06,0.02101086507148323,3.0408061999987694,C:\Users\lyx\Desktop\sci\code\project_method3c_lccznn_solver\results\tuning_20260421\method2\offline_broad_runs\tg120_mu14p0_ap0p90_ns20_gg1280\offline,2.486152811703257
tg200_mu10p0_ap0p90_ns20_gg3840,200.0,10.0,0.9,20,3840.0,ok,0.00019639035021418145,1.1153137973614e-06,5.479499143693354e-06,0.02161748015606782,3.0767258999985643,C:\Users\lyx\Desktop\sci\code\project_method3c_lccznn_solver\results\tuning_20260421\method2\offline_broad_runs\tg200_mu10p0_ap0p90_ns20_gg3840\offline,2.5340348116079294
tg160_mu10p0_ap0p90_ns20_gg3840,160.0,10.0,0.9,20,3840.0,ok,0.0001978521049629569,1.3239254431941198e-06,5.73405465439769e-06,0.02082674839454249,3.038991100002022,C:\Users\lyx\Desktop\sci\code\project_method3c_lccznn_solver\results\tuning_20260421\method2\offline_broad_runs\tg160_mu10p0_ap0p90_ns20_gg3840\offline,2.5864319111191856
tg120_mu10p0_ap0p90_ns20_gg3840,120.0,10.0,0.9,20,3840.0,ok,0.00019740268019656404,1.7050436721741184e-06,6.13623343941256e-06,0.020769693884698376,3.0321162000000186,C:\Users\lyx\Desktop\sci\code\project_method3c_lccznn_solver\results\tuning_20260421\method2\offline_broad_runs\tg120_mu10p0_ap0p90_ns20_gg3840\offline,2.7286120693351323
tg200_mu6p0_ap0p90_ns60_gg3840,200.0,6.0,0.9,60,3840.0,ok,0.00020217005730605825,1.18020253254075e-06,1.1478371347399946e-05,0.0022362960739436984,6.155373400000826,C:\Users\lyx\Desktop\sci\code\project_method3c_lccznn_solver\results\tuning_20260421\method2\offline_broad_runs\tg200_mu6p0_ap0p90_ns60_gg3840\offline,2.7346749994063533
tg200_mu6p0_ap0p90_ns60_gg2560,200.0,6.0,0.9,60,2560.0,ok,0.00020154207536987956,1.1520718214118434e-06,1.157344641507527e-05,0.0025085318841265797,6.108476800000062,C:\Users\lyx\Desktop\sci\code\project_method3c_lccznn_solver\results\tuning_20260421\method2\offline_broad_runs\tg200_mu6p0_ap0p90_ns60_gg2560\offline,2.75727412414422
tg160_mu14p0_ap0p90_ns20_gg2560,160.0,14.0,0.9,20,2560.0,ok,0.0001972862783815742,2.1607428725179255e-06,6.458208821214161e-06,0.019332875630614393,3.0290229999991425,C:\Users\lyx\Desktop\sci\code\project_method3c_lccznn_solver\results\tuning_20260421\method2\offline_broad_runs\tg160_mu14p0_ap0p90_ns20_gg2560\offline,2.8088270360865715
tg160_mu6p0_ap0p90_ns60_gg3840,160.0,6.0,0.9,60,3840.0,ok,0.00020157618467189396,1.4348479510761862e-06,1.1960234895815939e-05,0.0023129897829141355,6.026724299998023,C:\Users\lyx\Desktop\sci\code\project_method3c_lccznn_solver\results\tuning_20260421\method2\offline_broad_runs\tg160_mu6p0_ap0p90_ns60_gg3840\offline,2.872092419660019
tg160_mu6p0_ap0p90_ns60_gg2560,160.0,6.0,0.9,60,2560.0,ok,0.0002008912229788209,1.4122731505364141e-06,1.2126061266993986e-05,0.002460081464515597,6.123295699999289,C:\Users\lyx\Desktop\sci\code\project_method3c_lccznn_solver\results\tuning_20260421\method2\offline_broad_runs\tg160_mu6p0_ap0p90_ns60_gg2560\offline,2.902483226681208
tg200_mu6p0_ap0p90_ns60_gg1280,200.0,6.0,0.9,60,1280.0,ok,0.0002002044297670132,1.3252976903118129e-06,1.2107883059688182e-05,0.0030286806557663698,6.093079899997974,C:\Users\lyx\Desktop\sci\code\project_method3c_lccznn_solver\results\tuning_20260421\method2\offline_broad_runs\tg200_mu6p0_ap0p90_ns60_gg1280\offline,2.906960649349851
tg200_mu6p0_ap0p90_ns40_gg2560,200.0,6.0,0.9,40,2560.0,ok,0.00020099121543139432,1.5152798532060179e-06,1.2095218202097665e-05,0.0036290763731468625,4.64622380000219,C:\Users\lyx\Desktop\sci\code\project_method3c_lccznn_solver\results\tuning_20260421\method2\offline_broad_runs\tg200_mu6p0_ap0p90_ns40_gg2560\offline,2.9706598215951208
tg200_mu6p0_ap0p90_ns40_gg3840,200.0,6.0,0.9,40,3840.0,ok,0.00020149361121548937,1.6225722957916634e-06,1.2094108624726203e-05,0.003631834734801511,4.598067799997807,C:\Users\lyx\Desktop\sci\code\project_method3c_lccznn_solver\results\tuning_20260421\method2\offline_broad_runs\tg200_mu6p0_ap0p90_ns40_gg3840\offline,2.992466070186984
tg120_mu6p0_ap0p90_ns60_gg3840,120.0,6.0,0.9,60,3840.0,ok,0.00020063777612872814,1.7677940663371133e-06,1.2715572923936994e-05,0.0021918700550205795,6.250796399999672,C:\Users\lyx\Desktop\sci\code\project_method3c_lccznn_solver\results\tuning_20260421\method2\offline_broad_runs\tg120_mu6p0_ap0p90_ns60_gg3840\offline,3.063541373562777
tg200_mu6p0_ap0p90_ns40_gg1280,200.0,6.0,0.9,40,1280.0,ok,0.00019922173838094663,1.5229361458181737e-06,1.2426986283459518e-05,0.004470940056388432,4.716438900002686,C:\Users\lyx\Desktop\sci\code\project_method3c_lccznn_solver\results\tuning_20260421\method2\offline_broad_runs\tg200_mu6p0_ap0p90_ns40_gg1280\offline,3.066029246686682
tg160_mu6p0_ap0p90_ns60_gg1280,160.0,6.0,0.9,60,1280.0,ok,0.00019926589457633836,1.5891825736059707e-06,1.2817296240498926e-05,0.003020061998005218,6.134426699998585,C:\Users\lyx\Desktop\sci\code\project_method3c_lccznn_solver\results\tuning_20260421\method2\offline_broad_runs\tg160_mu6p0_ap0p90_ns60_gg1280\offline,3.0819266346090775
tg160_mu6p0_ap0p90_ns40_gg2560,160.0,6.0,0.9,40,2560.0,ok,0.0002001138641816724,1.7723654724348683e-06,1.2656240057638629e-05,0.0036805905221030362,4.599109099999623,C:\Users\lyx\Desktop\sci\code\project_method3c_lccznn_solver\results\tuning_20260421\method2\offline_broad_runs\tg160_mu6p0_ap0p90_ns40_gg2560\offline,3.120893353238377
tg120_mu6p0_ap0p90_ns60_gg2560,120.0,6.0,0.9,60,2560.0,ok,0.00019995140236916308,1.754610410150243e-06,1.2995047802606495e-05,0.0025001197063604526,6.13175400000182,C:\Users\lyx\Desktop\sci\code\project_method3c_lccznn_solver\results\tuning_20260421\method2\offline_broad_runs\tg120_mu6p0_ap0p90_ns60_gg2560\offline,3.123228189798236
tg160_mu6p0_ap0p90_ns40_gg3840,160.0,6.0,0.9,40,3840.0,ok,0.00020102204942050068,1.8888110900456663e-06,1.2635854551199517e-05,0.0036667123064948078,4.5246479000015825,C:\Users\lyx\Desktop\sci\code\project_method3c_lccznn_solver\results\tuning_20260421\method2\offline_broad_runs\tg160_mu6p0_ap0p90_ns40_gg3840\offline,3.1410614947708235
tg160_mu6p0_ap0p90_ns40_gg1280,160.0,6.0,0.9,40,1280.0,ok,0.00019800733525960091,1.7658420208751344e-06,1.3057912070895218e-05,0.004389919077143372,4.565765100000135,C:\Users\lyx\Desktop\sci\code\project_method3c_lccznn_solver\results\tuning_20260421\method2\offline_broad_runs\tg160_mu6p0_ap0p90_ns40_gg1280\offline,3.219198986974655
tg120_mu6p0_ap0p90_ns60_gg1280,120.0,6.0,0.9,60,1280.0,ok,0.00019792862489384388,1.9606148917913446e-06,1.3819026817314397e-05,0.0030284997000540053,6.337909800000489,C:\Users\lyx\Desktop\sci\code\project_method3c_lccznn_solver\results\tuning_20260421\method2\offline_broad_runs\tg120_mu6p0_ap0p90_ns60_gg1280\offline,3.3296744606992004
tg120_mu6p0_ap0p90_ns40_gg2560,120.0,6.0,0.9,40,2560.0,ok,0.00019894549680481136,2.146523560567283e-06,1.3590986993495746e-05,0.0036610568268539974,4.642017600002873,C:\Users\lyx\Desktop\sci\code\project_method3c_lccznn_solver\results\tuning_20260421\method2\offline_broad_runs\tg120_mu6p0_ap0p90_ns40_gg2560\offline,3.3563534309802816
tg200_mu14p0_ap0p90_ns20_gg3840,200.0,14.0,0.9,20,3840.0,ok,0.00020077480166107755,3.1279600129694226e-06,6.557508409640043e-06,0.02691195057105123,3.0941977000002225,C:\Users\lyx\Desktop\sci\code\project_method3c_lccznn_solver\results\tuning_20260421\method2\offline_broad_runs\tg200_mu14p0_ap0p90_ns20_gg3840\offline,3.3674862889193955
tg120_mu6p0_ap0p90_ns40_gg3840,120.0,6.0,0.9,40,3840.0,ok,0.00019980732841113027,2.2865907982155726e-06,1.3523171116448076e-05,0.003546228326869475,4.728265499998088,C:\Users\lyx\Desktop\sci\code\project_method3c_lccznn_solver\results\tuning_20260421\method2\offline_broad_runs\tg120_mu6p0_ap0p90_ns40_gg3840\offline,3.368050829081007
tg120_mu6p0_ap0p90_ns40_gg1280,120.0,6.0,0.9,40,1280.0,ok,0.00019656957054668694,2.083582349841849e-06,1.3956146031022181e-05,0.004376259644663312,4.529857000001357,C:\Users\lyx\Desktop\sci\code\project_method3c_lccznn_solver\results\tuning_20260421\method2\offline_broad_runs\tg120_mu6p0_ap0p90_ns40_gg1280\offline,3.4369524493298225
tg200_mu6p0_ap0p90_ns20_gg1280,200.0,6.0,0.9,20,1280.0,ok,0.00019654480504926848,2.083058133713965e-06,1.3376064656243137e-05,0.009126875449433946,2.983237000000372,C:\Users\lyx\Desktop\sci\code\project_method3c_lccznn_solver\results\tuning_20260421\method2\offline_broad_runs\tg200_mu6p0_ap0p90_ns20_gg1280\offline,3.55088811940385
tg200_mu6p0_ap0p90_ns20_gg2560,200.0,6.0,0.9,20,2560.0,ok,0.00019818076220755592,2.6125804615970984e-06,1.3933937211226961e-05,0.009319005824196602,3.099879500001407,C:\Users\lyx\Desktop\sci\code\project_method3c_lccznn_solver\results\tuning_20260421\method2\offline_broad_runs\tg200_mu6p0_ap0p90_ns20_gg2560\offline,3.7647994355451355
tg160_mu6p0_ap0p90_ns20_gg1280,160.0,6.0,0.9,20,1280.0,ok,0.00019547803647585108,2.4452696209769043e-06,1.4381810156459316e-05,0.008885335207912404,3.097993799998221,C:\Users\lyx\Desktop\sci\code\project_method3c_lccznn_solver\results\tuning_20260421\method2\offline_broad_runs\tg160_mu6p0_ap0p90_ns20_gg1280\offline,3.78663697478728
tg160_mu14p0_ap0p90_ns20_gg3840,160.0,14.0,0.9,20,3840.0,ok,0.00020064023265711612,3.952343158946751e-06,9.213298820112441e-06,0.025454971687366885,3.002419500000542,C:\Users\lyx\Desktop\sci\code\project_method3c_lccznn_solver\results\tuning_20260421\method2\offline_broad_runs\tg160_mu14p0_ap0p90_ns20_gg3840\offline,3.9317606769773765
tg160_mu6p0_ap0p90_ns20_gg2560,160.0,6.0,0.9,20,2560.0,ok,0.00019815390314228121,3.0374778961020188e-06,1.491419000219275e-05,0.00880082793219127,3.079537199999322,C:\Users\lyx\Desktop\sci\code\project_method3c_lccznn_solver\results\tuning_20260421\method2\offline_broad_runs\tg160_mu6p0_ap0p90_ns20_gg2560\offline,3.9975666250088464
tg120_mu6p0_ap0p90_ns20_gg1280,120.0,6.0,0.9,20,1280.0,ok,0.00019404710703052846,2.9213092905037766e-06,1.5548104550087267e-05,0.008552398384885682,1.978388299998187,C:\Users\lyx\Desktop\sci\code\project_method3c_lccznn_solver\results\tuning_20260421\method2\offline_broad_runs\tg120_mu6p0_ap0p90_ns20_gg1280\offline,4.068191302290846
tg120_mu14p0_ap0p90_ns20_gg2560,120.0,14.0,0.9,20,2560.0,ok,0.0001978812868558388,3.4923960521816978e-06,1.2705689418293847e-05,0.01944449552739946,3.0988531000002695,C:\Users\lyx\Desktop\sci\code\project_method3c_lccznn_solver\results\tuning_20260421\method2\offline_broad_runs\tg120_mu14p0_ap0p90_ns20_gg2560\offline,4.180684625342967
tg160_mu6p0_ap0p90_ns20_gg3840,160.0,6.0,0.9,20,3840.0,ok,0.00019930071022243739,2.3189369532825885e-06,1.5107257738599575e-05,0.01633742545968981,3.416664899999887,C:\Users\lyx\Desktop\sci\code\project_method3c_lccznn_solver\results\tuning_20260421\method2\offline_broad_runs\tg160_mu6p0_ap0p90_ns20_gg3840\offline,4.237342657033099
tg120_mu6p0_ap0p90_ns20_gg2560,120.0,6.0,0.9,20,2560.0,ok,0.00019518712039310197,3.838986430659918e-06,1.7193275527605288e-05,0.008663348009625713,2.832257900001423,C:\Users\lyx\Desktop\sci\code\project_method3c_lccznn_solver\results\tuning_20260421\method2\offline_broad_runs\tg120_mu6p0_ap0p90_ns20_gg2560\offline,4.545713745416595
tg200_mu6p0_ap0p90_ns20_gg3840,200.0,6.0,0.9,20,3840.0,ok,0.00019979016073293243,4.012090922346038e-06,1.5406652768116536e-05,0.01731720764369645,3.1403841999999713,C:\Users\lyx\Desktop\sci\code\project_method3c_lccznn_solver\results\tuning_20260421\method2\offline_broad_runs\tg200_mu6p0_ap0p90_ns20_gg3840\offline,4.6666117255400525
tg120_mu14p0_ap0p90_ns20_gg3840,120.0,14.0,0.9,20,3840.0,ok,0.00020270125129403155,5.705846269845723e-06,1.5866583490963046e-05,0.02616227306342236,3.102385399997729,C:\Users\lyx\Desktop\sci\code\project_method3c_lccznn_solver\results\tuning_20260421\method2\offline_broad_runs\tg120_mu14p0_ap0p90_ns20_gg3840\offline,5.487688821615304
tg120_mu6p0_ap0p90_ns20_gg3840,120.0,6.0,0.9,20,3840.0,ok,0.00019359480232329111,6.098107967304131e-06,1.984969421825371e-05,0.016573416564317697,3.09451010000339,C:\Users\lyx\Desktop\sci\code\project_method3c_lccznn_solver\results\tuning_20260421\method2\offline_broad_runs\tg120_mu6p0_ap0p90_ns20_gg3840\offline,5.814996301932952
