result_root,experiment,summary_path,mode,trajectory_name,solver_type,pdnn_gain,pdnn_inner_steps,mean_position_error_m,final_position_error_m,max_position_error_m,final_joint_drift_norm_rad,max_joint_drift_rad,mean_task_residual,final_task_residual,mean_solver_residual,final_solver_residual,min_boundary_slack,runtime_s,avg_step_time_s
C:\Users\lyx\Desktop\sci\code\project_tvqp_elncp_pdnn_comparison\results\formal_live_figure8_dlccznn,single/figure8/method2_dlccznn/live,C:\Users\lyx\Desktop\sci\code\project_tvqp_elncp_pdnn_comparison\results\formal_live_figure8_dlccznn\single\figure8\method2_dlccznn\live\method2_dlccznn_live_with_fb_summary.json,live,figure8,dlccznn,20.0,1,0.0011419987017144786,0.00014502696789872363,0.003874453126628662,0.007895743539623004,0.006870605400763452,0.17517252276901976,0.0004909981608320151,0.20853390612822847,0.0005975688596951475,1.2978975575792764,185.5105973999962,0.09275529869999809
C:\Users\lyx\Desktop\sci\code\project_tvqp_elncp_pdnn_comparison\results\formal_live_figure8_pdnn5,single/figure8/method2_pdnn/live,C:\Users\lyx\Desktop\sci\code\project_tvqp_elncp_pdnn_comparison\results\formal_live_figure8_pdnn5\single\figure8\method2_pdnn\live\method2_pdnn_live_with_fb_summary.json,live,figure8,pdnn,500.0,5,0.0008370742964808421,0.0001448184784010543,0.0025959325599466646,0.0078990969098387,0.006878928164951503,0.12505244903866755,0.0008188881981214956,0.12748859947079055,0.0008410454775276081,1.8362393097344296,185.37411870000506,0.09268705935000253
C:\Users\lyx\Desktop\sci\code\project_tvqp_elncp_pdnn_comparison\results\formal_live,single/heart/method2_dlccznn/live,C:\Users\lyx\Desktop\sci\code\project_tvqp_elncp_pdnn_comparison\results\formal_live\single\heart\method2_dlccznn\live\method2_dlccznn_live_with_fb_summary.json,live,heart,dlccznn,20.0,1,0.006796256286290068,0.0011147434353937192,0.0275568505773796,0.014068453658573255,0.009000062942504883,1.109973181853934,0.17553274941459512,2.810066986308586,0.1720613165740886,0.0,185.5237133999981,0.09276185669999905
C:\Users\lyx\Desktop\sci\code\project_tvqp_elncp_pdnn_comparison\results\formal_live_heart_pdnn1,single/heart/method2_pdnn/live,C:\Users\lyx\Desktop\sci\code\project_tvqp_elncp_pdnn_comparison\results\formal_live_heart_pdnn1\single\heart\method2_pdnn\live\method2_pdnn_live_with_fb_summary.json,live,heart,pdnn,500.0,1,0.03726351262162395,0.050705716553630875,0.05101481368181634,0.29253474501051546,0.19098734855651855,6.005383893449907,7.809278018212074,8.22555467072122,10.03291466481457,0.0,185.41864180000266,0.09270932090000134
C:\Users\lyx\Desktop\sci\code\project_tvqp_elncp_pdnn_comparison\results\formal_live,single/heart/method2_pdnn/live,C:\Users\lyx\Desktop\sci\code\project_tvqp_elncp_pdnn_comparison\results\formal_live\single\heart\method2_pdnn\live\method2_pdnn_live_with_fb_summary.json,live,heart,pdnn,500.0,5,0.0034586693221861733,0.00021765730749371396,0.008682536170765599,0.008224428820742667,0.007382158102700487,0.5260183802133563,0.019564204584877145,0.5355131481403702,0.02048432457981223,1.5646163849905397,185.51149379999697,0.09275574689999848
C:\Users\lyx\Desktop\sci\code\project_tvqp_elncp_pdnn_comparison\results\formal_live_line_dlccznn,single/line/method2_dlccznn/live,C:\Users\lyx\Desktop\sci\code\project_tvqp_elncp_pdnn_comparison\results\formal_live_line_dlccznn\single\line\method2_dlccznn\live\method2_dlccznn_live_with_fb_summary.json,live,line,dlccznn,20.0,1,0.0006828574142522581,0.00022997570276129514,0.0012312973020756773,0.008044274306025315,0.007384638185612857,0.10378813986945279,0.025913262000148693,0.12591124883529617,0.04474662261667063,1.8276343979367242,185.3912468999988,0.0926956234499994
C:\Users\lyx\Desktop\sci\code\project_tvqp_elncp_pdnn_comparison\results\formal_live_line_pdnn5,single/line/method2_pdnn/live,C:\Users\lyx\Desktop\sci\code\project_tvqp_elncp_pdnn_comparison\results\formal_live_line_pdnn5\single\line\method2_pdnn\live\method2_pdnn_live_with_fb_summary.json,live,line,pdnn,500.0,5,0.0004889347059887231,0.00014808945767413412,0.000738073632404855,0.007915382401567419,0.006957497796975076,0.0711159901750367,0.004265072230341422,0.07255233892838495,0.004386151569981868,1.9084131144204792,185.53025799999887,0.09276512899999943
C:\Users\lyx\Desktop\sci\code\project_tvqp_elncp_pdnn_comparison\results\formal_live_small_circle_dlccznn,single/small_circle/method2_dlccznn/live,C:\Users\lyx\Desktop\sci\code\project_tvqp_elncp_pdnn_comparison\results\formal_live_small_circle_dlccznn\single\small_circle\method2_dlccznn\live\method2_dlccznn_live_with_fb_summary.json,live,small_circle,dlccznn,20.0,1,0.0006053593851877007,0.00014617480330786177,0.0018528012795987043,0.00790910344207352,0.006881173118017614,0.0890227208331784,0.0004686386212651694,0.10920680676067238,0.0004457848091765561,1.734294632777282,185.52276279999933,0.09276138139999966
C:\Users\lyx\Desktop\sci\code\project_tvqp_elncp_pdnn_comparison\results\formal_live_small_circle_pdnn5,single/small_circle/method2_pdnn/live,C:\Users\lyx\Desktop\sci\code\project_tvqp_elncp_pdnn_comparison\results\formal_live_small_circle_pdnn5\single\small_circle\method2_pdnn\live\method2_pdnn_live_with_fb_summary.json,live,small_circle,pdnn,500.0,5,0.0004654707135648615,0.00014486590715711203,0.0012468103333095532,0.007891627951955337,0.006867366260848939,0.06483662713375797,0.00045350408475164475,0.06616580561594167,0.00046554163714924,1.8852846700505599,185.42392390000168,0.09271196195000084
C:\Users\lyx\Desktop\sci\code\project_tvqp_elncp_pdnn_comparison\results\formal_offline,shape_screening/circle/dlccznn_offline,C:\Users\lyx\Desktop\sci\code\project_tvqp_elncp_pdnn_comparison\results\formal_offline\shape_screening\circle\dlccznn_offline\method2_dlccznn_offline_with_fb_summary.json,offline,circle,dlccznn,20.0,1,0.0005480463874842081,2.439911529662759e-06,0.0021463131879147714,1.1506378238702543e-05,6.555556286258479e-06,0.08792532812232057,0.0003318941936774612,0.1075031702621587,0.00037672401961718054,1.5864423543906518,0.9131450999993831,0.00022828627499984577
C:\Users\lyx\Desktop\sci\code\project_tvqp_elncp_pdnn_comparison\results\formal_offline,shape_screening/ellipse/dlccznn_offline,C:\Users\lyx\Desktop\sci\code\project_tvqp_elncp_pdnn_comparison\results\formal_offline\shape_screening\ellipse\dlccznn_offline\method2_dlccznn_offline_with_fb_summary.json,offline,ellipse,dlccznn,20.0,1,0.0006162828198142422,1.1345605910373368e-06,0.002169466153141391,6.6808891941202705e-06,5.169154700620333e-06,0.09885253557332437,0.00017551423050767603,0.11782414599849636,0.00020739965197673243,1.7550369494989713,1.1092175999983738,0.0002773043999995934
C:\Users\lyx\Desktop\sci\code\project_tvqp_elncp_pdnn_comparison\results\formal_offline,comparison_figure8/group1_same_realtime_budget/dlccznn_offline,C:\Users\lyx\Desktop\sci\code\project_tvqp_elncp_pdnn_comparison\results\formal_offline\comparison_figure8\group1_same_realtime_budget\dlccznn_offline\method2_dlccznn_offline_with_fb_summary.json,offline,figure8,dlccznn,20.0,1,0.00047334311899084505,1.2264560030190684e-06,0.0017415408037160752,6.861215183033064e-06,4.084697189589838e-06,0.07593569936122825,0.0001959714493353856,0.09154670288423966,0.00019340313497336195,1.7624181647734907,0.9600866999971913,0.00024002167499929784
C:\Users\lyx\Desktop\sci\code\project_tvqp_elncp_pdnn_comparison\results\formal_offline,comparison_figure8/group3_sampling_period/dlccznn_tau0.002_offline,C:\Users\lyx\Desktop\sci\code\project_tvqp_elncp_pdnn_comparison\results\formal_offline\comparison_figure8\group3_sampling_period\dlccznn_tau0.002_offline\method2_dlccznn_offline_with_fb_summary.json,offline,figure8,dlccznn,20.0,1,0.00022162577757208052,2.3355431297582073e-07,0.0007518536284873089,6.428981329915337e-07,5.408283856145636e-07,0.035521200376774954,3.6837675316162406e-05,0.03857780694480376,3.922844098867396e-05,1.9135318939135502,3.384177699997963,0.0003384177699997963
C:\Users\lyx\Desktop\sci\code\project_tvqp_elncp_pdnn_comparison\results\formal_offline,comparison_figure8/group3_sampling_period/dlccznn_tau0.005_offline,C:\Users\lyx\Desktop\sci\code\project_tvqp_elncp_pdnn_comparison\results\formal_offline\comparison_figure8\group3_sampling_period\dlccznn_tau0.005_offline\method2_dlccznn_offline_with_fb_summary.json,offline,figure8,dlccznn,20.0,1,0.00047334311899084505,1.2264560030190684e-06,0.0017415408037160752,6.861215183033064e-06,4.084697189589838e-06,0.07593569936122825,0.0001959714493353856,0.09154670288423966,0.00019340313497336195,1.7624181647734907,1.379533299998002,0.0003448833249995005
C:\Users\lyx\Desktop\sci\code\project_tvqp_elncp_pdnn_comparison\results\formal_offline,comparison_figure8/group3_sampling_period/dlccznn_tau0.01_offline,C:\Users\lyx\Desktop\sci\code\project_tvqp_elncp_pdnn_comparison\results\formal_offline\comparison_figure8\group3_sampling_period\dlccznn_tau0.01_offline\method2_dlccznn_offline_with_fb_summary.json,offline,figure8,dlccznn,20.0,1,0.0009185692657635486,2.6965772982880554e-05,0.0038025907166956436,0.00011344067321582229,9.319061259738248e-05,0.14354738520631205,0.004436033281990081,0.20550706662706558,0.006423263801708286,1.1036708159102555,0.6960972000015317,0.00034804860000076587
C:\Users\lyx\Desktop\sci\code\project_tvqp_elncp_pdnn_comparison\results\formal_offline,comparison_figure8/group3_sampling_period/dlccznn_tau0.02_offline,C:\Users\lyx\Desktop\sci\code\project_tvqp_elncp_pdnn_comparison\results\formal_offline\comparison_figure8\group3_sampling_period\dlccznn_tau0.02_offline\method2_dlccznn_offline_with_fb_summary.json,offline,figure8,dlccznn,20.0,1,0.03468399198226059,0.059283059792290926,0.08944442439074575,0.17042535521692986,0.13944197406440528,5.378408502233582,8.159485938552873,10.599347778788523,11.274481204566984,0.0,0.31584219999786,0.00031584219999786
C:\Users\lyx\Desktop\sci\code\project_tvqp_elncp_pdnn_comparison\results\formal_offline,shape_screening/figure8/dlccznn_offline,C:\Users\lyx\Desktop\sci\code\project_tvqp_elncp_pdnn_comparison\results\formal_offline\shape_screening\figure8\dlccznn_offline\method2_dlccznn_offline_with_fb_summary.json,offline,figure8,dlccznn,20.0,1,0.00047334311899084505,1.2264560030190684e-06,0.0017415408037160752,6.861215183033064e-06,4.084697189589838e-06,0.07593569936122825,0.0001959714493353856,0.09154670288423966,0.00019340313497336195,1.7624181647734907,1.0761211999997613,0.0002690302999999403
C:\Users\lyx\Desktop\sci\code\project_tvqp_elncp_pdnn_comparison\results\formal_offline,comparison_figure8/group1_same_realtime_budget/pdnn_inner1_offline,C:\Users\lyx\Desktop\sci\code\project_tvqp_elncp_pdnn_comparison\results\formal_offline\comparison_figure8\group1_same_realtime_budget\pdnn_inner1_offline\method2_pdnn_offline_with_fb_summary.json,offline,figure8,pdnn,500.0,1,0.015440670304799509,0.004835210132901089,0.030602645754627775,0.024107132991409087,0.02115490468835461,2.6071229886505924,1.5898179298988273,6.39340834422421,5.940132062153329,0.0,1.4366477000003215,0.00035916192500008037
C:\Users\lyx\Desktop\sci\code\project_tvqp_elncp_pdnn_comparison\results\formal_offline,comparison_figure8/group2_same_accuracy_cost/pdnn_inner1_offline,C:\Users\lyx\Desktop\sci\code\project_tvqp_elncp_pdnn_comparison\results\formal_offline\comparison_figure8\group2_same_accuracy_cost\pdnn_inner1_offline\method2_pdnn_offline_with_fb_summary.json,offline,figure8,pdnn,500.0,1,0.015440670304799509,0.004835210132901089,0.030602645754627775,0.024107132991409087,0.02115490468835461,2.6071229886505924,1.5898179298988273,6.39340834422421,5.940132062153329,0.0,1.272278100001131,0.00031806952500028276
C:\Users\lyx\Desktop\sci\code\project_tvqp_elncp_pdnn_comparison\results\formal_offline,comparison_figure8/group3_sampling_period/pdnn_inner1_tau0.002_offline,C:\Users\lyx\Desktop\sci\code\project_tvqp_elncp_pdnn_comparison\results\formal_offline\comparison_figure8\group3_sampling_period\pdnn_inner1_tau0.002_offline\method2_pdnn_offline_with_fb_summary.json,offline,figure8,pdnn,500.0,1,0.0003851678903667027,2.5921949679205266e-07,0.0012461384025742373,1.3527817404663694e-06,8.526863750635272e-07,0.06163363424783115,3.468783328407158e-05,0.06284292644425439,3.5238327347796856e-05,1.9458775821813965,3.395160100000794,0.0003395160100000794
C:\Users\lyx\Desktop\sci\code\project_tvqp_elncp_pdnn_comparison\results\formal_offline,comparison_figure8/group3_sampling_period/pdnn_inner1_tau0.005_offline,C:\Users\lyx\Desktop\sci\code\project_tvqp_elncp_pdnn_comparison\results\formal_offline\comparison_figure8\group3_sampling_period\pdnn_inner1_tau0.005_offline\method2_pdnn_offline_with_fb_summary.json,offline,figure8,pdnn,500.0,1,0.015440670304799509,0.004835210132901089,0.030602645754627775,0.024107132991409087,0.02115490468835461,2.6071229886505924,1.5898179298988273,6.39340834422421,5.940132062153329,0.0,1.3354879999969853,0.00033387199999924635
C:\Users\lyx\Desktop\sci\code\project_tvqp_elncp_pdnn_comparison\results\formal_offline,comparison_figure8/group3_sampling_period/pdnn_inner1_tau0.01_offline,C:\Users\lyx\Desktop\sci\code\project_tvqp_elncp_pdnn_comparison\results\formal_offline\comparison_figure8\group3_sampling_period\pdnn_inner1_tau0.01_offline\method2_pdnn_offline_with_fb_summary.json,offline,figure8,pdnn,500.0,1,0.018802316294040295,0.010984645731893406,0.03735878998216289,0.02272055767546996,0.014789039084537992,2.6881961374607153,0.4578031193228561,8.113620497622405,7.5069273404965475,0.0,0.6812466999981552,0.0003406233499990776
C:\Users\lyx\Desktop\sci\code\project_tvqp_elncp_pdnn_comparison\results\formal_offline,comparison_figure8/group3_sampling_period/pdnn_inner1_tau0.02_offline,C:\Users\lyx\Desktop\sci\code\project_tvqp_elncp_pdnn_comparison\results\formal_offline\comparison_figure8\group3_sampling_period\pdnn_inner1_tau0.02_offline\method2_pdnn_offline_with_fb_summary.json,offline,figure8,pdnn,500.0,1,0.02473703979332218,0.026135067436135074,0.04988099888872433,0.04277231052965492,0.032497623473366044,3.2993949398709637,2.6012592334783413,83.92265898229861,81.99452215207174,0.0,0.334133300002577,0.000334133300002577
C:\Users\lyx\Desktop\sci\code\project_tvqp_elncp_pdnn_comparison\results\formal_offline,comparison_figure8/group4_runtime_scaling/pdnn_inner1_offline,C:\Users\lyx\Desktop\sci\code\project_tvqp_elncp_pdnn_comparison\results\formal_offline\comparison_figure8\group4_runtime_scaling\pdnn_inner1_offline\method2_pdnn_offline_with_fb_summary.json,offline,figure8,pdnn,500.0,1,0.015440670304799509,0.004835210132901089,0.030602645754627775,0.024107132991409087,0.02115490468835461,2.6071229886505924,1.5898179298988273,6.39340834422421,5.940132062153329,0.0,1.3792250999977114,0.0003448062749994278
C:\Users\lyx\Desktop\sci\code\project_tvqp_elncp_pdnn_comparison\results\formal_offline,comparison_figure8/group2_same_accuracy_cost/pdnn_inner10_offline,C:\Users\lyx\Desktop\sci\code\project_tvqp_elncp_pdnn_comparison\results\formal_offline\comparison_figure8\group2_same_accuracy_cost\pdnn_inner10_offline\method2_pdnn_offline_with_fb_summary.json,offline,figure8,pdnn,500.0,10,0.0003852802447370316,3.285492685685524e-07,0.0012451364502902135,1.620992250473758e-06,1.0221164790102932e-06,0.06164482556477034,4.555940505894756e-05,0.06265592448545979,4.629850812120667e-05,1.9458782845080524,2.8337911999988137,0.0007084477999997034
C:\Users\lyx\Desktop\sci\code\project_tvqp_elncp_pdnn_comparison\results\formal_offline,comparison_figure8/group2_same_accuracy_cost/pdnn_inner20_offline,C:\Users\lyx\Desktop\sci\code\project_tvqp_elncp_pdnn_comparison\results\formal_offline\comparison_figure8\group2_same_accuracy_cost\pdnn_inner20_offline\method2_pdnn_offline_with_fb_summary.json,offline,figure8,pdnn,500.0,20,0.0003852894816670897,3.3049307076471337e-07,0.0012451682918715636,1.631707670413974e-06,1.0288579537220954e-06,0.06164630222130341,4.586525467412797e-05,0.062663092053572,4.6616281318706424e-05,1.9458783307054084,4.8499778999976115,0.0012124944749994028
C:\Users\lyx\Desktop\sci\code\project_tvqp_elncp_pdnn_comparison\results\formal_offline,comparison_figure8/group4_runtime_scaling/pdnn_inner20_offline,C:\Users\lyx\Desktop\sci\code\project_tvqp_elncp_pdnn_comparison\results\formal_offline\comparison_figure8\group4_runtime_scaling\pdnn_inner20_offline\method2_pdnn_offline_with_fb_summary.json,offline,figure8,pdnn,500.0,20,0.0003852894816670897,3.3049307076471337e-07,0.0012451682918715636,1.631707670413974e-06,1.0288579537220954e-06,0.06164630222130341,4.586525467412797e-05,0.062663092053572,4.6616281318706424e-05,1.9458783307054084,4.838311200001044,0.001209577800000261
C:\Users\lyx\Desktop\sci\code\project_tvqp_elncp_pdnn_comparison\results\formal_offline,comparison_figure8/group2_same_accuracy_cost/pdnn_inner5_offline,C:\Users\lyx\Desktop\sci\code\project_tvqp_elncp_pdnn_comparison\results\formal_offline\comparison_figure8\group2_same_accuracy_cost\pdnn_inner5_offline\method2_pdnn_offline_with_fb_summary.json,offline,figure8,pdnn,500.0,5,0.00038525500025050994,3.249899256543189e-07,0.0012450618880654725,1.601383355572345e-06,1.0097844418410773e-06,0.06164079311747014,4.499952778365755e-05,0.06264761290541557,4.571709167592998e-05,1.945878194373674,2.0442920999994385,0.0005110730249998596
C:\Users\lyx\Desktop\sci\code\project_tvqp_elncp_pdnn_comparison\results\formal_offline,comparison_figure8/group4_runtime_scaling/pdnn_inner5_offline,C:\Users\lyx\Desktop\sci\code\project_tvqp_elncp_pdnn_comparison\results\formal_offline\comparison_figure8\group4_runtime_scaling\pdnn_inner5_offline\method2_pdnn_offline_with_fb_summary.json,offline,figure8,pdnn,500.0,5,0.00038525500025050994,3.249899256543189e-07,0.0012450618880654725,1.601383355572345e-06,1.0097844418410773e-06,0.06164079311747014,4.499952778365755e-05,0.06264761290541557,4.571709167592998e-05,1.945878194373674,2.209668999999849,0.0005524172499999622
C:\Users\lyx\Desktop\sci\code\project_tvqp_elncp_pdnn_comparison\results\formal_offline,comparison_heart/group1_same_realtime_budget/dlccznn_offline,C:\Users\lyx\Desktop\sci\code\project_tvqp_elncp_pdnn_comparison\results\formal_offline\comparison_heart\group1_same_realtime_budget\dlccznn_offline\method2_dlccznn_offline_with_fb_summary.json,offline,heart,dlccznn,20.0,1,0.002108037584639355,0.00017005350152886562,0.005303733459643938,0.0009297907385949019,0.0005824215815963818,0.3379676997757793,0.026588143558459783,0.39938106527350664,0.028310306175355585,0.9570075963894373,0.9254074999989825,0.00023135187499974562
C:\Users\lyx\Desktop\sci\code\project_tvqp_elncp_pdnn_comparison\results\formal_offline,comparison_heart/group3_sampling_period/dlccznn_tau0.002_offline,C:\Users\lyx\Desktop\sci\code\project_tvqp_elncp_pdnn_comparison\results\formal_offline\comparison_heart\group3_sampling_period\dlccznn_tau0.002_offline\method2_dlccznn_offline_with_fb_summary.json,offline,heart,dlccznn,20.0,1,0.00104472961322012,1.717884840088564e-05,0.0025611964518315613,9.232599329235465e-05,5.9011600530345376e-05,0.16729702249936987,0.002566344330775705,0.17604672820128844,0.0027859289745156297,1.76790486003594,2.728396700000303,0.0002728396700000303
C:\Users\lyx\Desktop\sci\code\project_tvqp_elncp_pdnn_comparison\results\formal_offline,comparison_heart/group3_sampling_period/dlccznn_tau0.005_offline,C:\Users\lyx\Desktop\sci\code\project_tvqp_elncp_pdnn_comparison\results\formal_offline\comparison_heart\group3_sampling_period\dlccznn_tau0.005_offline\method2_dlccznn_offline_with_fb_summary.json,offline,heart,dlccznn,20.0,1,0.002108037584639355,0.00017005350152886562,0.005303733459643938,0.0009297907385949019,0.0005824215815963818,0.3379676997757793,0.026588143558459783,0.39938106527350664,0.028310306175355585,0.9570075963894373,1.0507734999991953,0.00026269337499979883
C:\Users\lyx\Desktop\sci\code\project_tvqp_elncp_pdnn_comparison\results\formal_offline,comparison_heart/group3_sampling_period/dlccznn_tau0.01_offline,C:\Users\lyx\Desktop\sci\code\project_tvqp_elncp_pdnn_comparison\results\formal_offline\comparison_heart\group3_sampling_period\dlccznn_tau0.01_offline\method2_dlccznn_offline_with_fb_summary.json,offline,heart,dlccznn,20.0,1,0.017696472664426924,0.02752277939881618,0.08678156593948061,0.12329182675453142,0.08508706963951007,2.735609412371453,3.490683504052026,10.854281038673482,16.488533376154102,0.0,0.5459725999971852,0.0002729862999985926
C:\Users\lyx\Desktop\sci\code\project_tvqp_elncp_pdnn_comparison\results\formal_offline,comparison_heart/group3_sampling_period/dlccznn_tau0.02_offline,C:\Users\lyx\Desktop\sci\code\project_tvqp_elncp_pdnn_comparison\results\formal_offline\comparison_heart\group3_sampling_period\dlccznn_tau0.02_offline\method2_dlccznn_offline_with_fb_summary.json,offline,heart,dlccznn,20.0,1,0.03980395704105065,0.00712349326084712,0.11258570947032569,0.17138010493152317,0.10183060070953087,6.151883951931917,1.346520662614302,22.993612088906055,2.5351208029247974,0.0,0.25856990000102087,0.00025856990000102086
C:\Users\lyx\Desktop\sci\code\project_tvqp_elncp_pdnn_comparison\results\formal_offline,comparison_heart/group1_same_realtime_budget/pdnn_inner1_offline,C:\Users\lyx\Desktop\sci\code\project_tvqp_elncp_pdnn_comparison\results\formal_offline\comparison_heart\group1_same_realtime_budget\pdnn_inner1_offline\method2_pdnn_offline_with_fb_summary.json,offline,heart,pdnn,500.0,1,0.039601343030845455,0.047809509609420764,0.05543129565969432,0.25520058228297293,0.15911467889833442,6.373290640489379,8.684469947536204,8.570111835883752,10.53937638526316,0.0,1.1175729999995383,0.0002793932499998846
C:\Users\lyx\Desktop\sci\code\project_tvqp_elncp_pdnn_comparison\results\formal_offline,comparison_heart/group2_same_accuracy_cost/pdnn_inner1_offline,C:\Users\lyx\Desktop\sci\code\project_tvqp_elncp_pdnn_comparison\results\formal_offline\comparison_heart\group2_same_accuracy_cost\pdnn_inner1_offline\method2_pdnn_offline_with_fb_summary.json,offline,heart,pdnn,500.0,1,0.039601343030845455,0.047809509609420764,0.05543129565969432,0.25520058228297293,0.15911467889833442,6.373290640489379,8.684469947536204,8.570111835883752,10.53937638526316,0.0,1.136378600000171,0.00028409465000004276
C:\Users\lyx\Desktop\sci\code\project_tvqp_elncp_pdnn_comparison\results\formal_offline,comparison_heart/group3_sampling_period/pdnn_inner1_tau0.002_offline,C:\Users\lyx\Desktop\sci\code\project_tvqp_elncp_pdnn_comparison\results\formal_offline\comparison_heart\group3_sampling_period\pdnn_inner1_tau0.002_offline\method2_pdnn_offline_with_fb_summary.json,offline,heart,pdnn,500.0,1,0.001610191480843182,4.7216843067513285e-05,0.003980548657691104,0.00025147188020897533,0.00016947153288482397,0.2577041902055817,0.00715380855467924,0.264526420182088,0.007293386472344299,1.8597857518946408,2.705965200002538,0.0002705965200002538
C:\Users\lyx\Desktop\sci\code\project_tvqp_elncp_pdnn_comparison\results\formal_offline,comparison_heart/group3_sampling_period/pdnn_inner1_tau0.005_offline,C:\Users\lyx\Desktop\sci\code\project_tvqp_elncp_pdnn_comparison\results\formal_offline\comparison_heart\group3_sampling_period\pdnn_inner1_tau0.005_offline\method2_pdnn_offline_with_fb_summary.json,offline,heart,pdnn,500.0,1,0.039601343030845455,0.047809509609420764,0.05543129565969432,0.25520058228297293,0.15911467889833442,6.373290640489379,8.684469947536204,8.570111835883752,10.53937638526316,0.0,1.0806335999986914,0.0002701583999996728
C:\Users\lyx\Desktop\sci\code\project_tvqp_elncp_pdnn_comparison\results\formal_offline,comparison_heart/group3_sampling_period/pdnn_inner1_tau0.01_offline,C:\Users\lyx\Desktop\sci\code\project_tvqp_elncp_pdnn_comparison\results\formal_offline\comparison_heart\group3_sampling_period\pdnn_inner1_tau0.01_offline\method2_pdnn_offline_with_fb_summary.json,offline,heart,pdnn,500.0,1,0.2078367964557594,0.7857558751230331,0.7857558751230331,5.284984826113164,3.369353139749623,33.21766876237786,125.55079498387737,2230.8463626094403,10319.607508668752,0.0,0.5297143000025244,0.0002648571500012622
C:\Users\lyx\Desktop\sci\code\project_tvqp_elncp_pdnn_comparison\results\formal_offline,comparison_heart/group3_sampling_period/pdnn_inner1_tau0.02_offline,C:\Users\lyx\Desktop\sci\code\project_tvqp_elncp_pdnn_comparison\results\formal_offline\comparison_heart\group3_sampling_period\pdnn_inner1_tau0.02_offline\method2_pdnn_offline_with_fb_summary.json,offline,heart,pdnn,500.0,1,0.11050002788549408,0.0359633075609012,0.19777936967670515,0.25725912407557905,0.25254936092161206,17.469464513471415,4.8779288714091535,83.10558904683235,68.83669538727338,0.0,0.267696300001262,0.000267696300001262
C:\Users\lyx\Desktop\sci\code\project_tvqp_elncp_pdnn_comparison\results\formal_offline,comparison_heart/group4_runtime_scaling/pdnn_inner1_offline,C:\Users\lyx\Desktop\sci\code\project_tvqp_elncp_pdnn_comparison\results\formal_offline\comparison_heart\group4_runtime_scaling\pdnn_inner1_offline\method2_pdnn_offline_with_fb_summary.json,offline,heart,pdnn,500.0,1,0.039601343030845455,0.047809509609420764,0.05543129565969432,0.25520058228297293,0.15911467889833442,6.373290640489379,8.684469947536204,8.570111835883752,10.53937638526316,0.0,1.1900688000023365,0.00029751720000058415
C:\Users\lyx\Desktop\sci\code\project_tvqp_elncp_pdnn_comparison\results\formal_offline,comparison_heart/group2_same_accuracy_cost/pdnn_inner10_offline,C:\Users\lyx\Desktop\sci\code\project_tvqp_elncp_pdnn_comparison\results\formal_offline\comparison_heart\group2_same_accuracy_cost\pdnn_inner10_offline\method2_pdnn_offline_with_fb_summary.json,offline,heart,pdnn,500.0,10,0.0016108309640213067,4.892006665971605e-05,0.003976225567145903,0.000254476403786595,0.00017135862087713782,0.25772917831881625,0.007455168239525092,0.2622768043488012,0.0076044614241795845,1.8596821477929117,2.3822263999973075,0.0005955565999993268
C:\Users\lyx\Desktop\sci\code\project_tvqp_elncp_pdnn_comparison\results\formal_offline,comparison_heart/group2_same_accuracy_cost/pdnn_inner20_offline,C:\Users\lyx\Desktop\sci\code\project_tvqp_elncp_pdnn_comparison\results\formal_offline\comparison_heart\group2_same_accuracy_cost\pdnn_inner20_offline\method2_pdnn_offline_with_fb_summary.json,offline,heart,pdnn,500.0,20,0.0016109047815308798,4.8691218648892705e-05,0.00397626010233329,0.00025356136047976715,0.00017061868704826288,0.25774095955535886,0.007432192638574866,0.26232240020012293,0.007582006172366087,1.85965345720451,3.8139867000027152,0.0009534966750006788
C:\Users\lyx\Desktop\sci\code\project_tvqp_elncp_pdnn_comparison\results\formal_offline,comparison_heart/group4_runtime_scaling/pdnn_inner20_offline,C:\Users\lyx\Desktop\sci\code\project_tvqp_elncp_pdnn_comparison\results\formal_offline\comparison_heart\group4_runtime_scaling\pdnn_inner20_offline\method2_pdnn_offline_with_fb_summary.json,offline,heart,pdnn,500.0,20,0.0016109047815308798,4.8691218648892705e-05,0.00397626010233329,0.00025356136047976715,0.00017061868704826288,0.25774095955535886,0.007432192638574866,0.26232240020012293,0.007582006172366087,1.85965345720451,3.7538112999973237,0.0009384528249993309
C:\Users\lyx\Desktop\sci\code\project_tvqp_elncp_pdnn_comparison\results\formal_offline,comparison_heart/group2_same_accuracy_cost/pdnn_inner5_offline,C:\Users\lyx\Desktop\sci\code\project_tvqp_elncp_pdnn_comparison\results\formal_offline\comparison_heart\group2_same_accuracy_cost\pdnn_inner5_offline\method2_pdnn_offline_with_fb_summary.json,offline,heart,pdnn,500.0,5,0.00161069046720845,4.870223199174415e-05,0.003976132083824227,0.00025335107441457007,0.00017070874334135233,0.25770677580998175,0.00742746004759252,0.2622207709195653,0.0075764239040180936,1.8596990101658764,1.654589900001156,0.000413647475000289
C:\Users\lyx\Desktop\sci\code\project_tvqp_elncp_pdnn_comparison\results\formal_offline,comparison_heart/group4_runtime_scaling/pdnn_inner5_offline,C:\Users\lyx\Desktop\sci\code\project_tvqp_elncp_pdnn_comparison\results\formal_offline\comparison_heart\group4_runtime_scaling\pdnn_inner5_offline\method2_pdnn_offline_with_fb_summary.json,offline,heart,pdnn,500.0,5,0.00161069046720845,4.870223199174415e-05,0.003976132083824227,0.00025335107441457007,0.00017070874334135233,0.25770677580998175,0.00742746004759252,0.2622207709195653,0.0075764239040180936,1.8596990101658764,1.6631889999989653,0.0004157972499997413
C:\Users\lyx\Desktop\sci\code\project_tvqp_elncp_pdnn_comparison\results\formal_offline,comparison_line/group1_same_realtime_budget/dlccznn_offline,C:\Users\lyx\Desktop\sci\code\project_tvqp_elncp_pdnn_comparison\results\formal_offline\comparison_line\group1_same_realtime_budget\dlccznn_offline\method2_dlccznn_offline_with_fb_summary.json,offline,line,dlccznn,20.0,1,0.0002599948402815112,3.048650046335167e-05,0.0005243257182068879,0.00015601107645034858,0.0001012870651382336,0.04173776191757445,0.004493333875343712,0.05144604441177988,0.005424069706323014,1.9117670653633374,0.9386798999985331,0.00023466997499963326
C:\Users\lyx\Desktop\sci\code\project_tvqp_elncp_pdnn_comparison\results\formal_offline,comparison_line/group3_sampling_period/dlccznn_tau0.002_offline,C:\Users\lyx\Desktop\sci\code\project_tvqp_elncp_pdnn_comparison\results\formal_offline\comparison_line\group3_sampling_period\dlccznn_tau0.002_offline\method2_dlccznn_offline_with_fb_summary.json,offline,line,dlccznn,20.0,1,0.00011736485510423785,7.716672924734399e-07,0.0002499182935686858,2.642265974019321e-06,2.454999130691551e-06,0.01882560060326756,0.00015791504981424424,0.02132363103469069,0.00017525653207348335,1.9622309896248542,3.2713745000000927,0.0003271374500000093
C:\Users\lyx\Desktop\sci\code\project_tvqp_elncp_pdnn_comparison\results\formal_offline,comparison_line/group3_sampling_period/dlccznn_tau0.005_offline,C:\Users\lyx\Desktop\sci\code\project_tvqp_elncp_pdnn_comparison\results\formal_offline\comparison_line\group3_sampling_period\dlccznn_tau0.005_offline\method2_dlccznn_offline_with_fb_summary.json,offline,line,dlccznn,20.0,1,0.0002599948402815112,3.048650046335167e-05,0.0005243257182068879,0.00015601107645034858,0.0001012870651382336,0.04173776191757445,0.004493333875343712,0.05144604441177988,0.005424069706323014,1.9117670653633374,1.4932297999985167,0.00037330744999962916
C:\Users\lyx\Desktop\sci\code\project_tvqp_elncp_pdnn_comparison\results\formal_offline,comparison_line/group3_sampling_period/dlccznn_tau0.01_offline,C:\Users\lyx\Desktop\sci\code\project_tvqp_elncp_pdnn_comparison\results\formal_offline\comparison_line\group3_sampling_period\dlccznn_tau0.01_offline\method2_dlccznn_offline_with_fb_summary.json,offline,line,dlccznn,20.0,1,0.0005148400014593856,8.576709559144233e-05,0.0016035955943350915,0.00029535947484713896,0.00022534493380070415,0.08036522538896236,0.009171681971783741,0.11806350105421566,0.012631532456110506,1.5373945137630822,0.7309334000019589,0.0003654667000009795
C:\Users\lyx\Desktop\sci\code\project_tvqp_elncp_pdnn_comparison\results\formal_offline,comparison_line/group3_sampling_period/dlccznn_tau0.02_offline,C:\Users\lyx\Desktop\sci\code\project_tvqp_elncp_pdnn_comparison\results\formal_offline\comparison_line\group3_sampling_period\dlccznn_tau0.02_offline\method2_dlccznn_offline_with_fb_summary.json,offline,line,dlccznn,20.0,1,0.018916476336400218,0.021191351131458258,0.1168065506503599,0.15621410516000206,0.12611844478248768,2.7602132888489415,4.075105559580708,8.666443036470424,5.869961549970972,0.0,0.3650848000033875,0.0003650848000033875
C:\Users\lyx\Desktop\sci\code\project_tvqp_elncp_pdnn_comparison\results\formal_offline,shape_screening/line/dlccznn_offline,C:\Users\lyx\Desktop\sci\code\project_tvqp_elncp_pdnn_comparison\results\formal_offline\shape_screening\line\dlccznn_offline\method2_dlccznn_offline_with_fb_summary.json,offline,line,dlccznn,20.0,1,0.0002599948402815112,3.048650046335167e-05,0.0005243257182068879,0.00015601107645034858,0.0001012870651382336,0.04173776191757445,0.004493333875343712,0.05144604441177988,0.005424069706323014,1.9117670653633374,1.1759285000007367,0.00029398212500018417
C:\Users\lyx\Desktop\sci\code\project_tvqp_elncp_pdnn_comparison\results\formal_offline,comparison_line/group1_same_realtime_budget/pdnn_inner1_offline,C:\Users\lyx\Desktop\sci\code\project_tvqp_elncp_pdnn_comparison\results\formal_offline\comparison_line\group1_same_realtime_budget\pdnn_inner1_offline\method2_pdnn_offline_with_fb_summary.json,offline,line,pdnn,500.0,1,0.016679921244007308,0.011517158452011036,0.030112612268252063,0.04696015414500556,0.045253204050392806,2.7931695768486464,2.8016919748651934,6.4587360582009685,6.3481930464140515,0.0,1.4302304000011645,0.00035755760000029114
C:\Users\lyx\Desktop\sci\code\project_tvqp_elncp_pdnn_comparison\results\formal_offline,comparison_line/group2_same_accuracy_cost/pdnn_inner1_offline,C:\Users\lyx\Desktop\sci\code\project_tvqp_elncp_pdnn_comparison\results\formal_offline\comparison_line\group2_same_accuracy_cost\pdnn_inner1_offline\method2_pdnn_offline_with_fb_summary.json,offline,line,pdnn,500.0,1,0.016679921244007308,0.011517158452011036,0.030112612268252063,0.04696015414500556,0.045253204050392806,2.7931695768486464,2.8016919748651934,6.4587360582009685,6.3481930464140515,0.0,1.2691212999998243,0.00031728032499995606
C:\Users\lyx\Desktop\sci\code\project_tvqp_elncp_pdnn_comparison\results\formal_offline,comparison_line/group3_sampling_period/pdnn_inner1_tau0.002_offline,C:\Users\lyx\Desktop\sci\code\project_tvqp_elncp_pdnn_comparison\results\formal_offline\comparison_line\group3_sampling_period\pdnn_inner1_tau0.002_offline\method2_pdnn_offline_with_fb_summary.json,offline,line,pdnn,500.0,1,0.0002215502314354228,1.001855801384748e-05,0.0003493097130009464,5.411370731187387e-05,3.447412962342966e-05,0.03544852159191086,0.001489046777856678,0.03600436126557063,0.0015122038564456175,1.9814665994874472,3.3613839999998163,0.00033613839999998164
C:\Users\lyx\Desktop\sci\code\project_tvqp_elncp_pdnn_comparison\results\formal_offline,comparison_line/group3_sampling_period/pdnn_inner1_tau0.005_offline,C:\Users\lyx\Desktop\sci\code\project_tvqp_elncp_pdnn_comparison\results\formal_offline\comparison_line\group3_sampling_period\pdnn_inner1_tau0.005_offline\method2_pdnn_offline_with_fb_summary.json,offline,line,pdnn,500.0,1,0.016679921244007308,0.011517158452011036,0.030112612268252063,0.04696015414500556,0.045253204050392806,2.7931695768486464,2.8016919748651934,6.4587360582009685,6.3481930464140515,0.0,1.3183194000012008,0.0003295798500003002
C:\Users\lyx\Desktop\sci\code\project_tvqp_elncp_pdnn_comparison\results\formal_offline,comparison_line/group3_sampling_period/pdnn_inner1_tau0.01_offline,C:\Users\lyx\Desktop\sci\code\project_tvqp_elncp_pdnn_comparison\results\formal_offline\comparison_line\group3_sampling_period\pdnn_inner1_tau0.01_offline\method2_pdnn_offline_with_fb_summary.json,offline,line,pdnn,500.0,1,0.02034467513513057,0.005231875056409455,0.04256531104702665,0.02289743263624371,0.016933540708147767,3.0333302518426595,0.493987770909221,6.88649600494297,5.92314674744645,0.0,0.7852252000011504,0.0003926126000005752
C:\Users\lyx\Desktop\sci\code\project_tvqp_elncp_pdnn_comparison\results\formal_offline,comparison_line/group3_sampling_period/pdnn_inner1_tau0.02_offline,C:\Users\lyx\Desktop\sci\code\project_tvqp_elncp_pdnn_comparison\results\formal_offline\comparison_line\group3_sampling_period\pdnn_inner1_tau0.02_offline\method2_pdnn_offline_with_fb_summary.json,offline,line,pdnn,500.0,1,0.03321801657656044,0.01981772213696282,0.056435297162210595,0.08034263177009014,0.06158710463868519,4.669584166650338,1.9408528868122608,159.52537738905892,160.62102911912643,0.0,0.34908870000072056,0.0003490887000007206
C:\Users\lyx\Desktop\sci\code\project_tvqp_elncp_pdnn_comparison\results\formal_offline,comparison_line/group4_runtime_scaling/pdnn_inner1_offline,C:\Users\lyx\Desktop\sci\code\project_tvqp_elncp_pdnn_comparison\results\formal_offline\comparison_line\group4_runtime_scaling\pdnn_inner1_offline\method2_pdnn_offline_with_fb_summary.json,offline,line,pdnn,500.0,1,0.016679921244007308,0.011517158452011036,0.030112612268252063,0.04696015414500556,0.045253204050392806,2.7931695768486464,2.8016919748651934,6.4587360582009685,6.3481930464140515,0.0,1.3759257000019716,0.0003439814250004929
C:\Users\lyx\Desktop\sci\code\project_tvqp_elncp_pdnn_comparison\results\formal_offline,comparison_line/group2_same_accuracy_cost/pdnn_inner10_offline,C:\Users\lyx\Desktop\sci\code\project_tvqp_elncp_pdnn_comparison\results\formal_offline\comparison_line\group2_same_accuracy_cost\pdnn_inner10_offline\method2_pdnn_offline_with_fb_summary.json,offline,line,pdnn,500.0,10,0.00022139373953943212,1.0548749403368091e-05,0.00034906739643212194,5.515254210684035e-05,3.5125830953441906e-05,0.03542343106052967,0.0015748239085020886,0.035986774466276246,0.0015997348541815708,1.9814667127169145,2.897214600001462,0.0007243036500003654
C:\Users\lyx\Desktop\sci\code\project_tvqp_elncp_pdnn_comparison\results\formal_offline,comparison_line/group2_same_accuracy_cost/pdnn_inner20_offline,C:\Users\lyx\Desktop\sci\code\project_tvqp_elncp_pdnn_comparison\results\formal_offline\comparison_line\group2_same_accuracy_cost\pdnn_inner20_offline\method2_pdnn_offline_with_fb_summary.json,offline,line,pdnn,500.0,20,0.00022140120882476515,1.0557073698620949e-05,0.00034907911233320136,5.519880211604475e-05,3.515512172591606e-05,0.035424626503088065,0.001576152040827565,0.03598939456500984,0.0016012005109696304,1.9814667139836466,4.770714099999168,0.001192678524999792
C:\Users\lyx\Desktop\sci\code\project_tvqp_elncp_pdnn_comparison\results\formal_offline,comparison_line/group4_runtime_scaling/pdnn_inner20_offline,C:\Users\lyx\Desktop\sci\code\project_tvqp_elncp_pdnn_comparison\results\formal_offline\comparison_line\group4_runtime_scaling\pdnn_inner20_offline\method2_pdnn_offline_with_fb_summary.json,offline,line,pdnn,500.0,20,0.00022140120882476515,1.0557073698620949e-05,0.00034907911233320136,5.519880211604475e-05,3.515512172591606e-05,0.035424626503088065,0.001576152040827565,0.03598939456500984,0.0016012005109696304,1.9814667139836466,4.751949699995748,0.001187987424998937
C:\Users\lyx\Desktop\sci\code\project_tvqp_elncp_pdnn_comparison\results\formal_offline,comparison_line/group2_same_accuracy_cost/pdnn_inner5_offline,C:\Users\lyx\Desktop\sci\code\project_tvqp_elncp_pdnn_comparison\results\formal_offline\comparison_line\group2_same_accuracy_cost\pdnn_inner5_offline\method2_pdnn_offline_with_fb_summary.json,offline,line,pdnn,500.0,5,0.00022137691267596255,1.053328404204045e-05,0.00034904104626536293,5.5066700618584745e-05,3.507140965464117e-05,0.03542073811233786,0.0015723569483258586,0.03598149680706673,0.0015970178051924779,1.9814667112570872,2.026439400000527,0.0005066098500001317
C:\Users\lyx\Desktop\sci\code\project_tvqp_elncp_pdnn_comparison\results\formal_offline,comparison_line/group4_runtime_scaling/pdnn_inner5_offline,C:\Users\lyx\Desktop\sci\code\project_tvqp_elncp_pdnn_comparison\results\formal_offline\comparison_line\group4_runtime_scaling\pdnn_inner5_offline\method2_pdnn_offline_with_fb_summary.json,offline,line,pdnn,500.0,5,0.00022137691267596255,1.053328404204045e-05,0.00034904104626536293,5.5066700618584745e-05,3.507140965464117e-05,0.03542073811233786,0.0015723569483258586,0.03598149680706673,0.0015970178051924779,1.9814667112570872,2.213291799998842,0.0005533229499997106
C:\Users\lyx\Desktop\sci\code\project_tvqp_elncp_pdnn_comparison\results\formal_offline,comparison_small_circle/group1_same_realtime_budget/dlccznn_offline,C:\Users\lyx\Desktop\sci\code\project_tvqp_elncp_pdnn_comparison\results\formal_offline\comparison_small_circle\group1_same_realtime_budget\dlccznn_offline\method2_dlccznn_offline_with_fb_summary.json,offline,small_circle,dlccznn,20.0,1,0.0002496004592984628,4.218741913658144e-07,0.000875183326135234,2.2381166668878666e-06,1.40870360998413e-06,0.0400673082686901,6.368300646021617e-05,0.04983117858306543,6.488965614666629e-05,1.8501121173467894,0.9553120999989915,0.00023882802499974786
C:\Users\lyx\Desktop\sci\code\project_tvqp_elncp_pdnn_comparison\results\formal_offline,comparison_small_circle/group3_sampling_period/dlccznn_tau0.002_offline,C:\Users\lyx\Desktop\sci\code\project_tvqp_elncp_pdnn_comparison\results\formal_offline\comparison_small_circle\group3_sampling_period\dlccznn_tau0.002_offline\method2_dlccznn_offline_with_fb_summary.json,offline,small_circle,dlccznn,20.0,1,0.00012147233430759377,1.7488349362657638e-07,0.00040676532988797996,7.439619640860143e-07,4.693148030199268e-07,0.01947586240484387,2.696747201440372e-05,0.021534993912461907,2.858850416736575e-05,1.9427362612831092,2.5247975000020233,0.0002524797500002023
C:\Users\lyx\Desktop\sci\code\project_tvqp_elncp_pdnn_comparison\results\formal_offline,comparison_small_circle/group3_sampling_period/dlccznn_tau0.005_offline,C:\Users\lyx\Desktop\sci\code\project_tvqp_elncp_pdnn_comparison\results\formal_offline\comparison_small_circle\group3_sampling_period\dlccznn_tau0.005_offline\method2_dlccznn_offline_with_fb_summary.json,offline,small_circle,dlccznn,20.0,1,0.0002496004592984628,4.218741913658144e-07,0.000875183326135234,2.2381166668878666e-06,1.40870360998413e-06,0.0400673082686901,6.368300646021617e-05,0.04983117858306543,6.488965614666629e-05,1.8501121173467894,1.1946537000003445,0.00029866342500008613
C:\Users\lyx\Desktop\sci\code\project_tvqp_elncp_pdnn_comparison\results\formal_offline,comparison_small_circle/group3_sampling_period/dlccznn_tau0.01_offline,C:\Users\lyx\Desktop\sci\code\project_tvqp_elncp_pdnn_comparison\results\formal_offline\comparison_small_circle\group3_sampling_period\dlccznn_tau0.01_offline\method2_dlccznn_offline_with_fb_summary.json,offline,small_circle,dlccznn,20.0,1,0.0004617879515376248,1.1836051399310197e-05,0.0020645840231087345,6.461952603082487e-05,4.6869174389119195e-05,0.07199764431090815,0.0015318028537964314,0.10648629922598409,0.00364620399137273,1.6398687537698615,0.5440527999999176,0.0002720263999999588
C:\Users\lyx\Desktop\sci\code\project_tvqp_elncp_pdnn_comparison\results\formal_offline,comparison_small_circle/group3_sampling_period/dlccznn_tau0.02_offline,C:\Users\lyx\Desktop\sci\code\project_tvqp_elncp_pdnn_comparison\results\formal_offline\comparison_small_circle\group3_sampling_period\dlccznn_tau0.02_offline\method2_dlccznn_offline_with_fb_summary.json,offline,small_circle,dlccznn,20.0,1,0.02673384663389736,0.027806965690686528,0.09545405500281402,0.22525893492552626,0.14159895237665043,4.101455161414714,4.443854463447018,9.726361401323361,8.156449355772402,0.0,0.26099819999944884,0.00026099819999944883
C:\Users\lyx\Desktop\sci\code\project_tvqp_elncp_pdnn_comparison\results\formal_offline,shape_screening/small_circle/dlccznn_offline,C:\Users\lyx\Desktop\sci\code\project_tvqp_elncp_pdnn_comparison\results\formal_offline\shape_screening\small_circle\dlccznn_offline\method2_dlccznn_offline_with_fb_summary.json,offline,small_circle,dlccznn,20.0,1,0.0002496004592984628,4.218741913658144e-07,0.000875183326135234,2.2381166668878666e-06,1.40870360998413e-06,0.0400673082686901,6.368300646021617e-05,0.04983117858306543,6.488965614666629e-05,1.8501121173467894,1.0517528999989736,0.0002629382249997434
C:\Users\lyx\Desktop\sci\code\project_tvqp_elncp_pdnn_comparison\results\formal_offline,comparison_small_circle/group1_same_realtime_budget/pdnn_inner1_offline,C:\Users\lyx\Desktop\sci\code\project_tvqp_elncp_pdnn_comparison\results\formal_offline\comparison_small_circle\group1_same_realtime_budget\pdnn_inner1_offline\method2_pdnn_offline_with_fb_summary.json,offline,small_circle,pdnn,500.0,1,0.014482177940052498,0.0037958637807637995,0.035853694018993444,0.013130563623546424,0.006378025611213938,2.474388307187567,1.0311450849838697,6.371410457225142,5.815967723744628,0.0,1.115111999999499,0.00027877799999987475
C:\Users\lyx\Desktop\sci\code\project_tvqp_elncp_pdnn_comparison\results\formal_offline,comparison_small_circle/group2_same_accuracy_cost/pdnn_inner1_offline,C:\Users\lyx\Desktop\sci\code\project_tvqp_elncp_pdnn_comparison\results\formal_offline\comparison_small_circle\group2_same_accuracy_cost\pdnn_inner1_offline\method2_pdnn_offline_with_fb_summary.json,offline,small_circle,pdnn,500.0,1,0.014482177940052498,0.0037958637807637995,0.035853694018993444,0.013130563623546424,0.006378025611213938,2.474388307187567,1.0311450849838697,6.371410457225142,5.815967723744628,0.0,1.1985094999981811,0.00029962737499954526
C:\Users\lyx\Desktop\sci\code\project_tvqp_elncp_pdnn_comparison\results\formal_offline,comparison_small_circle/group3_sampling_period/pdnn_inner1_tau0.002_offline,C:\Users\lyx\Desktop\sci\code\project_tvqp_elncp_pdnn_comparison\results\formal_offline\comparison_small_circle\group3_sampling_period\pdnn_inner1_tau0.002_offline\method2_pdnn_offline_with_fb_summary.json,offline,small_circle,pdnn,500.0,1,0.00020064739239683926,1.4279508150458182e-07,0.000597476980217524,7.470900279663689e-07,4.7621339693826314e-07,0.03211367185510861,1.9108717869359332e-05,0.03297127798064731,1.940207723515032e-05,1.9726114797614729,2.616921500000899,0.0002616921500000899
C:\Users\lyx\Desktop\sci\code\project_tvqp_elncp_pdnn_comparison\results\formal_offline,comparison_small_circle/group3_sampling_period/pdnn_inner1_tau0.005_offline,C:\Users\lyx\Desktop\sci\code\project_tvqp_elncp_pdnn_comparison\results\formal_offline\comparison_small_circle\group3_sampling_period\pdnn_inner1_tau0.005_offline\method2_pdnn_offline_with_fb_summary.json,offline,small_circle,pdnn,500.0,1,0.014482177940052498,0.0037958637807637995,0.035853694018993444,0.013130563623546424,0.006378025611213938,2.474388307187567,1.0311450849838697,6.371410457225142,5.815967723744628,0.0,1.0747808999985864,0.0002686952249996466
C:\Users\lyx\Desktop\sci\code\project_tvqp_elncp_pdnn_comparison\results\formal_offline,comparison_small_circle/group3_sampling_period/pdnn_inner1_tau0.01_offline,C:\Users\lyx\Desktop\sci\code\project_tvqp_elncp_pdnn_comparison\results\formal_offline\comparison_small_circle\group3_sampling_period\pdnn_inner1_tau0.01_offline\method2_pdnn_offline_with_fb_summary.json,offline,small_circle,pdnn,500.0,1,0.016874339177084554,0.00739215397429154,0.04015706336300104,0.025683364370252405,0.01739819782137242,2.3148076958394594,0.7128994263787498,8.149855534538359,7.760160652064213,0.0,0.5831915000017034,0.0002915957500008517
C:\Users\lyx\Desktop\sci\code\project_tvqp_elncp_pdnn_comparison\results\formal_offline,comparison_small_circle/group3_sampling_period/pdnn_inner1_tau0.02_offline,C:\Users\lyx\Desktop\sci\code\project_tvqp_elncp_pdnn_comparison\results\formal_offline\comparison_small_circle\group3_sampling_period\pdnn_inner1_tau0.02_offline\method2_pdnn_offline_with_fb_summary.json,offline,small_circle,pdnn,500.0,1,0.022635309473648904,0.020741024127503328,0.0514676070257891,0.05980058253286729,0.03610606830092955,2.788674983346113,1.738367523158719,144.368303726661,147.6354828090356,0.0,0.2638345000013942,0.0002638345000013942
C:\Users\lyx\Desktop\sci\code\project_tvqp_elncp_pdnn_comparison\results\formal_offline,comparison_small_circle/group4_runtime_scaling/pdnn_inner1_offline,C:\Users\lyx\Desktop\sci\code\project_tvqp_elncp_pdnn_comparison\results\formal_offline\comparison_small_circle\group4_runtime_scaling\pdnn_inner1_offline\method2_pdnn_offline_with_fb_summary.json,offline,small_circle,pdnn,500.0,1,0.014482177940052498,0.0037958637807637995,0.035853694018993444,0.013130563623546424,0.006378025611213938,2.474388307187567,1.0311450849838697,6.371410457225142,5.815967723744628,0.0,1.059965699998429,0.00026499142499960724
C:\Users\lyx\Desktop\sci\code\project_tvqp_elncp_pdnn_comparison\results\formal_offline,comparison_small_circle/group2_same_accuracy_cost/pdnn_inner10_offline,C:\Users\lyx\Desktop\sci\code\project_tvqp_elncp_pdnn_comparison\results\formal_offline\comparison_small_circle\group2_same_accuracy_cost\pdnn_inner10_offline\method2_pdnn_offline_with_fb_summary.json,offline,small_circle,pdnn,500.0,10,0.00020076820510139286,1.8121821071716313e-07,0.0005969826181423493,8.957452968263031e-07,5.697481388899917e-07,0.03212312649513352,2.51307874050854e-05,0.03267101178311404,2.5534179457642885e-05,1.9726119973523737,2.3387174000017694,0.0005846793500004423
C:\Users\lyx\Desktop\sci\code\project_tvqp_elncp_pdnn_comparison\results\formal_offline,comparison_small_circle/group2_same_accuracy_cost/pdnn_inner20_offline,C:\Users\lyx\Desktop\sci\code\project_tvqp_elncp_pdnn_comparison\results\formal_offline\comparison_small_circle\group2_same_accuracy_cost\pdnn_inner20_offline\method2_pdnn_offline_with_fb_summary.json,offline,small_circle,pdnn,500.0,20,0.00020077563997180142,1.8229561502367628e-07,0.0005969894797457557,9.016747284038585e-07,5.734862469353175e-07,0.032124314308784915,2.530030890313209e-05,0.03267341416351458,2.571031389754916e-05,1.972612026396888,3.75907240000015,0.0009397681000000376
C:\Users\lyx\Desktop\sci\code\project_tvqp_elncp_pdnn_comparison\results\formal_offline,comparison_small_circle/group4_runtime_scaling/pdnn_inner20_offline,C:\Users\lyx\Desktop\sci\code\project_tvqp_elncp_pdnn_comparison\results\formal_offline\comparison_small_circle\group4_runtime_scaling\pdnn_inner20_offline\method2_pdnn_offline_with_fb_summary.json,offline,small_circle,pdnn,500.0,20,0.00020077563997180142,1.8229561502367628e-07,0.0005969894797457557,9.016747284038585e-07,5.734862469353175e-07,0.032124314308784915,2.530030890313209e-05,0.03267341416351458,2.571031389754916e-05,1.972612026396888,3.80579509999734,0.000951448774999335
C:\Users\lyx\Desktop\sci\code\project_tvqp_elncp_pdnn_comparison\results\formal_offline,comparison_small_circle/group2_same_accuracy_cost/pdnn_inner5_offline,C:\Users\lyx\Desktop\sci\code\project_tvqp_elncp_pdnn_comparison\results\formal_offline\comparison_small_circle\group2_same_accuracy_cost\pdnn_inner5_offline\method2_pdnn_offline_with_fb_summary.json,offline,small_circle,pdnn,500.0,5,0.00020074137452841262,1.7924572345739127e-07,0.000596933151268625,8.84895087346673e-07,5.629049093514027e-07,0.03211884076493551,2.482052040050633e-05,0.032676279800130305,2.521196592454825e-05,1.9726119661683044,1.717485699999088,0.000429371424999772
C:\Users\lyx\Desktop\sci\code\project_tvqp_elncp_pdnn_comparison\results\formal_offline,comparison_small_circle/group4_runtime_scaling/pdnn_inner5_offline,C:\Users\lyx\Desktop\sci\code\project_tvqp_elncp_pdnn_comparison\results\formal_offline\comparison_small_circle\group4_runtime_scaling\pdnn_inner5_offline\method2_pdnn_offline_with_fb_summary.json,offline,small_circle,pdnn,500.0,5,0.00020074137452841262,1.7924572345739127e-07,0.000596933151268625,8.84895087346673e-07,5.629049093514027e-07,0.03211884076493551,2.482052040050633e-05,0.032676279800130305,2.521196592454825e-05,1.9726119661683044,1.6310038000010536,0.0004077509500002634
