case_id,task_gain,mu_gain,gamma,substeps,activation_power,activation_exp_clip,tau,weight_gain,status,mean_position_error_m,final_position_error_m,final_joint_drift_norm_rad,max_drift_norm,runtime_s,composite_score
tg220_mu16_g2560_ns80,220.0,16.0,2560.0,80,0.85,4.0,0.005,1.0,ok,9.619172944340729e-06,1.4704839883134336e-06,2.8703568443110655e-06,0.5123815551144325,2.87349549999999,1.4892332752276352
tg220_mu12_g2560_ns80,220.0,12.0,2560.0,80,0.85,4.0,0.005,1.0,ok,6.828058870236707e-06,1.4741698941934916e-06,6.066982646230363e-06,0.5123855265018121,2.825482299998839,1.7475643874138365
tg160_mu16_g2560_ns80,160.0,16.0,2560.0,80,0.85,4.0,0.005,1.0,ok,1.3226051561723914e-05,2.016289969392902e-06,2.959271275313606e-06,0.5123804628103923,2.8373861000000034,1.892090537605852
tg160_mu12_g2560_ns80,160.0,12.0,2560.0,80,0.85,4.0,0.005,1.0,ok,9.388247163760545e-06,2.0238769088445925e-06,6.030648509768815e-06,0.5123859668344976,2.911086799998884,2.0400701766922618
tg220_mu16_g2560_ns40,220.0,16.0,2560.0,40,0.85,4.0,0.005,1.0,ok,9.359778453191735e-06,1.785750407779887e-06,8.824626252138464e-06,0.5123799477675689,1.6366951000018162,2.443120154483359
tg120_mu12_g2560_ns80,120.0,12.0,2560.0,80,0.85,4.0,0.005,1.0,ok,1.2517038017839491e-05,2.6965454787999527e-06,6.344510333186409e-06,0.5123863437688314,3.173295799999323,2.4538262026183815
tg120_mu16_g2560_ns80,120.0,16.0,2560.0,80,0.85,4.0,0.005,1.0,ok,1.7634102382594296e-05,2.6902097249682715e-06,3.655429334158883e-06,0.5123788929815211,2.774642100001074,2.477474585107072
tg220_mu12_g2560_ns40,220.0,12.0,2560.0,40,0.85,4.0,0.005,1.0,ok,6.5650965259271886e-06,1.833145515030295e-06,1.2583097767108638e-05,0.5123840418922304,1.6357228000015311,2.7951879489947835
tg160_mu16_g2560_ns40,160.0,16.0,2560.0,40,0.85,4.0,0.005,1.0,ok,1.2868722786372282e-05,2.6061814708970863e-06,9.45945337808759e-06,0.512378258138755,1.629601000000548,2.9604994867585663
tg220_mu12_g1280_ns40,220.0,12.0,1280.0,40,0.85,4.0,0.005,1.0,ok,2.1185342152964484e-05,1.4771084343265296e-06,6.090915003506807e-06,0.512375939998032,1.8019329000017024,3.003350966965379
tg220_mu12_g1280_ns80,220.0,12.0,1280.0,80,0.85,4.0,0.005,1.0,ok,2.1287087692100615e-05,1.4748725986715546e-06,6.088874956743016e-06,0.5123760481914938,2.8857335000029707,3.01159597757966
tg160_mu12_g2560_ns40,160.0,12.0,2560.0,40,0.85,4.0,0.005,1.0,ok,9.025002629518584e-06,2.525560395066669e-06,1.3390370830917433e-05,0.5123838405000817,1.6350453999984893,3.230681224922545
tg220_mu16_g1280_ns40,220.0,16.0,1280.0,40,0.85,4.0,0.005,1.0,ok,2.974846315736081e-05,1.4704966100267526e-06,2.904547858997276e-06,0.5123651396232503,1.6935892999972566,3.2494186484800336
tg220_mu16_g1280_ns80,220.0,16.0,1280.0,80,0.85,4.0,0.005,1.0,ok,2.989715770375687e-05,1.4716674272277825e-06,2.952315151299752e-06,0.5123652269119909,3.0328977999997733,3.270029962642622
tg220_mu8_g2560_ns80,220.0,8.0,2560.0,80,0.85,4.0,0.005,1.0,ok,4.306359526313364e-06,1.474118575152192e-06,1.7919375237201763e-05,0.5123894198763864,2.876702000001387,3.3858797158110683
tg160_mu8_g2560_ns80,160.0,8.0,2560.0,80,0.85,4.0,0.005,1.0,ok,5.9208974305266e-06,2.026710894286027e-06,1.783837657280233e-05,0.5123911813126992,2.753598700001021,3.5893374064395336
tg120_mu16_g2560_ns40,120.0,16.0,2560.0,40,0.85,4.0,0.005,1.0,ok,1.7156733750573772e-05,3.603348335147364e-06,1.0756295921701799e-05,0.5123757872796726,1.9360406000014336,3.6737001183974853
tg160_mu12_g1280_ns40,160.0,12.0,1280.0,40,0.85,4.0,0.005,1.0,ok,2.9130028341124438e-05,2.0270058378622136e-06,6.0753089880965915e-06,0.5123722925056252,1.6168700000016543,3.768540028614928
tg160_mu12_g1280_ns80,160.0,12.0,1280.0,80,0.85,4.0,0.005,1.0,ok,2.9269939096483737e-05,2.0266558600155036e-06,6.072031157119532e-06,0.512372433741233,2.83746759999849,3.780175475090091
tg120_mu12_g2560_ns40,120.0,12.0,2560.0,40,0.85,4.0,0.005,1.0,ok,1.203139169276882e-05,3.3797626680723077e-06,1.4695450313204029e-05,0.5123833591864054,1.9558625999998185,3.8139360531550683
tg120_mu8_g2560_ns80,120.0,8.0,2560.0,80,0.85,4.0,0.005,1.0,ok,7.893899732121937e-06,2.701795253567685e-06,1.7858084332793306e-05,0.5123932474409878,3.1211824999991222,3.856548218114531
tg220_mu8_g1280_ns40,220.0,8.0,1280.0,40,0.85,4.0,0.005,1.0,ok,1.3106297314024975e-05,1.4846688920537817e-06,1.7951604513986972e-05,0.5123861357034142,1.6623217999986082,4.159529636138858
tg220_mu8_g1280_ns80,220.0,8.0,1280.0,80,0.85,4.0,0.005,1.0,ok,1.3168011235788246e-05,1.4837565701027937e-06,1.7997640611831408e-05,0.5123862144739434,2.8023744000020088,4.172002522226133
tg160_mu16_g1280_ns40,160.0,16.0,1280.0,40,0.85,4.0,0.005,1.0,ok,4.090461530018506e-05,2.0152646609709358e-06,2.958489445995439e-06,0.5123571522961403,1.8131955999997444,4.304779016124606
tg220_mu16_g1280_ns20,220.0,16.0,1280.0,20,0.85,4.0,0.005,1.0,ok,2.9281329277840898e-05,2.2965381758671936e-06,9.238241595872035e-06,0.5123649084682417,1.0236834000024828,4.314378011461327
tg160_mu16_g1280_ns80,160.0,16.0,1280.0,80,0.85,4.0,0.005,1.0,ok,4.1109091762827895e-05,2.022613887542935e-06,2.99823051195738e-06,0.5123572662232005,2.948388699998759,4.329838036022951
tg220_mu12_g1280_ns20,220.0,12.0,1280.0,20,0.85,4.0,0.005,1.0,ok,2.0776686066853243e-05,2.3255139412878414e-06,1.4546209660672456e-05,0.512375919156812,1.1216091999995115,4.4090738252449855
tg220_mu8_g2560_ns40,220.0,8.0,2560.0,40,0.85,4.0,0.005,1.0,ok,4.01479245574621e-06,1.8386235441081097e-06,2.5808223047909892e-05,0.512388030422228,1.6108863000008569,4.646974174688169
tg160_mu8_g1280_ns40,160.0,8.0,1280.0,40,0.85,4.0,0.005,1.0,ok,1.8021102286094934e-05,2.039572500530066e-06,1.7893719784134134e-05,0.5123863853711454,1.5598611999994318,4.654635788613381
tg160_mu8_g1280_ns80,160.0,8.0,1280.0,80,0.85,4.0,0.005,1.0,ok,1.810596550500542e-05,2.038041115429956e-06,1.7938465714383727e-05,0.5123864948568745,2.767196699998749,4.668840034036234
tg120_mu12_g1280_ns40,120.0,12.0,1280.0,40,0.85,4.0,0.005,1.0,ok,3.884004760694602e-05,2.699525823255313e-06,6.41337152039678e-06,0.5123673144675082,1.7736726000002818,4.759805589609421
tg120_mu12_g1280_ns80,120.0,12.0,1280.0,80,0.85,4.0,0.005,1.0,ok,3.902661124889259e-05,2.700469738397665e-06,6.409208742782618e-06,0.5123674966400324,3.183739100000821,4.775545945501456
tg160_mu8_g2560_ns40,160.0,8.0,2560.0,40,0.85,4.0,0.005,1.0,ok,5.5180801634792e-06,2.5272807082244733e-06,2.61166738746064e-05,0.5123891001694288,1.6057273000005807,4.9203561613417826
tg160_mu12_g1280_ns20,160.0,12.0,1280.0,20,0.85,4.0,0.005,1.0,ok,2.856759132672673e-05,3.1880246432426156e-06,1.4977894631915428e-05,0.5123720911612462,1.032417299997178,5.273638699528296
tg120_mu8_g1280_ns40,120.0,8.0,1280.0,40,0.85,4.0,0.005,1.0,ok,2.402789150854597e-05,2.7165259651182647e-06,1.795049779406149e-05,0.5123863948695416,1.946515299998282,5.279569229414319
tg120_mu8_g1280_ns80,120.0,8.0,1280.0,80,0.85,4.0,0.005,1.0,ok,2.414105201137308e-05,2.7143436437539457e-06,1.799219566755442e-05,0.5123865405414425,3.123442000000068,5.295673681100091
tg120_mu8_g2560_ns40,120.0,8.0,2560.0,40,0.85,4.0,0.005,1.0,ok,7.3556244835225485e-06,3.368190039255578e-06,2.6782558147543634e-05,0.5123902905664333,2.035151699998096,5.299690210315134
tg160_mu16_g1280_ns20,160.0,16.0,1280.0,20,0.85,4.0,0.005,1.0,ok,4.0261784159586446e-05,3.1488498466542394e-06,9.89935459496785e-06,0.5123566566769727,1.0759410000027856,5.49157703161962
tg120_mu16_g1280_ns40,120.0,16.0,1280.0,40,0.85,4.0,0.005,1.0,ok,5.45397917473749e-05,2.6935888999376638e-06,3.655802959990742e-06,0.5123466704020562,1.7879250999976648,5.695343963638669
tg120_mu16_g1280_ns80,120.0,16.0,1280.0,80,0.85,4.0,0.005,1.0,ok,5.481244786546979e-05,2.6944324690387034e-06,3.695477174876535e-06,0.5123468192711728,3.1448411000019405,5.725448504289205
tg220_mu8_g640_ns20,220.0,8.0,640.0,20,0.85,4.0,0.005,1.0,ok,3.624342087867202e-05,1.629211431921926e-06,1.807729307139535e-05,0.5123819818432925,1.026331699998991,6.2159972619973365
tg220_mu12_g640_ns20,220.0,12.0,640.0,20,0.85,4.0,0.005,1.0,ok,5.7926969445774634e-05,1.5144096674110836e-06,6.194395893386129e-06,0.5123585487377355,1.038119500000903,6.22771131926215
tg220_mu8_g640_ns40,220.0,8.0,640.0,40,0.85,4.0,0.005,1.0,ok,3.6461820084694227e-05,1.6434618401325423e-06,1.810497817383921e-05,0.5123822136229939,1.6282011999974202,6.2413216701493806
tg220_mu8_g640_ns80,220.0,8.0,640.0,80,0.85,4.0,0.005,1.0,ok,3.65746198721844e-05,1.6500029303253317e-06,1.8105559309899922e-05,0.5123823179330014,2.878424399998039,6.252138966210481
tg220_mu12_g640_ns40,220.0,12.0,640.0,40,0.85,4.0,0.005,1.0,ok,5.8278830512253255e-05,1.5214314527156974e-06,6.168008479615811e-06,0.5123587722946715,1.7663923999971303,6.255207006916211
tg220_mu12_g640_ns80,220.0,12.0,640.0,80,0.85,4.0,0.005,1.0,ok,5.8458645834281286e-05,1.5242877127651433e-06,6.168465536377232e-06,0.5123588731196025,3.0636526999987836,6.271344286143149
tg220_mu8_g1280_ns20,220.0,8.0,1280.0,20,0.85,4.0,0.005,1.0,ok,1.2727499726721572e-05,2.3595795349443887e-06,3.1146047495995706e-05,0.5123858259725899,1.012461300000723,6.31445193737578
tg120_mu12_g1280_ns20,120.0,12.0,1280.0,20,0.85,4.0,0.005,1.0,ok,3.808926327972592e-05,4.238468539259531e-06,1.5880945514081117e-05,0.5123667344941337,1.0990610000008019,6.388630698647762
tg160_mu8_g1280_ns20,160.0,8.0,1280.0,20,0.85,4.0,0.005,1.0,ok,1.7499827327266882e-05,3.2364520712127854e-06,3.13054558863137e-05,0.512385807770687,0.9701069000002462,6.8751380540678175
tg120_mu16_g1280_ns20,120.0,16.0,1280.0,20,0.85,4.0,0.005,1.0,ok,5.368217027896431e-05,4.186305253991425e-06,1.1171854786161168e-05,0.5123456855086861,1.1121554000019387,7.0025976326167285
tg160_mu8_g640_ns20,160.0,8.0,640.0,20,0.85,4.0,0.005,1.0,ok,4.9836861883567895e-05,2.206014844347592e-06,1.8113394691248242e-05,0.5123796368987045,1.029174499999499,7.48540920790782
tg160_mu8_g640_ns40,160.0,8.0,640.0,40,0.85,4.0,0.005,1.0,ok,5.013716636729526e-05,2.2232016989508053e-06,1.8136576327046634e-05,0.5123799423022012,1.8224699999991572,7.51756858810424
tg160_mu8_g640_ns80,160.0,8.0,640.0,80,0.85,4.0,0.005,1.0,ok,5.029226848083748e-05,2.2311981373139212e-06,1.8138888570887786e-05,0.51238008047918,2.7926943999991636,7.532543685454222
tg120_mu8_g1280_ns20,120.0,8.0,1280.0,20,0.85,4.0,0.005,1.0,ok,2.3331802528623804e-05,4.302991710934425e-06,3.1732382620925754e-05,0.5123852192876475,1.1599237000009452,7.5960231533173035
tg220_mu16_g640_ns20,220.0,16.0,640.0,20,0.85,4.0,0.005,1.0,ok,7.982137957425986e-05,1.4656707696955413e-06,3.0426925271748697e-06,0.5123347143687322,1.016049199999543,7.635654795736967
tg220_mu16_g640_ns40,220.0,16.0,640.0,40,0.85,4.0,0.005,1.0,ok,8.032937393300694e-05,1.4748396124908096e-06,3.0583669157256444e-06,0.5123349152031862,1.6757959999995364,7.683649025945225
tg220_mu16_g640_ns80,220.0,16.0,640.0,80,0.85,4.0,0.005,1.0,ok,8.05852081287154e-05,1.4747815157533185e-06,3.059315083571963e-06,0.5123350163010304,2.8685612000008405,7.70609276027086
tg160_mu12_g640_ns20,160.0,12.0,640.0,20,0.85,4.0,0.005,1.0,ok,7.96539299178982e-05,2.0619428801075577e-06,6.251976186825859e-06,0.5123473063739666,0.9658964000009291,8.205557245702183
tg160_mu12_g640_ns40,160.0,12.0,640.0,40,0.85,4.0,0.005,1.0,ok,8.013775439945043e-05,2.0706818509292315e-06,6.226958569560744e-06,0.5123476118931389,1.5693119000025035,8.245006258654733
tg160_mu12_g640_ns80,160.0,12.0,640.0,80,0.85,4.0,0.005,1.0,ok,8.038500515294727e-05,2.0734043354116077e-06,6.2290419885959676e-06,0.5123477486165156,2.8483501999980945,8.267259115760144
tg120_mu8_g640_ns20,120.0,8.0,640.0,20,0.85,4.0,0.005,1.0,ok,6.645219723346789e-05,2.898352986375479e-06,1.8289927377948415e-05,0.512376001038872,0.928169999999227,9.056044184170895
tg120_mu8_g640_ns40,120.0,8.0,640.0,40,0.85,4.0,0.005,1.0,ok,6.685261200676482e-05,2.9187034177942832e-06,1.831543249213348e-05,0.5123763944200893,1.6000410000015108,9.097726893007367
tg120_mu8_g640_ns80,120.0,8.0,640.0,80,0.85,4.0,0.005,1.0,ok,6.705941948874925e-05,2.9279020034596883e-06,1.8320240673945526e-05,0.512376572820384,3.027150999998412,9.11776488173242
tg160_mu16_g640_ns20,160.0,16.0,640.0,20,0.85,4.0,0.005,1.0,ok,0.00010976150232983576,1.9995064530075175e-06,3.1156487969069976e-06,0.5123136331181736,1.027415900000051,10.330046011773842
tg160_mu16_g640_ns40,160.0,16.0,640.0,40,0.85,4.0,0.005,1.0,ok,0.00011046000273964492,1.9980545272748655e-06,3.1507101598987823e-06,0.5123139119093996,1.8289313000022958,10.396238224588888
tg160_mu16_g640_ns80,160.0,16.0,640.0,80,0.85,4.0,0.005,1.0,ok,0.00011081177856805105,1.996605616454627e-06,3.1514198716632986e-06,0.5123140455230645,2.929643900002702,10.426818751621141
tg120_mu12_g640_ns20,120.0,12.0,640.0,20,0.85,4.0,0.005,1.0,ok,0.0001062111117993434,2.7190585737130085e-06,6.6497034636143915e-06,0.5123322669740736,1.064239199997246,10.672770056634628
tg120_mu12_g640_ns40,120.0,12.0,640.0,40,0.85,4.0,0.005,1.0,ok,0.00010685623157431298,2.7278396411979453e-06,6.62809944613866e-06,0.5123326618871668,1.7730381000001216,10.726821318562676
tg120_mu12_g640_ns80,120.0,12.0,640.0,80,0.85,4.0,0.005,1.0,ok,0.00010718590983292627,2.7298059100115655e-06,6.631302885345921e-06,0.5123328398831488,3.0179164000001037,10.75633240903763
tg120_mu16_g640_ns20,120.0,16.0,640.0,20,0.85,4.0,0.005,1.0,ok,0.00014635796714045811,2.610641512840863e-06,3.7665542206020367e-06,0.5122854707891034,1.1123616000004404,13.705877127245975
tg120_mu16_g640_ns40,120.0,16.0,640.0,40,0.85,4.0,0.005,1.0,ok,0.00014728931428556404,2.6043976691651802e-06,3.7905450915329618e-06,0.5122858180289706,1.840056099998037,13.78997889830364
tg120_mu16_g640_ns80,120.0,16.0,640.0,80,0.85,4.0,0.005,1.0,ok,0.0001477583525011904,2.6003033942172463e-06,3.787403580928371e-06,0.5122859815003755,3.154044899998553,13.829817327968398
tg220_mu12_g2560_ns20,220.0,12.0,2560.0,20,0.85,4.0,0.005,1.0,ok,0.133181914940554,0.0502949180130499,0.4548920557877101,0.6019434873023211,1.0085935999995854,89789.21000484898
tg220_mu8_g2560_ns20,220.0,8.0,2560.0,20,0.85,4.0,0.005,1.0,ok,0.11622566854111248,0.13254853883039425,0.45759084457208754,0.49298690719826854,1.0291973999992479,99958.13162744755
tg120_mu8_g2560_ns20,120.0,8.0,2560.0,20,0.85,4.0,0.005,1.0,ok,0.12423150449543852,0.10442175258818599,0.482707465901868,0.582879515426679,1.0975727999975788,100755.6408744744
tg120_mu12_g2560_ns20,120.0,12.0,2560.0,20,0.85,4.0,0.005,1.0,ok,0.1356611082258662,0.1528988966589486,0.6903981027397917,0.7601914523652661,1.3193490999983624,140927.74328890076
tg120_mu16_g2560_ns20,120.0,16.0,2560.0,20,0.85,4.0,0.005,1.0,ok,0.13698886618659817,0.0929099005393796,0.7594468442358122,0.7714406103148916,1.1935542999999598,143682.7297941198
tg160_mu8_g2560_ns20,160.0,8.0,2560.0,20,0.85,4.0,0.005,1.0,ok,0.19445239031548275,0.17477064634335723,0.664623493038547,0.7637945917788576,0.9788895000019693,144996.75178215106
tg160_mu12_g2560_ns20,160.0,12.0,2560.0,20,0.85,4.0,0.005,1.0,ok,0.15799852465621705,0.1712253835579811,0.7943967127067741,0.8420409106901108,1.0387895000021672,161680.20531099045
tg220_mu16_g2560_ns20,220.0,16.0,2560.0,20,0.85,4.0,0.005,1.0,ok,0.13790293879421364,0.16040578810032724,0.844098942121595,0.8773924696601942,1.018800800000463,166243.98198340565
tg160_mu16_g2560_ns20,160.0,16.0,2560.0,20,0.85,4.0,0.005,1.0,ok,0.13798538395986085,0.15986324319402337,1.1052060660509768,1.1236244199599124,1.0484885000005306,207112.18737117184
