case_id,task_gain,mu_gain,gamma,substeps,activation_power,activation_exp_clip,status,mean_position_error_m,final_position_error_m,final_joint_drift_norm_rad,max_drift_norm,runtime_s,composite_score
tg220_mu16_g3072_ns100,220.0,16.0,3072.0,100,0.8,4.0,ok,4.0678516539118686e-06,1.33926354256525e-06,1.6376844698578444e-06,0.5123564918620351,3.566893600000185,1.8055779584066594
tg260_mu16_g2560_ns80,260.0,16.0,2560.0,80,0.8,4.0,ok,5.1234177503360884e-06,1.5048730587088961e-06,1.3814104633609294e-06,0.5123542973691675,2.7630568999993557,1.833584311346771
tg180_mu16_g3072_ns100,180.0,16.0,3072.0,100,0.8,4.0,ok,4.97149754940252e-06,1.6707495425003234e-06,1.4261275918358206e-06,0.512357480517905,3.4068514999999024,1.8687035519722208
tg260_mu16_g3072_ns100,260.0,16.0,3072.0,100,0.8,4.0,ok,3.4421062310270965e-06,1.1009088658402755e-06,2.002301848769932e-06,0.5123557819781532,3.5946874000001117,1.8907316515495098
tg260_mu20_g3072_ns100,260.0,20.0,3072.0,100,0.8,4.0,ok,4.590089688503627e-06,1.3027878786851682e-06,1.6766292110725536e-06,0.5123544854180169,3.3298095999998623,1.8970555748463365
tg220_mu20_g3072_ns100,220.0,20.0,3072.0,100,0.8,4.0,ok,5.425074564264266e-06,1.510470196535861e-06,1.453479910096635e-06,0.512354948857603,3.3483043999985966,1.9209205328831578
tg220_mu16_g2560_ns100,220.0,16.0,2560.0,100,0.8,4.0,ok,6.057771726282209e-06,1.4228234948302202e-06,1.3489826886195216e-06,0.512354219645968,3.542866200001299,1.9331267726327115
tg260_mu16_g2560_ns100,260.0,16.0,2560.0,100,0.8,4.0,ok,5.126122100067452e-06,1.2025526537924656e-06,1.6427371750613498e-06,0.5123538930637735,3.314140900001803,1.9353595779056125
tg220_mu16_g2560_ns80,220.0,16.0,2560.0,80,0.8,4.0,ok,6.054336175311997e-06,1.7091857069715704e-06,1.3229608656978125e-06,0.5123547509704601,2.7372546999977203,1.9690928278684847
tg260_mu20_g2560_ns100,260.0,20.0,2560.0,100,0.8,4.0,ok,6.869582066021292e-06,1.194965602583433e-06,1.3582769840182467e-06,0.5123517689832978,3.341305599999032,2.013581972116384
tg220_mu20_g2560_ns100,220.0,20.0,2560.0,100,0.8,4.0,ok,8.118454358167668e-06,1.418611096220185e-06,1.0157220965934291e-06,0.5123516588453612,3.2924400999982026,2.028214379152023
tg260_mu20_g3072_ns80,260.0,20.0,3072.0,80,0.8,4.0,ok,4.6285895139028545e-06,1.683542061472355e-06,1.8080563994351655e-06,0.5123558235613237,2.735637300000235,2.0503532880424133
tg180_mu16_g2560_ns100,180.0,16.0,2560.0,100,0.8,4.0,ok,7.4037597750524055e-06,1.739088629117011e-06,1.1994420706293798e-06,0.5123546476762558,3.4319180000020424,2.0939463427332266
tg180_mu20_g3072_ns100,180.0,20.0,3072.0,100,0.8,4.0,ok,6.629886768264089e-06,1.8107486674610918e-06,1.3998394429071317e-06,0.5123555688804844,3.6849425000000338,2.1159743149040953
tg260_mu16_g3072_ns80,260.0,16.0,3072.0,80,0.8,4.0,ok,3.493809036319123e-06,1.6872103180495367e-06,2.2176240287788892e-06,0.5123569863621761,2.9073224999992817,2.1334429586750163
tg260_mu12_g2560_ns100,260.0,12.0,2560.0,100,0.8,4.0,ok,3.554682049658354e-06,1.204145349086488e-06,2.425262227855628e-06,0.5123556934400705,3.285302000000229,2.178602044656645
tg260_mu16_g2048_ns100,260.0,16.0,2048.0,100,0.8,4.0,ok,8.042603027695416e-06,1.2413503018529267e-06,1.353979548983254e-06,0.5123508904217131,3.3102693000000727,2.187471338759596
tg220_mu12_g2560_ns100,220.0,12.0,2560.0,100,0.8,4.0,ok,4.201303596108814e-06,1.4230680469758164e-06,2.2209784971314907e-06,0.5123563474458415,3.432607700000517,2.1888105451642756
tg260_mu12_g2048_ns100,260.0,12.0,2048.0,100,0.8,4.0,ok,5.538543309740139e-06,1.2428277647016405e-06,2.005035393741493e-06,0.5123538750453546,3.3565278999994916,2.2184597932212915
tg260_mu12_g3072_ns100,260.0,12.0,3072.0,100,0.8,4.0,ok,2.4433106331309122e-06,1.4062372963071487e-06,2.698236237531505e-06,0.5123568514346297,3.3283334000007017,2.219390227852167
tg220_mu16_g2048_ns100,220.0,16.0,2048.0,100,0.8,4.0,ok,9.504763691131507e-06,1.4681409329662048e-06,1.0320730707166904e-06,0.5123506097629821,3.268885000001319,2.2455789353032807
tg220_mu12_g3072_ns100,220.0,12.0,3072.0,100,0.8,4.0,ok,2.886966429010186e-06,1.6494001347976241e-06,2.5982519398154806e-06,0.5123577593799051,3.493449400000827,2.267313512798546
tg220_mu12_g2048_ns100,220.0,12.0,2048.0,100,0.8,4.0,ok,6.545372419307079e-06,1.4689202507062635e-06,1.7816944901626364e-06,0.5123541773208344,3.4651919999996608,2.2701710737730045
tg260_mu20_g2560_ns80,260.0,20.0,2560.0,80,0.8,4.0,ok,6.858863628276936e-06,1.1243413650446158e-06,1.8335483361676652e-06,0.5123522162226019,2.7376712000004773,2.283494995702451
tg180_mu20_g2560_ns100,180.0,20.0,2560.0,100,0.8,4.0,ok,9.922213183678737e-06,1.743951054313984e-06,9.144299100213086e-07,0.5123514411807165,3.4121307999994315,2.2851167177736755
tg260_mu16_g2048_ns60,260.0,16.0,2048.0,60,0.8,4.0,ok,8.029956742593384e-06,1.4726744710548197e-06,1.4836846869273596e-06,0.5123517992070458,2.146508999998332,2.3052657704245223
tg260_mu12_g2560_ns80,260.0,12.0,2560.0,80,0.8,4.0,ok,3.559661613632007e-06,1.4199820639518346e-06,2.572843079756581e-06,0.5123560764808398,2.744071000000986,2.306799943891298
tg180_mu12_g2560_ns100,180.0,12.0,2560.0,100,0.8,4.0,ok,5.13439740403074e-06,1.7393110307505642e-06,2.1199689091017966e-06,0.512357283839858,4.765659100001358,2.319508037350545
tg220_mu20_g2560_ns80,220.0,20.0,2560.0,80,0.8,4.0,ok,8.105623160590418e-06,1.3287332452082728e-06,1.5722207838627093e-06,0.5123522691635211,2.759521100000711,2.3429122679219483
tg220_mu20_g3072_ns80,220.0,20.0,3072.0,80,0.8,4.0,ok,5.469133910153254e-06,1.9935635065379394e-06,2.003716582078133e-06,0.5123565408792876,2.8155147999968904,2.3441129048700207
tg260_mu16_g2048_ns80,260.0,16.0,2048.0,80,0.8,4.0,ok,8.030273715701891e-06,1.202308972763434e-06,1.6471973269647444e-06,0.5123506336034931,2.7354580000028363,2.3539977715526543
tg180_mu16_g2560_ns80,180.0,16.0,2560.0,80,0.8,4.0,ok,7.399449877697467e-06,2.0043934952600866e-06,1.5577311466807293e-06,0.5123553293234512,2.8366773999987345,2.3558332483819484
tg220_mu16_g3072_ns80,220.0,16.0,3072.0,80,0.8,4.0,ok,4.128074589663908e-06,1.9940490080475827e-06,2.405152105634151e-06,0.5123579715939113,3.3086976000013237,2.3922111508481168
tg220_mu16_g2048_ns80,220.0,16.0,2048.0,80,0.8,4.0,ok,9.490273406009601e-06,1.422410556878238e-06,1.3540277737509124e-06,0.5123503903991808,2.7357110000011744,2.427769317431456
tg260_mu20_g2048_ns100,260.0,20.0,2048.0,100,0.8,4.0,ok,1.075498445649613e-05,1.2473048898178895e-06,1.124214731565129e-06,0.5123475189561552,3.328962399999,2.4396655973925174
tg220_mu12_g2560_ns80,220.0,12.0,2560.0,80,0.8,4.0,ok,4.206012756854096e-06,1.6739793386586842e-06,2.5738229572918016e-06,0.5123568685882111,2.9408383000009053,2.4461179220895377
tg180_mu12_g3072_ns100,180.0,12.0,3072.0,100,0.8,4.0,ok,3.527661469488596e-06,1.9816640783948422e-06,2.6469918548979025e-06,0.5123590498657546,3.57079689999955,2.4486069867596294
tg260_mu12_g2048_ns80,260.0,12.0,2048.0,80,0.8,4.0,ok,5.530554474532946e-06,1.2040678245728372e-06,2.426860420462187e-06,0.512354058173534,2.7523550000005343,2.4625841925315393
tg180_mu12_g2048_ns100,180.0,12.0,2048.0,100,0.8,4.0,ok,7.999655001084044e-06,1.7952966180076464e-06,1.7136195682651307e-06,0.5123545858405316,3.4446180000013555,2.4970683901982595
tg260_mu20_g3072_ns100,260.0,20.0,3072.0,100,0.85,4.0,ok,7.612010498879902e-06,1.2439312048307447e-06,1.9858177886705645e-06,0.5123816802377078,3.3550806999992346,2.5041860131957066
tg220_mu12_g2048_ns80,220.0,12.0,2048.0,80,0.8,4.0,ok,6.536127285748367e-06,1.4229589456266543e-06,2.223363371976013e-06,0.512354407937842,2.9250479000002088,2.5246766468600246
tg220_mu20_g2048_ns100,220.0,20.0,2048.0,100,0.8,4.0,ok,1.2710288433382844e-05,1.4740104360321046e-06,7.630463491435706e-07,0.5123466012655692,3.34007279999787,2.5449155614210475
tg180_mu20_g2560_ns80,180.0,20.0,2560.0,80,0.8,4.0,ok,9.906711000636545e-06,1.6239392042576805e-06,1.4211616218810816e-06,0.5123522533941215,2.8324036999983946,2.56419001069146
tg180_mu16_g2048_ns100,180.0,16.0,2048.0,100,0.8,4.0,ok,1.1616656526190814e-05,1.795633062220597e-06,9.611353073023747e-07,0.5123501632242767,3.4132518000005803,2.565168096727825
tg260_mu20_g2048_ns80,260.0,20.0,2048.0,80,0.8,4.0,ok,1.0737437754935574e-05,1.194022279302384e-06,1.360890775124738e-06,0.5123475987916027,2.8659480000023905,2.5690376145903717
tg220_mu16_g2048_ns60,220.0,16.0,2048.0,60,0.8,4.0,ok,9.489379841330061e-06,1.7522654706800877e-06,1.4905601203156436e-06,0.512351800163483,2.1354408000006515,2.569230820527429
tg220_mu20_g3072_ns100,220.0,20.0,3072.0,100,0.85,4.0,ok,8.995920492192183e-06,1.4703867240681701e-06,1.7597219950128386e-06,0.5123812481926848,3.3175582000003487,2.6083316175609617
tg260_mu20_g3072_ns80,260.0,20.0,3072.0,80,0.85,4.0,ok,7.596609426609839e-06,1.2533040404234248e-06,2.1625183413646993e-06,0.5123817210096246,2.754758499999298,2.609374169782919
tg220_mu20_g2048_ns80,220.0,20.0,2048.0,80,0.8,4.0,ok,1.2689663556931602e-05,1.4174916605758382e-06,1.0189553906430815e-06,0.5123466860837221,2.815573799998674,2.684762744202071
tg180_mu16_g2048_ns80,180.0,16.0,2048.0,80,0.8,4.0,ok,1.1598644743590038e-05,1.7383955158197321e-06,1.2038040540604855e-06,0.512349984112607,2.7886006999979145,2.69733947903659
tg220_mu20_g3072_ns80,220.0,20.0,3072.0,80,0.85,4.0,ok,8.977728727064856e-06,1.4769764402613373e-06,1.9304852584434727e-06,0.5123812841243781,2.732987499999581,2.7090630807861276
tg180_mu12_g2560_ns80,180.0,12.0,2560.0,80,0.8,4.0,ok,5.1402275615516775e-06,2.0454059377090057e-06,2.6778194334647065e-06,0.512357955276763,3.339678100001038,2.7096233307215014
tg260_mu20_g2048_ns60,260.0,20.0,2048.0,60,0.8,4.0,ok,1.0721099939175204e-05,1.604587888238109e-06,1.495877971968372e-06,0.5123484542762143,2.2744655999995302,2.7220250974462177
tg180_mu12_g2048_ns80,180.0,12.0,2048.0,80,0.8,4.0,ok,7.988124156165594e-06,1.7391380118746002e-06,2.122108974240045e-06,0.5123548871016835,2.8844202000000223,2.7295480583885405
tg260_mu12_g2048_ns60,260.0,12.0,2048.0,60,0.8,4.0,ok,5.543296172489982e-06,1.4862250124130668e-06,2.8145712268447215e-06,0.5123547571056427,2.150438499997108,2.747573538911204
tg260_mu20_g3072_ns60,260.0,20.0,3072.0,60,0.85,4.0,ok,7.579737973585528e-06,1.2567222981602747e-06,2.437110249671889e-06,0.5123823501663048,2.1895020000010845,2.771822631159795
tg260_mu12_g3072_ns80,260.0,12.0,3072.0,80,0.8,4.0,ok,2.4692456555364282e-06,1.6880537958144507e-06,3.6751666208929053e-06,0.5123578276946724,2.760199199998169,2.858643133087999
tg260_mu16_g3072_ns100,260.0,16.0,3072.0,100,0.85,4.0,ok,5.819801712695345e-06,1.2445531266276645e-06,3.028659491165784e-06,0.5123842093497813,3.58622049999758,2.8713330665073657
tg180_mu20_g3072_ns100,180.0,20.0,3072.0,100,0.85,4.0,ok,1.0994844752757364e-05,1.7974083397492496e-06,1.652803298725226e-06,0.5123805741457934,3.440437400000519,2.8901311309575215
tg220_mu12_g2048_ns60,220.0,12.0,2048.0,60,0.8,4.0,ok,6.550206232833722e-06,1.7553434639239433e-06,2.759690880565651e-06,0.5123556536059414,2.3595075000012002,2.9078757813288485
tg260_mu20_g2560_ns80,260.0,20.0,2560.0,80,0.85,4.0,ok,1.064618663129385e-05,1.2435662295403488e-06,1.981521996797828e-06,0.5123784224905119,2.7318976999995357,2.9361906812665874
tg220_mu20_g3072_ns60,220.0,20.0,3072.0,60,0.85,4.0,ok,8.9576270190848e-06,1.5003547609759798e-06,2.317620236313301e-06,0.5123821258158661,2.2013401000003796,2.9419913806092106
tg180_mu16_g3072_ns80,180.0,16.0,3072.0,80,0.8,4.0,ok,5.045005011994662e-06,2.43746074221761e-06,2.997935110791487e-06,0.5123590723501658,2.991084299999784,2.9586805555835634
tg260_mu20_g2560_ns100,260.0,20.0,2560.0,100,0.85,4.0,ok,1.0663647512531834e-05,1.24535245882978e-06,2.0174780687384626e-06,0.5123784181297821,3.333729299996776,2.9605231715364195
tg180_mu20_g3072_ns80,180.0,20.0,3072.0,80,0.85,4.0,ok,1.0972587330804305e-05,1.7734960291868721e-06,1.799212990547263e-06,0.512380607195322,2.9921775000002526,2.970172117006914
tg220_mu16_g3072_ns100,220.0,16.0,3072.0,100,0.85,4.0,ok,6.877848171393001e-06,1.4706690357827925e-06,2.8802872652778214e-06,0.5123842512146555,3.6116177000003518,2.9752271293466137
tg180_mu20_g3072_ns80,180.0,20.0,3072.0,80,0.8,4.0,ok,6.683566928942249e-06,2.436603850407232e-06,2.6478868098054445e-06,0.5123572593163103,4.309490699997696,2.983868299493794
tg180_mu20_g2048_ns100,180.0,20.0,2048.0,100,0.8,4.0,ok,1.5534560911632358e-05,1.8013580185549724e-06,7.523328009585159e-07,0.5123452134782079,3.3582656999969913,3.0025480933424005
tg260_mu20_g2560_ns60,260.0,20.0,2560.0,60,0.85,4.0,ok,1.0618391599280491e-05,1.2912853419996862e-06,2.106916545585127e-06,0.5123784762886052,2.187945599998784,3.0158815692830983
tg260_mu16_g3072_ns80,260.0,16.0,3072.0,80,0.85,4.0,ok,5.808358802063717e-06,1.2203705469364067e-06,3.301492417697835e-06,0.5123841778629721,2.894600100000389,3.0284928494388135
tg220_mu12_g3072_ns80,220.0,12.0,3072.0,80,0.8,4.0,ok,2.9168079837630556e-06,1.9950660294290337e-06,3.7622648127399754e-06,0.5123583282452466,2.7739661000014166,3.0306268543975494
tg260_mu20_g2560_ns60,260.0,20.0,2560.0,60,0.8,4.0,ok,6.7696315860929555e-06,2.010494503217959e-06,2.845858049037636e-06,0.5123480843534665,2.174333899998601,3.037200872135438
tg220_mu20_g2048_ns60,220.0,20.0,2048.0,60,0.8,4.0,ok,1.2670001682728767e-05,1.8004447902889742e-06,1.5402590334862503e-06,0.5123478058190643,2.1897590999979,3.0633288989982743
tg180_mu20_g2048_ns80,180.0,20.0,2048.0,80,0.8,4.0,ok,1.550946602335487e-05,1.7425211256582953e-06,9.059058038002288e-07,0.5123453080937503,2.7545255000004545,3.0801225950551814
tg220_mu20_g2560_ns80,220.0,20.0,2560.0,80,0.85,4.0,ok,1.2581786466389675e-05,1.4700072872514061e-06,1.7560843095486693e-06,0.5123773584550348,2.76893679999921,3.1197559085122446
tg220_mu16_g3072_ns80,220.0,16.0,3072.0,80,0.85,4.0,ok,6.864274319668139e-06,1.4488217469846552e-06,3.1548596827883024e-06,0.5123842278462045,3.1374283000004652,3.1335463648286086
tg220_mu20_g2560_ns100,220.0,20.0,2560.0,100,0.85,4.0,ok,1.2602421152031485e-05,1.471580933232364e-06,1.799548433409761e-06,0.5123773531673901,3.3214350000016566,3.148995283910093
tg180_mu16_g2048_ns60,180.0,16.0,2048.0,60,0.8,4.0,ok,1.1597561026453751e-05,2.139857954097477e-06,1.8805403656044972e-06,0.5123516668824042,2.206496499999048,3.174899898970183
tg260_mu16_g2560_ns80,260.0,16.0,2560.0,80,0.85,4.0,ok,8.139358076714977e-06,1.2444422370011995e-06,3.018411491764015e-06,0.512381947413844,2.7150667999994766,3.1974556038142827
tg220_mu20_g2560_ns60,220.0,20.0,2560.0,60,0.85,4.0,ok,1.2548873426349369e-05,1.4854795988589415e-06,1.897228655704562e-06,0.5123774193674598,2.143693499998335,3.2022760130256525
tg260_mu16_g3072_ns60,260.0,16.0,3072.0,60,0.85,4.0,ok,5.799202880675552e-06,1.2801978352361025e-06,3.5914332109048167e-06,0.5123848728839937,2.104637799999182,3.21147504263449
tg180_mu16_g3072_ns100,180.0,16.0,3072.0,100,0.85,4.0,ok,8.406070774211773e-06,1.7974089162147024e-06,2.828792346075617e-06,0.5123842750704025,3.3642803999973694,3.222699419243451
tg260_mu16_g2560_ns100,260.0,16.0,2560.0,100,0.85,4.0,ok,8.152225927848972e-06,1.2451926983366477e-06,3.0795540992604145e-06,0.512381951940427,3.422818600000028,3.2360070474744633
tg260_mu16_g2560_ns60,260.0,16.0,2560.0,60,0.8,4.0,ok,5.019753961255742e-06,2.0121106511989057e-06,3.6690742250404265e-06,0.5123511535568624,2.190732499999285,3.2792256971663543
tg180_mu12_g2048_ns60,180.0,12.0,2048.0,60,0.8,4.0,ok,8.005049271405527e-06,2.1454884698767338e-06,2.9301447707694766e-06,0.5123561623057727,2.112906899998052,3.28911162374483
tg180_mu20_g3072_ns60,180.0,20.0,3072.0,60,0.85,4.0,ok,1.0947941333301049e-05,1.8578073548356997e-06,2.390117667104126e-06,0.5123816858704161,2.741436899999826,3.335401752336392
tg260_mu16_g2560_ns60,260.0,16.0,2560.0,60,0.85,4.0,ok,8.11932538307273e-06,1.2492158303862067e-06,3.2676787379451625e-06,0.512382012429665,2.1557523000010406,3.344549762287704
tg220_mu16_g2560_ns80,220.0,16.0,2560.0,80,0.85,4.0,ok,9.619172944340729e-06,1.4704839883134336e-06,2.8703568443110655e-06,0.5123815551144325,2.7646172999993723,3.3619437420097036
tg220_mu16_g3072_ns60,220.0,16.0,3072.0,60,0.85,4.0,ok,6.853398056712841e-06,1.5133979764980362e-06,3.528800994305835e-06,0.5123851277324375,2.262552799998957,3.367388885004002
tg180_mu16_g3072_ns80,180.0,16.0,3072.0,80,0.85,4.0,ok,8.389518079375938e-06,1.7764245632081678e-06,3.0929343510229917e-06,0.5123842574146416,2.8014804999984335,3.3745098662826187
tg220_mu16_g2560_ns100,220.0,16.0,2560.0,100,0.85,4.0,ok,9.63436775868619e-06,1.4716061840714462e-06,2.9340872297291007e-06,0.5123815538189685,3.5116225999991,3.4024439036940457
tg180_mu12_g3072_ns80,180.0,12.0,3072.0,80,0.8,4.0,ok,3.562451679636594e-06,2.4386252867972235e-06,4.12810162337529e-06,0.5123590415019121,2.8030641000004834,3.4225162137557708
tg180_mu20_g2560_ns80,180.0,20.0,2560.0,80,0.85,4.0,ok,1.5377591928427693e-05,1.7970038875519736e-06,1.6506586980769924e-06,0.5123757507022271,3.015438099999301,3.5165957970563744
tg220_mu16_g2560_ns60,220.0,16.0,2560.0,60,0.85,4.0,ok,9.595378550212427e-06,1.4803622617136643e-06,3.138680569494783e-06,0.5123816225155938,2.1486355000015465,3.520824834545569
tg180_mu20_g2560_ns100,180.0,20.0,2560.0,100,0.85,4.0,ok,1.5402811912778307e-05,1.7982697410528913e-06,1.6980240533797789e-06,0.5123757439193714,3.2739140999983647,3.54876957325621
tg220_mu20_g2560_ns60,220.0,20.0,2560.0,60,0.8,4.0,ok,7.998564785874717e-06,2.376131791685471e-06,3.3253324425985625e-06,0.5123474708359713,2.1775993000010203,3.5664606365327334
tg180_mu20_g2560_ns60,180.0,20.0,2560.0,60,0.85,4.0,ok,1.5337334643452484e-05,1.8031831441983203e-06,1.862779953023662e-06,0.5123758238282956,2.2099775000024238,3.6388296957994672
tg260_mu20_g2048_ns80,260.0,20.0,2048.0,80,0.85,4.0,ok,1.5634915637552476e-05,1.2453078505207271e-06,2.024997681549403e-06,0.5123734110106396,2.8746785999974236,3.6771383607646255
tg260_mu20_g2048_ns100,260.0,20.0,2048.0,100,0.85,4.0,ok,1.5656715563602763e-05,1.245018553585627e-06,2.0237689829331274e-06,0.5123734224736132,3.331077599999844,3.67947367301642
tg180_mu16_g3072_ns60,180.0,16.0,3072.0,60,0.85,4.0,ok,8.376037843137584e-06,1.8496857051768871e-06,3.5951681852175418e-06,0.5123853864133152,2.2244452000013553,3.68629397445234
tg180_mu20_g2048_ns60,180.0,20.0,2048.0,60,0.8,4.0,ok,1.5485188647658267e-05,2.083320604456663e-06,1.8298875738635623e-06,0.512346716256569,2.2209884000003512,3.69122732665362
tg260_mu20_g2048_ns60,260.0,20.0,2048.0,60,0.85,4.0,ok,1.5599377323716205e-05,1.2340537950785314e-06,2.069978776064962e-06,0.512373392506542,2.2446664000017336,3.6969080279046698
tg220_mu16_g2560_ns60,220.0,16.0,2560.0,60,0.8,4.0,ok,5.930292512514949e-06,2.3781556889548384e-06,4.045535886381763e-06,0.512350937950058,2.1520058999994944,3.701334067906297
tg180_mu16_g2560_ns80,180.0,16.0,2560.0,80,0.85,4.0,ok,1.175660868699113e-05,1.791650845270943e-06,2.882180140710067e-06,0.5123809289415217,2.812228099999629,3.7335454432034694
tg180_mu16_g2560_ns100,180.0,16.0,2560.0,100,0.85,4.0,ok,1.1775180909012271e-05,1.7985458231846688e-06,2.8840275517884923e-06,0.5123809262980055,3.447489099999075,3.7385634887398744
tg260_mu16_g2048_ns100,260.0,16.0,2048.0,100,0.85,4.0,ok,1.1994514878283601e-05,1.2450226031771227e-06,3.0724478656267073e-06,0.5123784614218969,3.337000800001988,3.7821268387974225
tg260_mu16_g2048_ns80,260.0,16.0,2048.0,80,0.85,4.0,ok,1.1978503427376136e-05,1.245278554342292e-06,3.08274293458278e-06,0.5123784523751289,2.7411676999981864,3.786037612322225
tg260_mu16_g2048_ns60,260.0,16.0,2048.0,60,0.85,4.0,ok,1.1952589204480905e-05,1.238302365232797e-06,3.1453024906492754e-06,0.51237843205321,2.139188799999829,3.8184774385309286
tg180_mu16_g2560_ns60,180.0,16.0,2560.0,60,0.85,4.0,ok,1.172754479002983e-05,1.80927168059623e-06,3.1120410557107576e-06,0.5123810080073514,2.2341204000003927,3.870072137160001
tg220_mu20_g2048_ns80,220.0,20.0,2048.0,80,0.85,4.0,ok,1.8477590770170908e-05,1.4714793157833463e-06,1.8110229801956685e-06,0.5123713724602816,2.7326200999996217,3.9974480360808813
tg220_mu20_g2048_ns100,220.0,20.0,2048.0,100,0.85,4.0,ok,1.8503354740358615e-05,1.4712281952367388e-06,1.808606274360067e-06,0.5123713861711255,3.3048553000007814,3.999647532095458
tg220_mu20_g2048_ns60,220.0,20.0,2048.0,60,0.85,4.0,ok,1.8435592328433036e-05,1.4604914057592904e-06,1.8482671498600644e-06,0.5123713514952579,2.327374799999234,4.011712890540566
tg220_mu16_g2048_ns100,220.0,16.0,2048.0,100,0.85,4.0,ok,1.4175280721741853e-05,1.4713678953453073e-06,2.9282128306478416e-06,0.5123773813054264,3.2945770999976958,4.04936479048964
tg220_mu16_g2048_ns80,220.0,16.0,2048.0,80,0.85,4.0,ok,1.4156357831366668e-05,1.4716829656996716e-06,2.938952299584633e-06,0.5123773706487661,2.7736780000013823,4.053135058645127
tg220_mu16_g2048_ns60,220.0,16.0,2048.0,60,0.85,4.0,ok,1.4125733057331696e-05,1.4624555180283237e-06,3.001330755379004e-06,0.5123773449734381,2.175311999999394,4.084382801538079
tg260_mu12_g2560_ns60,260.0,12.0,2560.0,60,0.8,4.0,ok,3.470831836374546e-06,2.0152488042533296e-06,5.543294680487902e-06,0.5123528437941567,2.130544799998461,4.178960770445633
tg260_mu20_g3072_ns80,260.0,20.0,3072.0,80,0.9,4.0,ok,1.1353535458009539e-05,1.2461109107445896e-06,3.9312170132535055e-06,0.5124552553701315,2.7439303000028303,4.204169150136679
tg260_mu20_g3072_ns60,260.0,20.0,3072.0,60,0.9,4.0,ok,1.1323529877920575e-05,1.2463673109551171e-06,3.940450664658261e-06,0.512455259676408,2.1427936000000045,4.205440494752847
tg260_mu20_g3072_ns100,260.0,20.0,3072.0,100,0.9,4.0,ok,1.1372212788630832e-05,1.246117235298739e-06,3.93120651731686e-06,0.5124552504425486,3.3454388999998628,4.206839516208644
tg180_mu16_g2560_ns60,180.0,16.0,2560.0,60,0.8,4.0,ok,7.2467224821499405e-06,2.9069303693213685e-06,4.8386039387673155e-06,0.5123506202907926,2.223209699997824,4.460337217944769
tg220_mu12_g2560_ns60,220.0,12.0,2560.0,60,0.8,4.0,ok,4.100319551857555e-06,2.3814720716302814e-06,5.779437970152428e-06,0.5123529622240044,2.2502678999990167,4.476911509129081
tg220_mu20_g3072_ns80,220.0,20.0,3072.0,80,0.9,4.0,ok,1.3417760131526623e-05,1.4725418796731213e-06,3.828498946345343e-06,0.512453929696847,2.736396299998887,4.479561287030842
tg180_mu20_g2560_ns60,180.0,20.0,2560.0,60,0.8,4.0,ok,9.774852140113033e-06,2.904297004768985e-06,4.2662933642026494e-06,0.5123465739721914,2.145465499997954,4.4796874102579824
tg220_mu20_g3072_ns60,220.0,20.0,3072.0,60,0.9,4.0,ok,1.3382299110528965e-05,1.4728333597507322e-06,3.838113096298476e-06,0.5124539349577275,2.1485027999988233,4.480285113343321
tg220_mu20_g3072_ns100,220.0,20.0,3072.0,100,0.9,4.0,ok,1.3439833554183129e-05,1.4725484487691822e-06,3.8285035101655205e-06,0.5124539237358762,3.29633240000112,4.482727189643618
tg260_mu12_g3072_ns100,260.0,12.0,3072.0,100,0.85,4.0,ok,4.154010254563682e-06,1.2450882733440458e-06,6.1297250477827566e-06,0.5123866225549736,3.279776800001855,4.487678499651601
tg180_mu16_g2048_ns100,180.0,16.0,2048.0,100,0.85,4.0,ok,1.732522366597264e-05,1.7982355066027946e-06,2.8802601463294232e-06,0.5123757436272448,3.3658402000000933,4.5312876549797885
tg180_mu16_g2048_ns80,180.0,16.0,2048.0,80,0.85,4.0,ok,1.7302095456648884e-05,1.7985891669636223e-06,2.8912148960079424e-06,0.5123757307389997,2.737657499998022,4.534591297005205
tg180_mu16_g2048_ns60,180.0,16.0,2048.0,60,0.85,4.0,ok,1.7264664619009315e-05,1.7872541464446547e-06,2.947674934952579e-06,0.5123756984756294,2.2659529999982624,4.5609411652401874
tg220_mu12_g3072_ns100,220.0,12.0,3072.0,100,0.85,4.0,ok,4.909197341224166e-06,1.4723615798043594e-06,6.0362941754443745e-06,0.5123870954184224,3.4434078999984195,4.581261342444217
tg180_mu20_g2048_ns80,180.0,20.0,2048.0,80,0.85,4.0,ok,2.258362357456021e-05,1.7980430115406627e-06,1.7170154779443079e-06,0.5123683207292582,2.825838599997951,4.588726691046115
tg180_mu20_g2048_ns100,180.0,20.0,2048.0,100,0.85,4.0,ok,2.2615113641938632e-05,1.7978459848946694e-06,1.7123130569784245e-06,0.5123683375256487,3.37037810000038,4.590389091052044
tg180_mu20_g2048_ns60,180.0,20.0,2048.0,60,0.85,4.0,ok,2.2532294326513754e-05,1.7874306138033735e-06,1.735876030643478e-06,0.512368296356534,2.198729200001253,4.590727174016529
tg260_mu12_g3072_ns80,260.0,12.0,3072.0,80,0.85,4.0,ok,4.145988045248058e-06,1.22869721381963e-06,6.469158057282992e-06,0.5123865647635322,2.7596502999986114,4.68657990599819
tg260_mu12_g2560_ns80,260.0,12.0,2560.0,80,0.85,4.0,ok,5.7776740964263335e-06,1.2490567530158382e-06,6.1583568707061026e-06,0.512385310515803,2.7634408000012627,4.738112293573355
tg260_mu12_g2560_ns100,260.0,12.0,2560.0,100,0.85,4.0,ok,5.786561985956374e-06,1.2456824094955497e-06,6.166461956985832e-06,0.5123853196427498,3.331090399999084,4.743620430413836
tg260_mu20_g2560_ns60,260.0,20.0,2560.0,60,0.9,4.0,ok,1.5184847089020546e-05,1.2467271861699809e-06,3.933765530574656e-06,0.5124513943279925,2.150536599998304,4.754634206325718
tg260_mu20_g2560_ns80,260.0,20.0,2560.0,80,0.9,4.0,ok,1.5220615117779403e-05,1.2467461172413808e-06,3.933614514025705e-06,0.51245140139018,2.7332446000000346,4.759671024456747
tg260_mu20_g2560_ns100,260.0,20.0,2560.0,100,0.9,4.0,ok,1.5242408364029873e-05,1.2467594638200447e-06,3.933625587490006e-06,0.5124514062854039,3.323985700000776,4.762801917214336
tg180_mu12_g3072_ns100,180.0,12.0,3072.0,100,0.85,4.0,ok,5.999933949246752e-06,1.8001732619819522e-06,5.980706221582846e-06,0.5123877532959891,3.433633099997678,4.763811030518021
tg220_mu12_g3072_ns80,220.0,12.0,3072.0,80,0.85,4.0,ok,4.899657471327094e-06,1.452009412362731e-06,6.376100077531164e-06,0.5123870457523617,2.7633072000026004,4.779448781483392
tg220_mu12_g2560_ns80,220.0,12.0,2560.0,80,0.85,4.0,ok,6.828058870236707e-06,1.4741698941934916e-06,6.066982646230363e-06,0.5123855265018121,2.9791564000006474,4.874819421127816
tg220_mu12_g2560_ns100,220.0,12.0,2560.0,100,0.85,4.0,ok,6.838574569587114e-06,1.4722349623213796e-06,6.071657918042031e-06,0.5123855347604537,3.551424400000542,4.878770726376592
tg260_mu12_g3072_ns60,260.0,12.0,3072.0,60,0.85,4.0,ok,4.1429418274225085e-06,1.2810172980751047e-06,6.802110316313329e-06,0.5123872728844895,2.129387699998915,4.894800342900778
tg260_mu12_g2560_ns60,260.0,12.0,2560.0,60,0.85,4.0,ok,5.764037006003758e-06,1.295405032377213e-06,6.482718436756719e-06,0.5123854308465339,2.14577780000036,4.938592286862454
tg180_mu20_g3072_ns60,180.0,20.0,3072.0,60,0.9,4.0,ok,1.6356017081399772e-05,1.7998828035467442e-06,3.814930225310719e-06,0.5124519345699472,2.4539487000001827,4.951812894870936
tg180_mu20_g3072_ns80,180.0,20.0,3072.0,80,0.9,4.0,ok,1.6399358011424217e-05,1.7995360541836497e-06,3.8050142011973254e-06,0.5124519277275298,2.897691300000588,4.952027248287563
tg180_mu20_g3072_ns100,180.0,20.0,3072.0,100,0.9,4.0,ok,1.642633693006159e-05,1.7995429940502576e-06,3.805045204927113e-06,0.5124519201601859,3.520541999998386,4.955911736783092
tg180_mu12_g3072_ns80,180.0,12.0,3072.0,80,0.85,4.0,ok,5.988315942425815e-06,1.7745487611420858e-06,6.314769820322014e-06,0.5123877097721983,2.8757976000015333,4.957308266652829
tg220_mu12_g3072_ns60,220.0,12.0,3072.0,60,0.85,4.0,ok,4.895922029706974e-06,1.5139810758064451e-06,6.7391120971088595e-06,0.5123879553694829,2.219979900000908,5.0073038036630475
tg180_mu12_g2560_ns60,180.0,12.0,2560.0,60,0.8,4.0,ok,5.0094128312414174e-06,2.9105866700103667e-06,6.334488534625218e-06,0.512353126787458,2.28859200000079,5.035258466622029
tg220_mu12_g2560_ns60,220.0,12.0,2560.0,60,0.85,4.0,ok,6.811932378575497e-06,1.523285703906488e-06,6.3999418369890194e-06,0.5123856739422245,2.272792499999923,5.080588163282831
tg180_mu12_g2560_ns80,180.0,12.0,2560.0,80,0.85,4.0,ok,8.345234599303097e-06,1.799812212356722e-06,6.012934569970277e-06,0.5123858036154645,3.7616942999993626,5.118982729333312
tg180_mu12_g2560_ns100,180.0,12.0,2560.0,100,0.85,4.0,ok,8.358087973677155e-06,1.7992389339694586e-06,6.01725242368418e-06,0.5123858102774027,4.31916640000054,5.123302485540298
tg260_mu12_g2048_ns100,260.0,12.0,2048.0,100,0.85,4.0,ok,8.502743652392313e-06,1.246087537209649e-06,6.163520052090015e-06,0.5123832797763511,3.2857579000010446,5.13102266060787
tg220_mu20_g2560_ns60,220.0,20.0,2560.0,60,0.9,4.0,ok,1.794571559533593e-05,1.4732044039410984e-06,3.833299689690217e-06,0.5124493088988219,2.2310254000003624,5.131174908399977
tg260_mu12_g2048_ns80,260.0,12.0,2048.0,80,0.85,4.0,ok,8.491682868783714e-06,1.246220212066227e-06,6.168353678169655e-06,0.5123832730363486,2.734110099998361,5.132353508282616
tg220_mu20_g2560_ns80,220.0,20.0,2560.0,80,0.9,4.0,ok,1.7987987885536082e-05,1.4732218184148317e-06,3.8331611696891825e-06,0.5124493168408144,2.7845766999998887,5.137150649835593
tg220_mu20_g2560_ns100,220.0,20.0,2560.0,100,0.9,4.0,ok,1.8013744452911326e-05,1.4732352897533318e-06,3.833192131822976e-06,0.5124493226491459,3.3173499000004085,5.140861200317881
tg260_mu12_g2048_ns60,260.0,12.0,2048.0,60,0.85,4.0,ok,8.473809904449971e-06,1.251069394358081e-06,6.238354627371629e-06,0.5123832518062306,2.2005661000002874,5.172544514829192
tg180_mu12_g3072_ns60,180.0,12.0,3072.0,60,0.85,4.0,ok,5.983651408132427e-06,1.8504545455962607e-06,6.728927780171659e-06,0.5123888487821918,2.2260710000009567,5.2181539924276095
tg180_mu12_g2560_ns60,180.0,12.0,2560.0,60,0.85,4.0,ok,8.325390717355685e-06,1.852302383541465e-06,6.357925675211385e-06,0.5123859855697457,2.30663469999854,5.332028739429285
tg220_mu12_g2048_ns100,220.0,12.0,2048.0,100,0.85,4.0,ok,1.0048625656832111e-05,1.472440875597264e-06,6.0726047597022675e-06,0.5123830911801289,3.5503940000016883,5.339208714603375
tg220_mu12_g2048_ns80,220.0,12.0,2048.0,80,0.85,4.0,ok,1.0035553941560876e-05,1.472783189394374e-06,6.077770621501312e-06,0.5123830831045412,2.8595768000013777,5.340488307840067
tg260_mu16_g3072_ns80,260.0,16.0,3072.0,80,0.9,4.0,ok,8.857501253138865e-06,1.2471480664445957e-06,6.456751117365831e-06,0.5124591929531539,3.11356120000346,5.357426830660783
tg260_mu16_g3072_ns100,260.0,16.0,3072.0,100,0.9,4.0,ok,8.87163074570332e-06,1.2471598789131272e-06,6.45658541651625e-06,0.5124591914011888,3.48147550000067,5.359353889621166
tg260_mu16_g3072_ns60,260.0,16.0,3072.0,60,0.9,4.0,ok,8.83500856916268e-06,1.2472174636438833e-06,6.468332876244925e-06,0.5124591929292415,2.1890796999978193,5.361144908043018
tg220_mu12_g2048_ns60,220.0,12.0,2048.0,60,0.85,4.0,ok,1.0014430143025707e-05,1.4759957766725163e-06,6.149795907803584e-06,0.5123830614092031,2.248924600000464,5.381127157039628
tg220_mu16_g3072_ns80,220.0,16.0,3072.0,80,0.9,4.0,ok,1.0467890187401606e-05,1.4736904413661413e-06,6.38357267094396e-06,0.5124585998380462,2.946495899999718,5.585496841092453
tg220_mu16_g3072_ns100,220.0,16.0,3072.0,100,0.9,4.0,ok,1.0484588732577734e-05,1.4737036389175616e-06,6.383406754476113e-06,0.512458597976222,3.432737300001463,5.587792035028169
tg220_mu16_g3072_ns60,220.0,16.0,3072.0,60,0.9,4.0,ok,1.0441307769198404e-05,1.473877478291893e-06,6.395368802539028e-06,0.5124585999484209,2.5428129000029003,5.58877866733976
tg260_mu20_g2048_ns60,260.0,20.0,2048.0,60,0.9,4.0,ok,2.137245055843711e-05,1.2482371428172562e-06,3.938399462184985e-06,0.5124457598645981,2.2566359999982524,5.644043693578264
tg260_mu20_g2048_ns80,260.0,20.0,2048.0,80,0.9,4.0,ok,2.1416610646624608e-05,1.2483213754556918e-06,3.938414566684347e-06,0.5124457709752818,2.772267500000453,5.65039388640986
tg260_mu20_g2048_ns100,260.0,20.0,2048.0,100,0.9,4.0,ok,2.144337489683132e-05,1.2483750465311361e-06,3.938424154962995e-06,0.5124457737190568,3.3550090999997337,5.65424330416671
tg180_mu12_g2048_ns80,180.0,12.0,2048.0,80,0.85,4.0,ok,1.226553798344346e-05,1.799824904351932e-06,6.023252366780333e-06,0.51238275634616,2.8011531999982253,5.686733160890988
tg180_mu12_g2048_ns100,180.0,12.0,2048.0,100,0.85,4.0,ok,1.2281513574456826e-05,1.7993787816159017e-06,6.020146667354906e-06,0.5123827662605134,3.4717761000028986,5.687082948621568
tg180_mu12_g2048_ns60,180.0,12.0,2048.0,60,0.85,4.0,ok,1.2239716840825752e-05,1.8009537260446827e-06,6.098864438768596e-06,0.5123827346170957,2.155370000000403,5.728465968386573
tg180_mu20_g2560_ns60,180.0,20.0,2560.0,60,0.9,4.0,ok,2.193358717282941e-05,1.8002307025081363e-06,3.813402841614118e-06,0.5124461763519242,2.3102983000026143,5.749939726265702
tg180_mu20_g2560_ns80,180.0,20.0,2560.0,80,0.9,4.0,ok,2.1985255050887054e-05,1.8002489767086952e-06,3.813306099928889e-06,0.5124461850271766,2.850215599999501,5.75728651477352
tg180_mu20_g2560_ns100,180.0,20.0,2560.0,100,0.9,4.0,ok,2.2016736608430838e-05,1.8002624318714448e-06,3.8133681349570143e-06,0.5124461920525218,3.4042855000006966,5.761835743131673
tg260_mu16_g2560_ns60,260.0,16.0,2560.0,60,0.9,4.0,ok,1.184991225136709e-05,1.248375534177525e-06,6.458849405182971e-06,0.5124565226146122,2.1344619000010425,5.787562563866222
tg260_mu16_g2560_ns80,260.0,16.0,2560.0,80,0.9,4.0,ok,1.1876787415978872e-05,1.2484204155778055e-06,6.458740150926519e-06,0.5124565299059601,2.7397286999985226,5.791355188695349
tg260_mu16_g2560_ns100,260.0,16.0,2560.0,100,0.9,4.0,ok,1.1893261381843583e-05,1.2484506070861874e-06,6.458747993579598e-06,0.5124565345995233,3.307451699998637,5.793725231496419
tg180_mu16_g3072_ns80,180.0,16.0,3072.0,80,0.9,4.0,ok,1.279394905376993e-05,1.800848037120397e-06,6.354544486223632e-06,0.5124576776874546,2.845412899998337,5.960771916444532
tg180_mu16_g3072_ns60,180.0,16.0,3072.0,60,0.9,4.0,ok,1.2761459113054983e-05,1.8010907475531688e-06,6.366615724797497e-06,0.5124576780394442,2.241988900001161,5.963382166826001
tg180_mu16_g3072_ns100,180.0,16.0,3072.0,100,0.9,4.0,ok,1.2814358477866027e-05,1.8008624156227902e-06,6.354401742715193e-06,0.512457675343736,3.4150766000020667,5.963612762537929
tg220_mu16_g2560_ns60,220.0,16.0,2560.0,60,0.9,4.0,ok,1.4004408289442023e-05,1.475019858301569e-06,6.3878312401148e-06,0.5124554010120176,2.1743143999992753,6.094885641501335
tg220_mu16_g2560_ns80,220.0,16.0,2560.0,80,0.9,4.0,ok,1.4036170475778165e-05,1.4750676601062623e-06,6.387752170429154e-06,0.5124554094302596,2.754759000003105,6.09939690882513
tg220_mu16_g2560_ns100,220.0,16.0,2560.0,100,0.9,4.0,ok,1.4055640204578863e-05,1.475099912565805e-06,6.387782119021443e-06,0.5124554150752654,3.511127400000987,6.1022096863035165
tg260_mu20_g3072_ns60,260.0,20.0,3072.0,60,0.8,4.0,ok,4.35701611563229e-06,3.255219447339446e-06,8.282918432123283e-06,0.5123501760002908,2.1796926999995776,6.169845520712447
tg220_mu20_g2048_ns60,220.0,20.0,2048.0,60,0.9,4.0,ok,2.5258456931599797e-05,1.4747791623835988e-06,3.841910546041912e-06,0.5124425474518215,2.2631312999983493,6.1841489671727246
tg220_mu20_g2048_ns80,220.0,20.0,2048.0,80,0.9,4.0,ok,2.531064821575601e-05,1.4748648020750485e-06,3.841982991371918e-06,0.5124425594290969,2.7573817999982566,6.191684168297987
tg220_mu20_g2048_ns100,220.0,20.0,2048.0,100,0.9,4.0,ok,2.5342280066746865e-05,1.4749191691728022e-06,3.842028410867667e-06,0.512442562051183,3.32813779999924,6.196252419916809
tg260_mu16_g2048_ns60,260.0,16.0,2048.0,60,0.9,4.0,ok,1.6699042885865e-05,1.2516114894429293e-06,6.463391813472384e-06,0.5124526437695949,2.182810199999949,6.485496959863411
tg260_mu16_g2048_ns80,260.0,16.0,2048.0,80,0.9,4.0,ok,1.673225553124598e-05,1.251796568039662e-06,6.463395957590038e-06,0.5124526645736331,2.7412369000012404,6.490290715201234
tg260_mu16_g2048_ns100,260.0,16.0,2048.0,100,0.9,4.0,ok,1.6752496918375617e-05,1.2519123646880834e-06,6.463395989363532e-06,0.5124526719648989,3.3155755999978282,6.4932113142735375
tg180_mu16_g2560_ns60,180.0,16.0,2560.0,60,0.9,4.0,ok,1.7116408702716778e-05,1.802297347147387e-06,6.362484908621486e-06,0.5124536916491386,2.2138898000011977,6.5849695196927716
tg180_mu16_g2560_ns80,180.0,16.0,2560.0,80,0.9,4.0,ok,1.7155230141528526e-05,1.802348948713282e-06,6.362434314481061e-06,0.5124537015427904,2.7543836000004376,6.590509735304753
tg180_mu16_g2560_ns100,180.0,16.0,2560.0,100,0.9,4.0,ok,1.7179027388225554e-05,1.8023832111438803e-06,6.362500720160411e-06,0.5124537085239864,3.502216299999418,6.593964593770597
tg220_mu16_g2048_ns60,220.0,16.0,2048.0,60,0.9,4.0,ok,1.9735286010131767e-05,1.4784834012733684e-06,6.396354077735655e-06,0.5124507447643288,2.167685899999924,6.921550972112419
tg220_mu16_g2048_ns80,220.0,16.0,2048.0,80,0.9,4.0,ok,1.97745387517239e-05,1.4786807925055236e-06,6.396422989530787e-06,0.5124507685246051,2.7470304999988002,6.927250937652584
tg220_mu16_g2048_ns100,220.0,16.0,2048.0,100,0.9,4.0,ok,1.9798461284508725e-05,1.478804626489978e-06,6.396463516117381e-06,0.5124507769698752,3.3490228000009665,6.930724536116097
tg220_mu20_g3072_ns60,220.0,20.0,3072.0,60,0.8,4.0,ok,5.141904656006021e-06,3.846767147013802e-06,9.270315816742688e-06,0.5123498020356811,2.1745393999990483,6.980346197656586
tg180_mu20_g2048_ns60,180.0,20.0,2048.0,60,0.9,4.0,ok,3.0871569051200485e-05,1.801826651391775e-06,3.828175603846823e-06,0.5124377339449844,2.139413600001717,7.0394161960945905
tg180_mu20_g2048_ns80,180.0,20.0,2048.0,80,0.9,4.0,ok,3.093536214223777e-05,1.8019105900325743e-06,3.828337192325602e-06,0.5124377471976016,2.724810499999876,7.0486663468993775
tg180_mu20_g2048_ns100,180.0,20.0,2048.0,100,0.9,4.0,ok,3.097402575043588e-05,1.8019634783488932e-06,3.828435125950286e-06,0.5124377497869059,3.383135400003084,7.054273027641846
tg260_mu16_g3072_ns60,260.0,16.0,3072.0,60,0.8,4.0,ok,3.301432520547463e-06,3.2569028073097936e-06,1.0119974657087203e-05,0.5123513945748548,2.116602199999761,7.117756795199908
tg180_mu16_g2048_ns60,180.0,16.0,2048.0,60,0.9,4.0,ok,2.4120952786119586e-05,1.806010616522939e-06,6.3775651399296996e-06,0.5124478699131856,2.198055699998804,7.598052946032002
tg180_mu16_g2048_ns80,180.0,16.0,2048.0,80,0.9,4.0,ok,2.416893106206166e-05,1.8062198225914523e-06,6.377741795460811e-06,0.5124478974624139,2.7871405000005325,7.605069421364629
tg180_mu16_g2048_ns100,180.0,16.0,2048.0,100,0.9,4.0,ok,2.419817124886218e-05,1.8063513073650818e-06,6.377849277126208e-06,0.512447907322404,3.375200800001039,7.609346202904677
tg220_mu16_g3072_ns60,220.0,16.0,3072.0,60,0.8,4.0,ok,3.892044089539309e-06,3.848556621604608e-06,1.093327012145862e-05,0.5123512496562345,2.1755943999996816,7.79630966788985
tg180_mu20_g3072_ns60,180.0,20.0,3072.0,60,0.8,4.0,ok,6.281564723293642e-06,4.7010898053837855e-06,1.0918879149311228e-05,0.51234924183511,2.8565688999988197,8.284874601158924
tg260_mu12_g3072_ns80,260.0,12.0,3072.0,80,0.9,4.0,ok,6.453691876607742e-06,1.248456171188534e-06,1.265566107447075e-05,0.5124631537581888,2.7233159999996133,8.721136145251293
tg260_mu12_g3072_ns100,260.0,12.0,3072.0,100,0.9,4.0,ok,6.463742399544267e-06,1.2484767293100742e-06,1.2655863648678055e-05,0.5124631537971412,3.307172900000296,8.722700767585916
tg260_mu12_g3072_ns60,260.0,12.0,3072.0,60,0.9,4.0,ok,6.4377806274614734e-06,1.2483990562450697e-06,1.2671488852878328e-05,0.5124631512603661,2.140423799999553,8.728313730704699
tg220_mu12_g3072_ns80,220.0,12.0,3072.0,80,0.9,4.0,ok,7.627012753966622e-06,1.4752319013572112e-06,1.2607026247922921e-05,0.5124632552258576,2.745411600000807,8.901319819312002
tg220_mu12_g3072_ns100,220.0,12.0,3072.0,100,0.9,4.0,ok,7.638890650539687e-06,1.475254789822402e-06,1.2607241962735958e-05,0.5124632551902759,3.382580000001326,8.903154493007799
tg220_mu12_g3072_ns60,220.0,12.0,3072.0,60,0.9,4.0,ok,7.608208350529904e-06,1.4752001756572317e-06,1.2622836835881456e-05,0.512463252376605,2.190496000002895,8.908077295571374
tg180_mu16_g3072_ns60,180.0,16.0,3072.0,60,0.8,4.0,ok,4.752743398354683e-06,4.7033316201853565e-06,1.2352013293620814e-05,0.5123510373462136,2.3929600000010396,8.923495077143894
tg260_mu12_g2560_ns60,260.0,12.0,2560.0,60,0.9,4.0,ok,8.616185700317862e-06,1.25065475421932e-06,1.2658191790873308e-05,0.5124616407309476,2.167732800000522,9.032822759477467
tg260_mu12_g2560_ns80,260.0,12.0,2560.0,80,0.9,4.0,ok,8.635301410825008e-06,1.250736967850724e-06,1.2658039401252323e-05,0.5124616469044562,2.7744292999996105,9.035484837104903
tg260_mu12_g2560_ns100,260.0,12.0,2560.0,100,0.9,4.0,ok,8.647014577699493e-06,1.250789327947173e-06,1.2658047048866322e-05,0.5124616521070213,3.3038137999974424,9.03717681439249
tg180_mu12_g3072_ns80,180.0,12.0,3072.0,80,0.9,4.0,ok,9.321751352725907e-06,1.8027076669573323e-06,1.2575926744612514e-05,0.5124633562316491,2.9824880000014673,9.184978227752651
tg180_mu12_g3072_ns100,180.0,12.0,3072.0,100,0.9,4.0,ok,9.336268807607187e-06,1.8027336146065373e-06,1.2576164778374579e-05,0.5124633560347126,3.3905444999982137,9.187204919188812
tg180_mu12_g3072_ns60,180.0,12.0,3072.0,60,0.9,4.0,ok,9.29876787097093e-06,1.8027288874316334e-06,1.2591713559899661e-05,0.5124633528763967,2.2420052999987092,9.191132457564075
tg220_mu12_g2560_ns60,220.0,12.0,2560.0,60,0.9,4.0,ok,1.0182710655572302e-05,1.477667120554375e-06,1.2611442651257108e-05,0.5124614366029578,2.3213121999979194,9.270503127194074
tg220_mu12_g2560_ns80,220.0,12.0,2560.0,80,0.9,4.0,ok,1.0205302359857376e-05,1.477758699091697e-06,1.2611320586015766e-05,0.5124614438586321,2.870792800000345,9.27368297440162
tg220_mu12_g2560_ns100,220.0,12.0,2560.0,100,0.9,4.0,ok,1.0219145460771043e-05,1.4778168213894018e-06,1.2611346471138526e-05,0.5124614499817974,3.4857058999987203,9.275692016420248
tg260_mu12_g3072_ns60,260.0,12.0,3072.0,60,0.8,4.0,ok,2.549579290283772e-06,3.2575172343441793e-06,1.398821292196616e-05,0.5123524919318295,2.158007899997756,9.323913028537632
tg260_mu12_g2048_ns60,260.0,12.0,2048.0,60,0.9,4.0,ok,1.2135363051118377e-05,1.2565548051042302e-06,1.2662987311696156e-05,0.5124594611908995,2.137058199998137,9.540879037733385
tg260_mu12_g2048_ns80,260.0,12.0,2048.0,80,0.9,4.0,ok,1.2158944759003718e-05,1.2568537407278955e-06,1.2662996179249102e-05,0.5124594781041876,2.7887574000014865,9.544316687481242
tg260_mu12_g2048_ns100,260.0,12.0,2048.0,100,0.9,4.0,ok,1.2173348974276968e-05,1.2570402047511248e-06,1.266300095078033e-05,0.5124594871437422,3.3223184999988007,9.546416794877082
tg180_mu12_g2560_ns60,180.0,12.0,2560.0,60,0.9,4.0,ok,1.244541806114794e-05,1.805448713153165e-06,1.2583608544176877e-05,0.5124610803386972,2.3725535000012314,9.637530801303344
tg180_mu12_g2560_ns80,180.0,12.0,2560.0,80,0.9,4.0,ok,1.2473030788584541e-05,1.8055512938426554e-06,1.2583538971444602e-05,0.5124610890821472,3.8047096000009333,9.64146329793267
tg180_mu12_g2560_ns100,180.0,12.0,2560.0,100,0.9,4.0,ok,1.2489950605318735e-05,1.8056165021789101e-06,1.258359741870411e-05,0.5124610965023814,3.677659799999674,9.643933838151796
tg220_mu12_g3072_ns60,220.0,12.0,3072.0,60,0.8,4.0,ok,3.010166846073301e-06,3.850068837883488e-06,1.4572987346104285e-05,0.5123525575665668,2.219559699999081,9.847315815803393
tg220_mu12_g2048_ns60,220.0,12.0,2048.0,60,0.9,4.0,ok,1.4341797361450113e-05,1.484188517408788e-06,1.2619873937005805e-05,0.512458813554073,2.384397400001035,9.872512881462752
tg220_mu12_g2048_ns80,220.0,12.0,2048.0,80,0.9,4.0,ok,1.4369667531175786e-05,1.4845224401251601e-06,1.2619937663382198e-05,0.51245883348347,2.830778800002008,9.876604015182577
tg220_mu12_g2048_ns100,220.0,12.0,2048.0,100,0.9,4.0,ok,1.4386691176703676e-05,1.4847307674525981e-06,1.2619975800457924e-05,0.5124588440705092,3.925308699999732,9.879103280524117
tg180_mu12_g2048_ns60,180.0,12.0,2048.0,60,0.9,4.0,ok,1.7528840834214882e-05,1.8127380746267289e-06,1.2598227781118412e-05,0.5124577894975689,2.1548197000010987,10.375790863024312
tg180_mu12_g2048_ns80,180.0,12.0,2048.0,80,0.9,4.0,ok,1.756290587980584e-05,1.8131144241119717e-06,1.2598389528428519e-05,0.512457813754012,2.7887973000033526,10.38083573972721
tg180_mu12_g2048_ns100,180.0,12.0,2048.0,100,0.9,4.0,ok,1.7583713391914906e-05,1.8133492530058872e-06,1.2598487096638486e-05,0.5124578265040137,3.493927999999869,10.383917399977832
tg180_mu12_g3072_ns60,180.0,12.0,3072.0,60,0.8,4.0,ok,3.6763734364138703e-06,4.705897303045188e-06,1.5643962770942853e-05,0.5123526508067116,2.3137274000000616,10.738818220057826
